run,iteration,best_fitness
0,0,103.541789
0,1,103.541789
0,2,103.541789
0,3,107.943224
0,4,107.943224
0,5,107.943224
0,6,107.943224
0,7,108.512183
0,8,124.161766
0,9,124.161766
0,10,124.161766
0,11,124.161766
0,12,124.161766
0,13,124.161766
0,14,124.161766
0,15,124.161766
0,16,124.161766
0,17,124.161766
0,18,124.161766
0,19,124.161766
0,20,124.161766
0,21,124.161766
0,22,124.161766
0,23,124.161766
0,24,124.161766
0,25,124.161766
0,26,124.161766
0,27,124.161766
0,28,124.161766
0,29,124.161766
0,30,124.161766
0,31,124.161766
0,32,124.161766
0,33,124.161766
0,34,124.161766
0,35,124.161766
0,36,124.161766
0,37,124.161766
0,38,124.161766
0,39,124.161766
0,40,124.161766
0,41,124.161766
0,42,124.161766
0,43,124.161766
0,44,124.161766
0,45,124.161766
0,46,124.161766
0,47,124.161766
0,48,124.161766
0,49,124.161766
0,50,124.161766
0,51,124.161766
0,52,124.161766
0,53,124.161766
0,54,124.161766
0,55,124.161766
0,56,124.161766
0,57,124.161766
0,58,124.161766
0,59,124.161766
0,60,124.161766
0,61,124.161766
0,62,124.161766
0,63,124.161766
0,64,124.161766
0,65,124.161766
0,66,124.161766
0,67,124.161766
0,68,124.161766
0,69,124.161766
0,70,124.161766
0,71,124.161766
0,72,124.161766
0,73,124.161766
0,74,124.161766
0,75,124.161766
0,76,124.161766
0,77,124.161766
0,78,124.161766
0,79,124.161766
0,80,124.161766
0,81,124.161766
0,82,124.161766
0,83,124.161766
0,84,124.161766
0,85,124.161766
0,86,124.161766
0,87,124.161766
0,88,124.161766
0,89,124.161766
0,90,124.161766
0,91,124.161766
0,92,135.361725
0,93,145.137584
0,94,145.137584
0,95,145.137584
0,96,145.137584
0,97,145.137584
0,98,149.796061
0,99,149.796061
0,100,155.987869
0,101,155.987869
0,102,158.730802
0,103,158.730802
0,104,158.730802
0,105,158.730802
0,106,158.730802
0,107,167.485845
0,108,173.726928
0,109,173.726928
0,110,186.519831
0,111,186.519831
0,112,186.519831
0,113,186.519831
0,114,186.519831
0,115,186.519831
0,116,186.519831
0,117,186.519831
0,118,186.519831
0,119,186.519831
0,120,186.519831
0,121,186.519831
0,122,186.519831
0,123,186.519831
0,124,186.519831
0,125,186.519831
0,126,186.519831
0,127,186.519831
0,128,186.519831
0,129,186.519831
0,130,186.519831
0,131,186.519831
0,132,186.519831
0,133,186.519831
0,134,186.519831
0,135,186.519831
0,136,186.519831
0,137,186.519831
0,138,186.519831
0,139,186.519831
0,140,202.170337
0,141,202.170337
0,142,202.170337
0,143,218.524231
0,144,218.524231
0,145,219.426354
0,146,219.426354
0,147,219.426354
0,148,219.426354
0,149,219.426354
0,150,219.426354
0,151,219.426354
0,152,228.596611
0,153,235.785535
0,154,257.252312
0,155,273.541037
0,156,273.541037
0,157,283.744576
0,158,283.744576
0,159,283.744576
0,160,284.930264
0,161,284.930264
0,162,300.667209
0,163,300.667209
0,164,310.063943
0,165,310.063943
0,166,310.063943
0,167,310.063943
0,168,310.063943
0,169,310.063943
0,170,310.063943
0,171,310.063943
0,172,310.063943
0,173,310.063943
0,174,310.063943
0,175,310.063943
0,176,310.063943
0,177,310.063943
0,178,310.063943
0,179,310.063943
0,180,310.063943
0,181,310.063943
0,182,310.063943
0,183,310.063943
0,184,310.063943
0,185,310.063943
0,186,310.063943
0,187,310.063943
0,188,310.063943
0,189,310.063943
0,190,310.063943
0,191,310.063943
0,192,310.063943
0,193,310.063943
0,194,310.063943
0,195,310.063943
0,196,310.063943
0,197,310.063943
0,198,310.063943
0,199,310.063943
0,200,310.063943
0,201,310.063943
0,202,310.063943
0,203,342.463578
0,204,342.463578
0,205,342.463578
0,206,342.463578
0,207,342.463578
0,208,342.463578
0,209,342.463578
0,210,342.463578
0,211,342.463578
0,212,342.463578
0,213,342.463578
0,214,342.463578
0,215,342.463578
0,216,342.463578
0,217,342.463578
0,218,342.463578
0,219,342.463578
0,220,342.463578
0,221,342.463578
0,222,342.463578
0,223,342.463578
0,224,342.463578
0,225,342.463578
0,226,342.463578
0,227,342.463578
0,228,342.463578
0,229,342.463578
0,230,342.463578
0,231,342.463578
0,232,359.584382
0,233,359.584382
0,234,359.584382
0,235,359.584382
0,236,359.584382
0,237,359.584382
0,238,359.584382
0,239,359.584382
0,240,359.584382
0,241,360.345207
0,242,360.345207
0,243,360.345207
0,244,385.343139
0,245,385.343139
0,246,391.548295
0,247,391.548295
0,248,391.548295
0,249,391.548295
0,250,391.548295
0,251,391.548295
0,252,391.548295
0,253,391.548295
0,254,391.548295
0,255,391.548295
0,256,391.548295
0,257,391.548295
0,258,391.548295
0,259,391.548295
0,260,391.884059
0,261,391.884059
0,262,391.884059
0,263,391.884059
0,264,391.884059
0,265,391.884059
0,266,391.884059
0,267,391.884059
0,268,391.884059
0,269,391.884059
0,270,391.884059
0,271,391.884059
0,272,391.884059
0,273,391.884059
0,274,391.884059
0,275,391.884059
0,276,391.884059
0,277,399.725493
0,278,399.725493
0,279,399.725493
0,280,407.280495
0,281,407.280495
0,282,407.280495
0,283,407.280495
0,284,407.280495
0,285,428.892812
0,286,428.892812
0,287,428.892812
0,288,428.892812
0,289,428.892812
0,290,428.892812
0,291,428.892812
0,292,442.427418
0,293,442.427418
0,294,442.427418
0,295,442.427418
0,296,442.427418
0,297,442.427418
0,298,442.427418
0,299,442.427418
0,300,442.427418
0,301,442.427418
0,302,442.427418
0,303,442.427418
0,304,442.427418
0,305,442.427418
0,306,442.427418
0,307,442.427418
0,308,442.427418
0,309,442.427418
0,310,442.427418
0,311,442.427418
0,312,442.427418
0,313,442.427418
0,314,442.427418
0,315,442.427418
0,316,442.427418
0,317,442.427418
0,318,442.427418
0,319,442.427418
0,320,442.427418
0,321,442.427418
0,322,442.427418
0,323,442.427418
0,324,463.261231
0,325,463.261231
0,326,463.261231
0,327,463.261231
0,328,463.261231
0,329,463.261231
0,330,463.261231
0,331,463.261231
0,332,463.261231
0,333,463.261231
0,334,463.261231
0,335,463.261231
0,336,463.261231
0,337,463.261231
0,338,463.261231
0,339,463.261231
0,340,463.261231
0,341,463.261231
0,342,463.261231
0,343,463.261231
0,344,463.261231
0,345,463.261231
0,346,463.261231
0,347,463.261231
0,348,463.261231
0,349,463.261231
0,350,463.261231
0,351,463.261231
0,352,463.261231
0,353,463.261231
0,354,463.261231
0,355,463.261231
0,356,463.261231
0,357,463.261231
0,358,463.261231
0,359,463.261231
0,360,463.261231
0,361,463.261231
0,362,463.261231
0,363,463.261231
0,364,463.261231
0,365,463.261231
0,366,463.261231
0,367,463.261231
0,368,463.261231
0,369,463.261231
0,370,463.261231
0,371,463.261231
0,372,463.261231
0,373,463.261231
0,374,463.261231
0,375,463.261231
0,376,463.261231
0,377,463.261231
0,378,463.261231
0,379,463.261231
0,380,463.261231
0,381,463.261231
0,382,463.261231
0,383,478.121691
0,384,478.121691
0,385,478.121691
0,386,478.121691
0,387,478.121691
0,388,478.121691
0,389,478.121691
0,390,478.121691
0,391,478.121691
0,392,478.121691
0,393,478.121691
0,394,478.121691
0,395,478.121691
0,396,478.121691
0,397,478.121691
0,398,478.121691
0,399,478.121691
0,400,478.121691
0,401,478.121691
0,402,478.121691
0,403,478.121691
0,404,478.121691
0,405,478.121691
0,406,478.121691
0,407,478.121691
0,408,478.121691
0,409,478.121691
0,410,478.121691
0,411,478.121691
0,412,480.758302
0,413,480.758302
0,414,480.758302
0,415,480.758302
0,416,480.758302
0,417,480.758302
0,418,480.758302
0,419,480.758302
0,420,480.758302
0,421,480.758302
0,422,480.758302
0,423,480.758302
0,424,480.758302
0,425,480.758302
0,426,480.758302
0,427,480.758302
0,428,485.146254
0,429,485.146254
0,430,485.146254
0,431,485.146254
0,432,485.146254
0,433,485.146254
0,434,485.146254
0,435,485.146254
0,436,485.146254
0,437,485.146254
0,438,485.146254
0,439,485.146254
0,440,485.146254
0,441,485.146254
0,442,485.146254
0,443,485.146254
0,444,485.146254
0,445,485.146254
0,446,485.146254
0,447,485.146254
0,448,485.146254
0,449,485.146254
0,450,485.146254
0,451,485.146254
0,452,485.146254
0,453,485.146254
0,454,485.146254
0,455,485.146254
0,456,485.146254
0,457,485.146254
0,458,485.146254
0,459,485.146254
0,460,485.146254
0,461,485.146254
0,462,485.146254
0,463,485.146254
0,464,485.146254
0,465,485.146254
0,466,485.146254
0,467,485.146254
0,468,485.146254
0,469,485.146254
0,470,485.146254
0,471,485.146254
0,472,485.146254
0,473,485.146254
0,474,485.146254
0,475,485.146254
0,476,485.146254
0,477,485.146254
0,478,485.146254
0,479,485.146254
0,480,485.146254
0,481,485.146254
0,482,485.146254
0,483,485.146254
0,484,485.146254
0,485,485.146254
0,486,485.146254
0,487,485.146254
0,488,485.146254
0,489,485.146254
0,490,485.146254
0,491,485.146254
0,492,485.146254
0,493,485.146254
0,494,485.146254
0,495,485.146254
0,496,485.146254
0,497,485.146254
0,498,485.146254
0,499,485.146254
0,500,485.146254
0,501,485.146254
0,502,485.146254
0,503,485.146254
0,504,485.146254
0,505,485.146254
0,506,485.146254
0,507,485.146254
0,508,485.146254
0,509,485.146254
0,510,485.146254
0,511,485.146254
0,512,485.146254
0,513,485.146254
0,514,485.146254
0,515,485.146254
0,516,485.146254
0,517,485.146254
0,518,485.146254
0,519,485.146254
0,520,485.146254
0,521,485.146254
0,522,485.146254
0,523,485.146254
0,524,485.146254
0,525,485.146254
0,526,485.146254
0,527,485.146254
0,528,485.146254
0,529,485.146254
0,530,485.146254
0,531,485.146254
0,532,485.146254
0,533,485.146254
0,534,491.500273
0,535,491.500273
0,536,491.500273
0,537,491.500273
0,538,491.500273
0,539,491.500273
0,540,491.500273
0,541,491.500273
0,542,491.500273
0,543,491.500273
0,544,491.500273
0,545,491.500273
0,546,491.500273
0,547,491.500273
0,548,491.500273
0,549,491.500273
0,550,491.500273
0,551,491.500273
0,552,491.500273
0,553,491.500273
0,554,491.500273
0,555,491.500273
0,556,491.500273
0,557,491.500273
0,558,491.500273
0,559,491.500273
0,560,491.500273
0,561,491.500273
0,562,491.500273
0,563,491.500273
0,564,491.500273
0,565,491.500273
0,566,491.500273
0,567,491.500273
0,568,491.500273
0,569,491.500273
0,570,491.500273
0,571,491.500273
0,572,491.500273
0,573,491.500273
0,574,491.500273
0,575,491.500273
0,576,491.500273
0,577,491.500273
0,578,491.500273
0,579,491.500273
0,580,491.500273
0,581,491.500273
0,582,491.500273
0,583,491.500273
0,584,491.500273
0,585,491.500273
0,586,491.500273
0,587,491.500273
0,588,491.500273
0,589,491.500273
0,590,491.500273
0,591,491.500273
0,592,491.500273
0,593,491.500273
0,594,491.500273
0,595,491.500273
0,596,491.500273
0,597,491.500273
0,598,491.500273
0,599,491.500273
0,600,491.500273
0,601,491.500273
0,602,491.500273
0,603,491.500273
0,604,491.500273
0,605,491.500273
0,606,491.500273
0,607,491.500273
0,608,491.500273
0,609,491.500273
0,610,491.500273
0,611,491.500273
0,612,491.500273
0,613,491.500273
0,614,491.500273
0,615,491.500273
0,616,491.500273
0,617,491.500273
0,618,491.500273
0,619,491.500273
0,620,491.500273
0,621,491.500273
0,622,491.500273
0,623,491.500273
0,624,491.500273
0,625,491.500273
0,626,491.500273
0,627,491.500273
0,628,491.500273
0,629,491.500273
0,630,491.500273
0,631,491.500273
0,632,491.500273
0,633,491.500273
0,634,491.500273
0,635,491.500273
0,636,491.500273
0,637,491.500273
0,638,491.500273
0,639,491.500273
0,640,491.500273
0,641,491.500273
0,642,491.500273
0,643,491.500273
0,644,491.500273
0,645,491.500273
0,646,491.500273
0,647,491.500273
0,648,491.500273
0,649,491.500273
0,650,491.500273
0,651,491.500273
0,652,491.500273
0,653,491.500273
0,654,491.500273
0,655,491.500273
0,656,491.500273
0,657,491.500273
0,658,491.500273
0,659,491.500273
0,660,491.500273
0,661,491.500273
0,662,491.500273
0,663,491.500273
0,664,491.500273
0,665,491.500273
0,666,491.500273
0,667,491.500273
0,668,491.500273
0,669,491.500273
0,670,491.500273
0,671,491.500273
0,672,491.500273
0,673,491.500273
0,674,491.500273
0,675,491.500273
0,676,491.500273
0,677,491.500273
0,678,491.500273
0,679,491.500273
0,680,491.500273
0,681,491.500273
0,682,491.500273
0,683,491.500273
0,684,491.500273
0,685,491.500273
0,686,491.500273
0,687,491.500273
0,688,491.500273
0,689,491.500273
0,690,491.500273
0,691,491.500273
0,692,491.500273
0,693,491.500273
0,694,491.500273
0,695,491.500273
0,696,491.500273
0,697,491.500273
0,698,491.500273
0,699,491.500273
0,700,491.500273
0,701,491.500273
0,702,491.500273
0,703,491.500273
0,704,491.500273
0,705,491.500273
0,706,491.500273
0,707,491.500273
0,708,491.500273
0,709,491.500273
0,710,491.500273
0,711,491.500273
0,712,491.500273
0,713,491.500273
0,714,491.500273
0,715,491.500273
0,716,491.500273
0,717,491.500273
0,718,491.500273
0,719,491.500273
0,720,491.500273
0,721,491.500273
0,722,491.500273
0,723,491.500273
0,724,491.500273
0,725,491.500273
0,726,491.500273
0,727,491.500273
0,728,491.500273
0,729,491.500273
0,730,491.500273
0,731,491.500273
0,732,491.500273
0,733,491.500273
0,734,491.500273
0,735,491.500273
0,736,491.500273
0,737,491.500273
0,738,491.500273
0,739,491.500273
0,740,491.500273
0,741,491.500273
0,742,491.500273
0,743,491.500273
0,744,491.500273
0,745,491.500273
0,746,491.500273
0,747,491.500273
0,748,491.500273
0,749,491.500273
0,750,491.500273
0,751,491.500273
0,752,491.500273
0,753,491.500273
0,754,491.500273
0,755,491.500273
0,756,491.500273
0,757,491.500273
0,758,491.500273
0,759,491.500273
0,760,491.500273
0,761,491.500273
0,762,491.500273
0,763,491.500273
0,764,491.500273
0,765,491.500273
0,766,491.500273
0,767,491.500273
0,768,491.500273
0,769,491.500273
0,770,491.500273
0,771,491.500273
0,772,491.500273
0,773,491.500273
0,774,491.500273
0,775,491.500273
0,776,491.500273
0,777,491.500273
0,778,491.500273
0,779,491.500273
0,780,491.500273
0,781,491.500273
0,782,491.500273
0,783,491.500273
0,784,491.500273
0,785,491.500273
0,786,491.500273
0,787,491.500273
0,788,491.500273
0,789,491.500273
0,790,491.500273
0,791,491.500273
0,792,491.500273
0,793,491.500273
0,794,491.500273
0,795,491.500273
0,796,491.500273
0,797,491.500273
0,798,491.500273
0,799,491.500273
0,800,491.500273
0,801,491.500273
0,802,491.500273
0,803,491.500273
0,804,491.500273
0,805,491.500273
0,806,491.500273
0,807,491.500273
0,808,491.500273
0,809,491.500273
0,810,491.500273
0,811,491.500273
0,812,491.500273
0,813,491.500273
0,814,491.500273
0,815,491.500273
0,816,491.500273
0,817,491.500273
0,818,491.500273
0,819,491.500273
0,820,491.500273
0,821,491.500273
0,822,491.500273
0,823,491.500273
0,824,491.500273
0,825,491.500273
0,826,491.500273
0,827,491.500273
0,828,491.500273
0,829,491.500273
0,830,491.500273
0,831,491.500273
0,832,491.500273
0,833,491.500273
0,834,491.500273
0,835,491.500273
0,836,491.500273
0,837,491.500273
0,838,491.500273
0,839,491.500273
0,840,491.500273
0,841,491.500273
0,842,491.500273
0,843,491.500273
0,844,491.500273
0,845,491.500273
0,846,491.500273
0,847,491.500273
0,848,491.500273
0,849,491.500273
0,850,491.500273
0,851,491.500273
0,852,491.500273
0,853,491.500273
0,854,491.500273
0,855,491.500273
0,856,491.500273
0,857,491.500273
0,858,491.500273
0,859,491.500273
0,860,491.500273
0,861,491.500273
0,862,491.500273
0,863,491.500273
0,864,491.500273
0,865,491.500273
0,866,491.500273
0,867,491.500273
0,868,491.500273
0,869,491.500273
0,870,491.500273
0,871,491.500273
0,872,491.500273
0,873,491.500273
0,874,491.500273
0,875,491.500273
0,876,491.500273
0,877,491.500273
0,878,491.500273
0,879,491.500273
0,880,491.500273
0,881,491.500273
0,882,491.500273
0,883,491.500273
0,884,491.500273
0,885,491.500273
0,886,491.500273
0,887,491.500273
0,888,491.500273
0,889,491.500273
0,890,491.500273
0,891,491.500273
0,892,491.500273
0,893,491.500273
0,894,491.500273
0,895,491.500273
0,896,491.500273
0,897,491.500273
0,898,491.500273
0,899,491.500273
0,900,491.500273
0,901,491.500273
0,902,491.500273
0,903,491.500273
0,904,491.500273
0,905,491.500273
0,906,491.500273
0,907,491.500273
0,908,491.500273
0,909,491.500273
0,910,491.500273
0,911,491.500273
0,912,491.500273
0,913,491.500273
0,914,491.500273
0,915,491.500273
0,916,491.500273
0,917,491.500273
0,918,491.500273
0,919,491.500273
0,920,491.500273
0,921,491.500273
0,922,491.500273
0,923,491.500273
0,924,491.500273
0,925,491.500273
0,926,491.500273
0,927,491.500273
0,928,491.500273
0,929,491.500273
0,930,491.500273
0,931,491.500273
0,932,491.500273
0,933,491.500273
0,934,491.500273
0,935,491.500273
0,936,491.500273
0,937,491.500273
0,938,491.500273
0,939,491.500273
0,940,491.500273
0,941,491.500273
0,942,491.500273
0,943,491.500273
0,944,491.500273
0,945,491.500273
0,946,491.500273
0,947,491.500273
0,948,491.500273
0,949,491.500273
0,950,491.500273
0,951,491.500273
0,952,491.500273
0,953,491.500273
0,954,491.500273
0,955,491.500273
0,956,491.500273
0,957,491.500273
0,958,491.500273
0,959,491.500273
0,960,491.500273
0,961,491.500273
0,962,491.500273
0,963,491.500273
0,964,491.500273
0,965,491.500273
0,966,491.500273
0,967,491.500273
0,968,491.500273
0,969,491.500273
0,970,491.500273
0,971,491.500273
0,972,491.500273
0,973,491.500273
0,974,491.500273
0,975,491.500273
0,976,491.500273
0,977,491.500273
0,978,491.500273
0,979,491.500273
0,980,491.500273
0,981,491.500273
0,982,491.500273
0,983,491.500273
0,984,491.500273
0,985,491.500273
0,986,491.500273
0,987,491.500273
0,988,491.500273
0,989,491.500273
0,990,491.500273
0,991,491.500273
0,992,491.500273
0,993,491.500273
0,994,491.500273
0,995,491.500273
0,996,491.500273
0,997,491.500273
0,998,491.500273
0,999,491.500273
1,0,124.919779
1,1,124.919779
1,2,124.919779
1,3,126.756276
1,4,126.756276
1,5,126.756276
1,6,126.756276
1,7,126.756276
1,8,126.756276
1,9,126.756276
1,10,126.756276
1,11,126.756276
1,12,126.756276
1,13,126.756276
1,14,126.756276
1,15,126.756276
1,16,126.756276
1,17,126.756276
1,18,126.756276
1,19,126.756276
1,20,126.756276
1,21,126.756276
1,22,126.756276
1,23,126.756276
1,24,126.756276
1,25,126.756276
1,26,126.756276
1,27,126.756276
1,28,126.756276
1,29,126.756276
1,30,126.756276
1,31,126.756276
1,32,126.756276
1,33,126.756276
1,34,126.756276
1,35,126.756276
1,36,126.756276
1,37,126.756276
1,38,126.756276
1,39,126.756276
1,40,126.756276
1,41,126.756276
1,42,126.756276
1,43,126.756276
1,44,126.756276
1,45,126.756276
1,46,126.756276
1,47,126.756276
1,48,126.756276
1,49,126.756276
1,50,126.756276
1,51,140.393681
1,52,140.393681
1,53,140.393681
1,54,140.393681
1,55,143.167425
1,56,143.167425
1,57,143.167425
1,58,143.167425
1,59,145.693301
1,60,145.693301
1,61,145.693301
1,62,145.693301
1,63,145.693301
1,64,145.693301
1,65,158.780159
1,66,158.780159
1,67,158.780159
1,68,158.780159
1,69,158.780159
1,70,183.025117
1,71,183.025117
1,72,183.025117
1,73,183.025117
1,74,183.073116
1,75,183.073116
1,76,189.705452
1,77,205.197690
1,78,232.727131
1,79,232.727131
1,80,232.727131
1,81,232.727131
1,82,232.727131
1,83,232.727131
1,84,232.727131
1,85,243.604279
1,86,243.604279
1,87,243.604279
1,88,243.604279
1,89,243.604279
1,90,243.604279
1,91,243.604279
1,92,243.604279
1,93,243.604279
1,94,243.604279
1,95,252.575710
1,96,252.575710
1,97,252.575710
1,98,252.575710
1,99,252.575710
1,100,252.575710
1,101,252.575710
1,102,252.575710
1,103,252.575710
1,104,252.575710
1,105,252.575710
1,106,308.934224
1,107,308.934224
1,108,308.934224
1,109,308.934224
1,110,308.934224
1,111,308.934224
1,112,308.934224
1,113,308.934224
1,114,308.934224
1,115,308.934224
1,116,308.934224
1,117,308.934224
1,118,308.934224
1,119,308.934224
1,120,308.934224
1,121,308.934224
1,122,308.934224
1,123,308.934224
1,124,308.934224
1,125,308.934224
1,126,308.934224
1,127,308.934224
1,128,308.934224
1,129,308.934224
1,130,308.934224
1,131,308.934224
1,132,308.934224
1,133,308.934224
1,134,308.934224
1,135,308.934224
1,136,308.934224
1,137,308.934224
1,138,308.934224
1,139,308.934224
1,140,308.934224
1,141,308.934224
1,142,308.934224
1,143,308.934224
1,144,308.934224
1,145,308.934224
1,146,308.934224
1,147,308.934224
1,148,308.934224
1,149,308.934224
1,150,308.934224
1,151,308.934224
1,152,308.934224
1,153,308.934224
1,154,308.934224
1,155,308.934224
1,156,308.934224
1,157,312.033932
1,158,312.033932
1,159,312.033932
1,160,312.033932
1,161,312.033932
1,162,312.033932
1,163,323.596059
1,164,323.596059
1,165,323.596059
1,166,323.596059
1,167,323.596059
1,168,323.596059
1,169,323.596059
1,170,323.596059
1,171,323.596059
1,172,323.596059
1,173,323.596059
1,174,323.596059
1,175,323.596059
1,176,323.596059
1,177,323.596059
1,178,323.596059
1,179,323.596059
1,180,323.596059
1,181,323.596059
1,182,323.596059
1,183,323.596059
1,184,323.596059
1,185,323.596059
1,186,323.596059
1,187,323.596059
1,188,323.596059
1,189,323.596059
1,190,323.596059
1,191,323.596059
1,192,323.596059
1,193,323.596059
1,194,323.596059
1,195,323.596059
1,196,323.596059
1,197,323.596059
1,198,323.596059
1,199,323.596059
1,200,323.596059
1,201,323.596059
1,202,324.774702
1,203,324.774702
1,204,324.774702
1,205,324.774702
1,206,324.774702
1,207,324.774702
1,208,324.774702
1,209,324.774702
1,210,324.774702
1,211,324.774702
1,212,324.774702
1,213,328.269784
1,214,328.269784
1,215,342.993754
1,216,373.455039
1,217,373.455039
1,218,373.455039
1,219,373.455039
1,220,373.455039
1,221,373.455039
1,222,373.455039
1,223,373.455039
1,224,373.455039
1,225,373.455039
1,226,373.455039
1,227,373.455039
1,228,373.455039
1,229,373.455039
1,230,373.455039
1,231,373.455039
1,232,373.455039
1,233,373.455039
1,234,373.455039
1,235,373.455039
1,236,373.455039
1,237,373.455039
1,238,373.455039
1,239,373.455039
1,240,373.455039
1,241,373.455039
1,242,373.455039
1,243,373.455039
1,244,373.455039
1,245,373.455039
1,246,373.455039
1,247,373.455039
1,248,373.455039
1,249,373.455039
1,250,373.455039
1,251,373.455039
1,252,374.240149
1,253,374.240149
1,254,391.262462
1,255,391.262462
1,256,391.262462
1,257,391.262462
1,258,391.262462
1,259,391.262462
1,260,391.262462
1,261,391.262462
1,262,391.262462
1,263,391.262462
1,264,391.262462
1,265,391.262462
1,266,391.262462
1,267,391.262462
1,268,391.262462
1,269,391.262462
1,270,391.262462
1,271,391.262462
1,272,391.262462
1,273,391.262462
1,274,391.262462
1,275,391.262462
1,276,391.262462
1,277,391.262462
1,278,391.262462
1,279,391.262462
1,280,391.262462
1,281,391.262462
1,282,391.262462
1,283,391.262462
1,284,391.262462
1,285,391.262462
1,286,391.262462
1,287,391.262462
1,288,391.262462
1,289,402.095189
1,290,402.095189
1,291,402.095189
1,292,402.095189
1,293,402.095189
1,294,402.095189
1,295,402.095189
1,296,402.095189
1,297,423.339151
1,298,423.339151
1,299,423.339151
1,300,423.339151
1,301,423.339151
1,302,423.339151
1,303,423.339151
1,304,423.339151
1,305,423.339151
1,306,423.339151
1,307,423.339151
1,308,423.339151
1,309,423.339151
1,310,423.339151
1,311,423.339151
1,312,423.339151
1,313,426.795845
1,314,426.795845
1,315,426.795845
1,316,426.795845
1,317,426.795845
1,318,426.795845
1,319,426.795845
1,320,426.795845
1,321,426.795845
1,322,426.795845
1,323,426.795845
1,324,426.795845
1,325,426.795845
1,326,426.795845
1,327,426.795845
1,328,426.795845
1,329,426.795845
1,330,426.795845
1,331,426.795845
1,332,426.795845
1,333,426.795845
1,334,426.795845
1,335,426.795845
1,336,426.795845
1,337,426.795845
1,338,426.795845
1,339,426.795845
1,340,426.795845
1,341,426.795845
1,342,426.795845
1,343,426.795845
1,344,426.795845
1,345,426.795845
1,346,426.795845
1,347,426.795845
1,348,426.795845
1,349,426.795845
1,350,426.795845
1,351,426.795845
1,352,426.795845
1,353,426.795845
1,354,428.030714
1,355,428.030714
1,356,428.030714
1,357,428.030714
1,358,428.030714
1,359,428.030714
1,360,428.030714
1,361,428.030714
1,362,428.030714
1,363,428.030714
1,364,428.030714
1,365,428.030714
1,366,428.030714
1,367,428.030714
1,368,428.030714
1,369,428.030714
1,370,428.030714
1,371,428.030714
1,372,428.030714
1,373,428.030714
1,374,428.030714
1,375,428.030714
1,376,428.030714
1,377,447.935483
1,378,447.935483
1,379,447.935483
1,380,447.935483
1,381,447.935483
1,382,447.935483
1,383,447.935483
1,384,447.935483
1,385,447.935483
1,386,447.935483
1,387,447.935483
1,388,447.935483
1,389,447.935483
1,390,447.935483
1,391,447.935483
1,392,447.935483
1,393,447.935483
1,394,447.935483
1,395,447.935483
1,396,447.935483
1,397,447.935483
1,398,447.935483
1,399,447.935483
1,400,447.935483
1,401,447.935483
1,402,447.935483
1,403,447.935483
1,404,447.935483
1,405,447.935483
1,406,447.935483
1,407,447.935483
1,408,447.935483
1,409,447.935483
1,410,447.935483
1,411,447.935483
1,412,447.935483
1,413,447.935483
1,414,447.935483
1,415,447.935483
1,416,447.935483
1,417,447.935483
1,418,447.935483
1,419,447.935483
1,420,447.935483
1,421,447.935483
1,422,447.935483
1,423,447.935483
1,424,447.935483
1,425,447.935483
1,426,447.935483
1,427,447.935483
1,428,447.935483
1,429,447.935483
1,430,447.935483
1,431,447.935483
1,432,447.935483
1,433,447.935483
1,434,447.935483
1,435,447.935483
1,436,447.935483
1,437,447.935483
1,438,447.935483
1,439,447.935483
1,440,447.935483
1,441,447.935483
1,442,447.935483
1,443,447.935483
1,444,447.935483
1,445,447.935483
1,446,447.935483
1,447,447.935483
1,448,447.935483
1,449,447.935483
1,450,447.935483
1,451,447.935483
1,452,447.935483
1,453,447.935483
1,454,447.935483
1,455,447.935483
1,456,447.935483
1,457,447.935483
1,458,447.935483
1,459,447.935483
1,460,447.935483
1,461,447.935483
1,462,447.935483
1,463,447.935483
1,464,447.935483
1,465,447.935483
1,466,447.935483
1,467,447.935483
1,468,447.935483
1,469,447.935483
1,470,447.935483
1,471,447.935483
1,472,447.935483
1,473,447.935483
1,474,447.935483
1,475,447.935483
1,476,447.935483
1,477,447.935483
1,478,447.935483
1,479,447.935483
1,480,447.935483
1,481,447.935483
1,482,447.935483
1,483,447.935483
1,484,447.935483
1,485,447.935483
1,486,447.935483
1,487,447.935483
1,488,447.935483
1,489,447.935483
1,490,447.935483
1,491,447.935483
1,492,447.935483
1,493,447.935483
1,494,447.935483
1,495,447.935483
1,496,447.935483
1,497,447.935483
1,498,447.935483
1,499,447.935483
1,500,447.935483
1,501,447.935483
1,502,447.935483
1,503,447.935483
1,504,447.935483
1,505,447.935483
1,506,447.935483
1,507,447.935483
1,508,447.935483
1,509,447.935483
1,510,447.935483
1,511,447.935483
1,512,447.935483
1,513,447.935483
1,514,447.935483
1,515,447.935483
1,516,447.935483
1,517,447.935483
1,518,447.935483
1,519,447.935483
1,520,447.935483
1,521,447.935483
1,522,447.935483
1,523,447.935483
1,524,447.935483
1,525,447.935483
1,526,447.935483
1,527,447.935483
1,528,447.935483
1,529,447.935483
1,530,447.935483
1,531,447.935483
1,532,447.935483
1,533,447.935483
1,534,447.935483
1,535,447.935483
1,536,447.935483
1,537,447.935483
1,538,447.935483
1,539,447.935483
1,540,447.935483
1,541,447.935483
1,542,447.935483
1,543,447.935483
1,544,447.935483
1,545,447.935483
1,546,447.935483
1,547,447.935483
1,548,447.935483
1,549,447.935483
1,550,447.935483
1,551,447.935483
1,552,447.935483
1,553,447.935483
1,554,447.935483
1,555,447.935483
1,556,447.935483
1,557,447.935483
1,558,447.935483
1,559,447.935483
1,560,447.935483
1,561,447.935483
1,562,447.935483
1,563,447.935483
1,564,447.935483
1,565,447.935483
1,566,447.935483
1,567,447.935483
1,568,447.935483
1,569,447.935483
1,570,447.935483
1,571,447.935483
1,572,447.935483
1,573,447.935483
1,574,447.935483
1,575,447.935483
1,576,447.935483
1,577,447.935483
1,578,447.935483
1,579,447.935483
1,580,447.935483
1,581,447.935483
1,582,447.935483
1,583,447.935483
1,584,447.935483
1,585,447.935483
1,586,447.935483
1,587,447.935483
1,588,447.935483
1,589,447.935483
1,590,447.935483
1,591,447.935483
1,592,447.935483
1,593,447.935483
1,594,447.935483
1,595,447.935483
1,596,447.935483
1,597,447.935483
1,598,447.935483
1,599,447.935483
1,600,447.935483
1,601,447.935483
1,602,447.935483
1,603,447.935483
1,604,447.935483
1,605,447.935483
1,606,447.935483
1,607,447.935483
1,608,447.935483
1,609,447.935483
1,610,447.935483
1,611,447.935483
1,612,447.935483
1,613,447.935483
1,614,447.935483
1,615,447.935483
1,616,447.935483
1,617,447.935483
1,618,447.935483
1,619,447.935483
1,620,447.935483
1,621,447.935483
1,622,447.935483
1,623,447.935483
1,624,447.935483
1,625,447.935483
1,626,447.935483
1,627,447.935483
1,628,447.935483
1,629,447.935483
1,630,447.935483
1,631,447.935483
1,632,447.935483
1,633,447.935483
1,634,447.935483
1,635,447.935483
1,636,447.935483
1,637,447.935483
1,638,447.935483
1,639,447.935483
1,640,447.935483
1,641,447.935483
1,642,447.935483
1,643,447.935483
1,644,447.935483
1,645,447.935483
1,646,447.935483
1,647,447.935483
1,648,447.935483
1,649,447.935483
1,650,447.935483
1,651,447.935483
1,652,447.935483
1,653,447.935483
1,654,447.935483
1,655,447.935483
1,656,447.935483
1,657,447.935483
1,658,447.935483
1,659,447.935483
1,660,447.935483
1,661,447.935483
1,662,447.935483
1,663,447.935483
1,664,447.935483
1,665,447.935483
1,666,447.935483
1,667,447.935483
1,668,447.935483
1,669,447.935483
1,670,447.935483
1,671,447.935483
1,672,447.935483
1,673,447.935483
1,674,447.935483
1,675,447.935483
1,676,447.935483
1,677,447.935483
1,678,447.935483
1,679,447.935483
1,680,447.935483
1,681,447.935483
1,682,447.935483
1,683,447.935483
1,684,447.935483
1,685,447.935483
1,686,447.935483
1,687,447.935483
1,688,447.935483
1,689,447.935483
1,690,447.935483
1,691,447.935483
1,692,447.935483
1,693,447.935483
1,694,447.935483
1,695,447.935483
1,696,447.935483
1,697,447.935483
1,698,447.935483
1,699,447.935483
1,700,447.935483
1,701,447.935483
1,702,447.935483
1,703,447.935483
1,704,447.935483
1,705,447.935483
1,706,452.898255
1,707,452.898255
1,708,475.759513
1,709,475.759513
1,710,475.759513
1,711,475.759513
1,712,475.759513
1,713,475.759513
1,714,475.759513
1,715,475.759513
1,716,475.759513
1,717,475.759513
1,718,475.759513
1,719,475.759513
1,720,475.759513
1,721,475.759513
1,722,475.759513
1,723,475.759513
1,724,475.759513
1,725,475.759513
1,726,475.759513
1,727,475.759513
1,728,475.759513
1,729,475.759513
1,730,475.759513
1,731,475.759513
1,732,475.759513
1,733,475.759513
1,734,477.632622
1,735,477.632622
1,736,477.632622
1,737,477.632622
1,738,477.632622
1,739,477.632622
1,740,477.632622
1,741,477.632622
1,742,477.632622
1,743,477.632622
1,744,477.632622
1,745,477.632622
1,746,477.632622
1,747,477.632622
1,748,477.632622
1,749,477.632622
1,750,477.632622
1,751,477.632622
1,752,477.632622
1,753,486.808404
1,754,486.808404
1,755,486.808404
1,756,486.808404
1,757,486.808404
1,758,486.808404
1,759,486.808404
1,760,486.808404
1,761,486.808404
1,762,486.808404
1,763,486.808404
1,764,486.808404
1,765,486.808404
1,766,486.808404
1,767,486.808404
1,768,486.808404
1,769,501.474545
1,770,501.474545
1,771,514.283773
1,772,514.283773
1,773,514.283773
1,774,514.283773
1,775,514.283773
1,776,514.283773
1,777,514.283773
1,778,514.283773
1,779,514.283773
1,780,514.283773
1,781,514.283773
1,782,514.283773
1,783,514.283773
1,784,514.283773
1,785,514.283773
1,786,514.283773
1,787,514.283773
1,788,514.283773
1,789,514.283773
1,790,514.283773
1,791,514.283773
1,792,514.283773
1,793,514.283773
1,794,514.283773
1,795,514.283773
1,796,535.554867
1,797,535.554867
1,798,535.554867
1,799,535.554867
1,800,535.554867
1,801,535.554867
1,802,535.554867
1,803,535.554867
1,804,535.554867
1,805,535.554867
1,806,535.554867
1,807,535.554867
1,808,535.554867
1,809,535.554867
1,810,535.554867
1,811,535.554867
1,812,535.554867
1,813,535.554867
1,814,535.554867
1,815,535.554867
1,816,535.554867
1,817,535.554867
1,818,535.554867
1,819,535.554867
1,820,535.554867
1,821,535.554867
1,822,535.554867
1,823,535.554867
1,824,535.554867
1,825,535.554867
1,826,535.554867
1,827,535.554867
1,828,535.554867
1,829,535.554867
1,830,535.554867
1,831,535.554867
1,832,535.554867
1,833,535.554867
1,834,535.554867
1,835,535.554867
1,836,535.554867
1,837,535.554867
1,838,535.554867
1,839,535.554867
1,840,535.554867
1,841,535.554867
1,842,535.554867
1,843,535.554867
1,844,535.554867
1,845,535.554867
1,846,535.554867
1,847,535.554867
1,848,535.554867
1,849,535.554867
1,850,535.554867
1,851,535.554867
1,852,535.554867
1,853,535.554867
1,854,535.554867
1,855,535.554867
1,856,535.554867
1,857,535.554867
1,858,535.554867
1,859,535.554867
1,860,535.554867
1,861,535.554867
1,862,535.554867
1,863,535.554867
1,864,535.554867
1,865,535.554867
1,866,535.554867
1,867,535.554867
1,868,535.554867
1,869,535.554867
1,870,535.554867
1,871,535.554867
1,872,535.554867
1,873,535.554867
1,874,535.554867
1,875,535.554867
1,876,535.554867
1,877,535.554867
1,878,535.554867
1,879,535.554867
1,880,535.554867
1,881,535.554867
1,882,535.554867
1,883,535.554867
1,884,535.554867
1,885,535.554867
1,886,535.554867
1,887,535.554867
1,888,535.554867
1,889,535.554867
1,890,535.554867
1,891,535.554867
1,892,535.554867
1,893,535.554867
1,894,535.554867
1,895,535.554867
1,896,535.554867
1,897,535.554867
1,898,535.554867
1,899,535.554867
1,900,535.554867
1,901,535.554867
1,902,535.554867
1,903,535.554867
1,904,535.554867
1,905,535.554867
1,906,535.554867
1,907,535.554867
1,908,535.554867
1,909,535.554867
1,910,535.554867
1,911,535.554867
1,912,535.554867
1,913,535.554867
1,914,535.554867
1,915,535.554867
1,916,535.554867
1,917,535.554867
1,918,535.554867
1,919,535.554867
1,920,535.554867
1,921,535.554867
1,922,535.554867
1,923,535.554867
1,924,535.554867
1,925,535.554867
1,926,535.554867
1,927,535.554867
1,928,535.554867
1,929,535.554867
1,930,535.554867
1,931,535.554867
1,932,535.554867
1,933,535.554867
1,934,535.554867
1,935,535.554867
1,936,535.554867
1,937,535.554867
1,938,535.554867
1,939,535.554867
1,940,535.554867
1,941,535.554867
1,942,535.554867
1,943,535.554867
1,944,535.554867
1,945,535.554867
1,946,535.554867
1,947,535.554867
1,948,535.554867
1,949,535.554867
1,950,535.554867
1,951,535.554867
1,952,535.554867
1,953,535.554867
1,954,535.554867
1,955,535.554867
1,956,535.554867
1,957,535.554867
1,958,535.554867
1,959,535.554867
1,960,535.554867
1,961,535.554867
1,962,535.554867
1,963,535.554867
1,964,535.554867
1,965,535.554867
1,966,535.554867
1,967,535.554867
1,968,535.554867
1,969,535.554867
1,970,535.554867
1,971,535.554867
1,972,535.554867
1,973,535.554867
1,974,535.554867
1,975,535.554867
1,976,535.554867
1,977,535.554867
1,978,535.554867
1,979,535.554867
1,980,535.554867
1,981,535.554867
1,982,535.554867
1,983,535.554867
1,984,535.554867
1,985,535.554867
1,986,535.554867
1,987,535.554867
1,988,535.554867
1,989,535.554867
1,990,535.554867
1,991,535.554867
1,992,535.554867
1,993,535.554867
1,994,535.554867
1,995,535.554867
1,996,535.554867
1,997,535.554867
1,998,535.554867
1,999,535.554867
2,0,110.896922
2,1,134.608213
2,2,134.608213
2,3,134.608213
2,4,134.608213
2,5,184.627677
2,6,184.627677
2,7,184.627677
2,8,184.627677
2,9,184.627677
2,10,184.627677
2,11,184.627677
2,12,184.627677
2,13,184.627677
2,14,184.627677
2,15,184.627677
2,16,184.627677
2,17,184.627677
2,18,184.627677
2,19,184.627677
2,20,184.627677
2,21,184.627677
2,22,184.627677
2,23,184.627677
2,24,184.627677
2,25,184.627677
2,26,184.627677
2,27,184.627677
2,28,184.627677
2,29,184.627677
2,30,184.627677
2,31,184.627677
2,32,184.627677
2,33,184.627677
2,34,184.627677
2,35,184.627677
2,36,184.627677
2,37,184.627677
2,38,184.627677
2,39,197.673404
2,40,198.893124
2,41,198.893124
2,42,198.893124
2,43,226.379345
2,44,226.379345
2,45,226.379345
2,46,226.379345
2,47,226.379345
2,48,226.379345
2,49,226.379345
2,50,226.379345
2,51,226.379345
2,52,226.379345
2,53,238.866087
2,54,288.050147
2,55,288.050147
2,56,288.050147
2,57,288.050147
2,58,288.050147
2,59,288.050147
2,60,288.050147
2,61,288.050147
2,62,288.050147
2,63,288.050147
2,64,288.050147
2,65,296.456694
2,66,296.456694
2,67,296.456694
2,68,296.456694
2,69,297.670037
2,70,297.670037
2,71,297.670037
2,72,297.670037
2,73,297.670037
2,74,297.670037
2,75,297.670037
2,76,297.670037
2,77,297.670037
2,78,297.670037
2,79,302.076434
2,80,314.295865
2,81,321.714418
2,82,321.714418
2,83,321.714418
2,84,321.714418
2,85,321.714418
2,86,321.714418
2,87,321.714418
2,88,321.714418
2,89,321.714418
2,90,321.714418
2,91,321.714418
2,92,321.714418
2,93,321.714418
2,94,321.714418
2,95,321.714418
2,96,321.714418
2,97,321.714418
2,98,321.714418
2,99,321.714418
2,100,321.714418
2,101,321.714418
2,102,321.714418
2,103,321.714418
2,104,321.714418
2,105,321.714418
2,106,321.714418
2,107,321.714418
2,108,321.714418
2,109,321.714418
2,110,341.169183
2,111,341.169183
2,112,341.169183
2,113,341.169183
2,114,353.846487
2,115,353.846487
2,116,354.818757
2,117,354.818757
2,118,354.818757
2,119,354.818757
2,120,354.818757
2,121,354.818757
2,122,354.818757
2,123,354.818757
2,124,354.818757
2,125,354.818757
2,126,365.027104
2,127,365.027104
2,128,365.027104
2,129,365.027104
2,130,365.027104
2,131,365.027104
2,132,365.027104
2,133,365.027104
2,134,366.961277
2,135,366.961277
2,136,379.632992
2,137,390.838370
2,138,414.645360
2,139,431.137524
2,140,431.137524
2,141,431.137524
2,142,431.137524
2,143,431.137524
2,144,431.137524
2,145,431.137524
2,146,431.137524
2,147,431.137524
2,148,431.137524
2,149,431.137524
2,150,431.137524
2,151,431.137524
2,152,431.137524
2,153,431.137524
2,154,431.137524
2,155,431.137524
2,156,431.137524
2,157,431.137524
2,158,452.407004
2,159,468.312995
2,160,468.312995
2,161,468.312995
2,162,468.312995
2,163,473.763186
2,164,473.763186
2,165,473.763186
2,166,473.763186
2,167,473.763186
2,168,473.763186
2,169,473.763186
2,170,473.763186
2,171,473.763186
2,172,473.763186
2,173,473.763186
2,174,473.763186
2,175,486.007674
2,176,486.007674
2,177,486.007674
2,178,486.007674
2,179,486.007674
2,180,486.007674
2,181,486.007674
2,182,486.007674
2,183,501.442711
2,184,501.442711
2,185,501.442711
2,186,501.442711
2,187,501.442711
2,188,501.442711
2,189,501.442711
2,190,501.442711
2,191,501.442711
2,192,501.442711
2,193,501.442711
2,194,519.601505
2,195,519.601505
2,196,519.601505
2,197,519.601505
2,198,519.601505
2,199,519.601505
2,200,519.601505
2,201,519.601505
2,202,519.601505
2,203,519.601505
2,204,519.601505
2,205,519.601505
2,206,519.601505
2,207,519.601505
2,208,519.601505
2,209,519.601505
2,210,519.601505
2,211,519.601505
2,212,519.601505
2,213,519.601505
2,214,519.601505
2,215,519.601505
2,216,519.601505
2,217,519.601505
2,218,519.601505
2,219,519.601505
2,220,519.601505
2,221,519.601505
2,222,519.601505
2,223,519.601505
2,224,519.601505
2,225,519.601505
2,226,519.601505
2,227,519.601505
2,228,519.601505
2,229,519.601505
2,230,519.601505
2,231,519.601505
2,232,519.601505
2,233,519.601505
2,234,519.601505
2,235,519.601505
2,236,519.601505
2,237,519.601505
2,238,519.601505
2,239,519.601505
2,240,519.601505
2,241,519.601505
2,242,519.601505
2,243,519.601505
2,244,519.601505
2,245,519.601505
2,246,519.601505
2,247,519.601505
2,248,519.601505
2,249,519.601505
2,250,519.601505
2,251,519.601505
2,252,519.601505
2,253,519.601505
2,254,519.601505
2,255,519.601505
2,256,519.601505
2,257,519.601505
2,258,519.601505
2,259,519.601505
2,260,519.601505
2,261,519.601505
2,262,534.296855
2,263,534.296855
2,264,534.296855
2,265,534.296855
2,266,534.296855
2,267,534.296855
2,268,534.296855
2,269,534.296855
2,270,534.296855
2,271,534.296855
2,272,534.296855
2,273,534.296855
2,274,534.296855
2,275,534.296855
2,276,534.296855
2,277,534.296855
2,278,534.296855
2,279,534.296855
2,280,534.296855
2,281,534.296855
2,282,534.296855
2,283,534.296855
2,284,534.296855
2,285,534.296855
2,286,534.296855
2,287,534.296855
2,288,534.296855
2,289,534.296855
2,290,534.296855
2,291,534.296855
2,292,534.296855
2,293,534.296855
2,294,534.296855
2,295,534.296855
2,296,534.296855
2,297,534.296855
2,298,534.296855
2,299,534.296855
2,300,534.296855
2,301,534.296855
2,302,534.296855
2,303,534.296855
2,304,534.296855
2,305,534.296855
2,306,534.296855
2,307,534.296855
2,308,534.296855
2,309,534.296855
2,310,534.296855
2,311,534.296855
2,312,534.296855
2,313,534.296855
2,314,534.296855
2,315,534.296855
2,316,534.296855
2,317,534.296855
2,318,534.296855
2,319,534.296855
2,320,534.296855
2,321,534.296855
2,322,534.296855
2,323,534.296855
2,324,534.296855
2,325,534.296855
2,326,534.296855
2,327,534.296855
2,328,534.296855
2,329,534.296855
2,330,534.296855
2,331,534.296855
2,332,534.296855
2,333,534.296855
2,334,534.296855
2,335,534.296855
2,336,534.296855
2,337,534.296855
2,338,534.296855
2,339,534.296855
2,340,534.296855
2,341,534.296855
2,342,534.296855
2,343,534.296855
2,344,534.296855
2,345,534.296855
2,346,534.296855
2,347,534.296855
2,348,534.296855
2,349,534.296855
2,350,534.296855
2,351,534.296855
2,352,534.296855
2,353,534.296855
2,354,534.296855
2,355,534.296855
2,356,534.296855
2,357,534.296855
2,358,534.296855
2,359,534.296855
2,360,534.296855
2,361,534.296855
2,362,534.296855
2,363,534.296855
2,364,534.296855
2,365,534.296855
2,366,534.296855
2,367,534.296855
2,368,534.296855
2,369,534.296855
2,370,534.296855
2,371,534.296855
2,372,534.296855
2,373,534.296855
2,374,534.296855
2,375,534.296855
2,376,534.296855
2,377,534.296855
2,378,534.296855
2,379,534.296855
2,380,534.296855
2,381,534.296855
2,382,534.296855
2,383,534.296855
2,384,534.296855
2,385,534.296855
2,386,534.296855
2,387,534.296855
2,388,534.296855
2,389,534.296855
2,390,534.296855
2,391,534.296855
2,392,534.296855
2,393,534.296855
2,394,534.296855
2,395,534.296855
2,396,534.296855
2,397,534.296855
2,398,534.296855
2,399,534.296855
2,400,534.296855
2,401,534.296855
2,402,534.296855
2,403,534.296855
2,404,534.296855
2,405,534.296855
2,406,534.296855
2,407,534.296855
2,408,534.296855
2,409,534.296855
2,410,534.296855
2,411,534.296855
2,412,534.296855
2,413,534.296855
2,414,534.296855
2,415,534.296855
2,416,534.296855
2,417,534.296855
2,418,534.296855
2,419,534.296855
2,420,534.296855
2,421,534.296855
2,422,534.296855
2,423,534.296855
2,424,534.296855
2,425,534.296855
2,426,534.296855
2,427,534.296855
2,428,534.296855
2,429,534.296855
2,430,534.296855
2,431,534.296855
2,432,534.296855
2,433,534.296855
2,434,534.296855
2,435,534.296855
2,436,534.296855
2,437,534.296855
2,438,534.296855
2,439,534.296855
2,440,544.820913
2,441,544.820913
2,442,544.820913
2,443,544.820913
2,444,544.820913
2,445,544.820913
2,446,544.820913
2,447,544.820913
2,448,544.820913
2,449,544.820913
2,450,544.820913
2,451,544.820913
2,452,544.820913
2,453,544.820913
2,454,544.820913
2,455,544.820913
2,456,544.820913
2,457,544.820913
2,458,544.820913
2,459,544.820913
2,460,544.820913
2,461,544.820913
2,462,544.820913
2,463,544.820913
2,464,544.820913
2,465,544.820913
2,466,544.820913
2,467,544.820913
2,468,544.820913
2,469,544.820913
2,470,544.820913
2,471,544.820913
2,472,544.820913
2,473,544.820913
2,474,544.820913
2,475,544.820913
2,476,544.820913
2,477,544.820913
2,478,544.820913
2,479,544.820913
2,480,544.820913
2,481,544.820913
2,482,544.820913
2,483,544.820913
2,484,544.820913
2,485,544.820913
2,486,544.820913
2,487,544.820913
2,488,544.820913
2,489,544.820913
2,490,544.820913
2,491,544.820913
2,492,544.820913
2,493,544.820913
2,494,544.820913
2,495,544.820913
2,496,544.820913
2,497,544.820913
2,498,544.820913
2,499,544.820913
2,500,544.820913
2,501,544.820913
2,502,544.820913
2,503,544.820913
2,504,544.820913
2,505,544.820913
2,506,544.820913
2,507,544.820913
2,508,544.820913
2,509,544.820913
2,510,544.820913
2,511,544.820913
2,512,544.820913
2,513,544.820913
2,514,544.820913
2,515,544.820913
2,516,544.820913
2,517,544.820913
2,518,544.820913
2,519,544.820913
2,520,544.820913
2,521,544.820913
2,522,544.820913
2,523,544.820913
2,524,544.820913
2,525,544.820913
2,526,544.820913
2,527,544.820913
2,528,544.820913
2,529,544.820913
2,530,544.820913
2,531,544.820913
2,532,544.820913
2,533,544.820913
2,534,544.820913
2,535,544.820913
2,536,544.820913
2,537,544.820913
2,538,544.820913
2,539,544.820913
2,540,544.820913
2,541,544.820913
2,542,544.820913
2,543,544.820913
2,544,544.820913
2,545,544.820913
2,546,544.820913
2,547,544.820913
2,548,544.820913
2,549,544.820913
2,550,544.820913
2,551,544.820913
2,552,544.820913
2,553,544.820913
2,554,544.820913
2,555,544.820913
2,556,544.820913
2,557,544.820913
2,558,544.820913
2,559,544.820913
2,560,544.820913
2,561,544.820913
2,562,544.820913
2,563,544.820913
2,564,544.820913
2,565,544.820913
2,566,544.820913
2,567,544.820913
2,568,544.820913
2,569,544.820913
2,570,544.820913
2,571,544.820913
2,572,544.820913
2,573,544.820913
2,574,544.820913
2,575,544.820913
2,576,544.820913
2,577,544.820913
2,578,544.820913
2,579,544.820913
2,580,544.820913
2,581,544.820913
2,582,544.820913
2,583,544.820913
2,584,544.820913
2,585,544.820913
2,586,544.820913
2,587,544.820913
2,588,544.820913
2,589,544.820913
2,590,544.820913
2,591,544.820913
2,592,544.820913
2,593,544.820913
2,594,544.820913
2,595,544.820913
2,596,544.820913
2,597,544.820913
2,598,544.820913
2,599,544.820913
2,600,544.820913
2,601,544.820913
2,602,544.820913
2,603,544.820913
2,604,544.820913
2,605,544.820913
2,606,544.820913
2,607,544.820913
2,608,544.820913
2,609,544.820913
2,610,544.820913
2,611,544.820913
2,612,544.820913
2,613,544.820913
2,614,544.820913
2,615,544.820913
2,616,544.820913
2,617,544.820913
2,618,544.820913
2,619,544.820913
2,620,544.820913
2,621,544.820913
2,622,544.820913
2,623,544.820913
2,624,544.820913
2,625,544.820913
2,626,544.820913
2,627,544.820913
2,628,544.820913
2,629,544.820913
2,630,544.820913
2,631,544.820913
2,632,544.820913
2,633,544.820913
2,634,544.820913
2,635,544.820913
2,636,544.820913
2,637,544.820913
2,638,544.820913
2,639,544.820913
2,640,544.820913
2,641,544.820913
2,642,544.820913
2,643,544.820913
2,644,544.820913
2,645,544.820913
2,646,544.820913
2,647,544.820913
2,648,544.820913
2,649,544.820913
2,650,544.820913
2,651,544.820913
2,652,544.820913
2,653,544.820913
2,654,544.820913
2,655,544.820913
2,656,544.820913
2,657,544.820913
2,658,544.820913
2,659,544.820913
2,660,544.820913
2,661,544.820913
2,662,544.820913
2,663,544.820913
2,664,544.820913
2,665,544.820913
2,666,544.820913
2,667,544.820913
2,668,544.820913
2,669,544.820913
2,670,544.820913
2,671,544.820913
2,672,544.820913
2,673,544.820913
2,674,544.820913
2,675,544.820913
2,676,544.820913
2,677,544.820913
2,678,544.820913
2,679,544.820913
2,680,544.820913
2,681,544.820913
2,682,544.820913
2,683,544.820913
2,684,544.820913
2,685,544.820913
2,686,544.820913
2,687,544.820913
2,688,544.820913
2,689,544.820913
2,690,544.820913
2,691,544.820913
2,692,544.820913
2,693,544.820913
2,694,544.820913
2,695,544.820913
2,696,544.820913
2,697,544.820913
2,698,544.820913
2,699,544.820913
2,700,544.820913
2,701,544.820913
2,702,544.820913
2,703,544.820913
2,704,544.820913
2,705,544.820913
2,706,544.820913
2,707,544.820913
2,708,544.820913
2,709,544.820913
2,710,544.820913
2,711,544.820913
2,712,544.820913
2,713,544.820913
2,714,544.820913
2,715,544.820913
2,716,544.820913
2,717,544.820913
2,718,544.820913
2,719,544.820913
2,720,544.820913
2,721,544.820913
2,722,544.820913
2,723,544.820913
2,724,544.820913
2,725,544.820913
2,726,544.820913
2,727,544.820913
2,728,544.820913
2,729,544.820913
2,730,544.820913
2,731,544.820913
2,732,544.820913
2,733,544.820913
2,734,544.820913
2,735,544.820913
2,736,544.820913
2,737,544.820913
2,738,544.820913
2,739,544.820913
2,740,544.820913
2,741,544.820913
2,742,544.820913
2,743,544.820913
2,744,544.820913
2,745,544.820913
2,746,544.820913
2,747,544.820913
2,748,544.820913
2,749,544.820913
2,750,544.820913
2,751,544.820913
2,752,544.820913
2,753,544.820913
2,754,544.820913
2,755,544.820913
2,756,544.820913
2,757,544.820913
2,758,544.820913
2,759,544.820913
2,760,544.820913
2,761,544.820913
2,762,544.820913
2,763,544.820913
2,764,544.820913
2,765,544.820913
2,766,544.820913
2,767,544.820913
2,768,544.820913
2,769,544.820913
2,770,544.820913
2,771,544.820913
2,772,544.820913
2,773,544.820913
2,774,544.820913
2,775,544.820913
2,776,544.820913
2,777,544.820913
2,778,544.820913
2,779,544.820913
2,780,544.820913
2,781,544.820913
2,782,544.820913
2,783,544.820913
2,784,544.820913
2,785,544.820913
2,786,544.820913
2,787,544.820913
2,788,544.820913
2,789,544.820913
2,790,544.820913
2,791,544.820913
2,792,544.820913
2,793,544.820913
2,794,544.820913
2,795,544.820913
2,796,544.820913
2,797,544.820913
2,798,544.820913
2,799,544.820913
2,800,544.820913
2,801,544.820913
2,802,544.820913
2,803,544.820913
2,804,544.820913
2,805,544.820913
2,806,544.820913
2,807,544.820913
2,808,544.820913
2,809,544.820913
2,810,544.820913
2,811,544.820913
2,812,544.820913
2,813,544.820913
2,814,544.820913
2,815,544.820913
2,816,544.820913
2,817,544.820913
2,818,544.820913
2,819,544.820913
2,820,544.820913
2,821,544.820913
2,822,544.820913
2,823,544.820913
2,824,544.820913
2,825,544.820913
2,826,544.820913
2,827,544.820913
2,828,544.820913
2,829,544.820913
2,830,544.820913
2,831,544.820913
2,832,544.820913
2,833,544.820913
2,834,544.820913
2,835,544.820913
2,836,544.820913
2,837,544.820913
2,838,544.820913
2,839,544.820913
2,840,544.820913
2,841,544.820913
2,842,544.820913
2,843,544.820913
2,844,544.820913
2,845,544.820913
2,846,544.820913
2,847,544.820913
2,848,544.820913
2,849,544.820913
2,850,544.820913
2,851,544.820913
2,852,544.820913
2,853,544.820913
2,854,544.820913
2,855,544.820913
2,856,544.820913
2,857,544.820913
2,858,544.820913
2,859,544.820913
2,860,544.820913
2,861,544.820913
2,862,544.820913
2,863,544.820913
2,864,544.820913
2,865,544.820913
2,866,544.820913
2,867,544.820913
2,868,544.820913
2,869,544.820913
2,870,544.820913
2,871,544.820913
2,872,544.820913
2,873,544.820913
2,874,544.820913
2,875,544.820913
2,876,544.820913
2,877,544.820913
2,878,544.820913
2,879,544.820913
2,880,544.820913
2,881,544.820913
2,882,544.820913
2,883,544.820913
2,884,544.820913
2,885,544.820913
2,886,544.820913
2,887,544.820913
2,888,544.820913
2,889,544.820913
2,890,544.820913
2,891,544.820913
2,892,544.820913
2,893,544.820913
2,894,544.820913
2,895,544.820913
2,896,544.820913
2,897,544.820913
2,898,544.820913
2,899,544.820913
2,900,544.820913
2,901,544.820913
2,902,544.820913
2,903,544.820913
2,904,544.820913
2,905,544.820913
2,906,544.820913
2,907,544.820913
2,908,544.820913
2,909,544.820913
2,910,544.820913
2,911,544.820913
2,912,544.820913
2,913,544.820913
2,914,544.820913
2,915,544.820913
2,916,544.820913
2,917,544.820913
2,918,544.820913
2,919,544.820913
2,920,544.820913
2,921,544.820913
2,922,544.820913
2,923,544.820913
2,924,544.820913
2,925,544.820913
2,926,544.820913
2,927,544.820913
2,928,544.820913
2,929,544.820913
2,930,544.820913
2,931,544.820913
2,932,544.820913
2,933,544.960198
2,934,544.960198
2,935,544.960198
2,936,544.960198
2,937,544.960198
2,938,544.960198
2,939,544.960198
2,940,544.960198
2,941,544.960198
2,942,544.960198
2,943,544.960198
2,944,544.960198
2,945,544.960198
2,946,544.960198
2,947,544.960198
2,948,544.960198
2,949,544.960198
2,950,544.960198
2,951,544.960198
2,952,544.960198
2,953,544.960198
2,954,544.960198
2,955,544.960198
2,956,544.960198
2,957,544.960198
2,958,544.960198
2,959,544.960198
2,960,544.960198
2,961,544.960198
2,962,544.960198
2,963,544.960198
2,964,544.960198
2,965,544.960198
2,966,544.960198
2,967,544.960198
2,968,544.960198
2,969,544.960198
2,970,544.960198
2,971,544.960198
2,972,544.960198
2,973,544.960198
2,974,544.960198
2,975,544.960198
2,976,544.960198
2,977,544.960198
2,978,544.960198
2,979,544.960198
2,980,544.960198
2,981,544.960198
2,982,544.960198
2,983,544.960198
2,984,544.960198
2,985,544.960198
2,986,544.960198
2,987,544.960198
2,988,544.960198
2,989,544.960198
2,990,544.960198
2,991,544.960198
2,992,544.960198
2,993,544.960198
2,994,544.960198
2,995,544.960198
2,996,544.960198
2,997,544.960198
2,998,544.960198
2,999,544.960198
3,0,115.323411
3,1,117.525190
3,2,117.525190
3,3,117.525190
3,4,138.216185
3,5,162.997754
3,6,162.997754
3,7,162.997754
3,8,162.997754
3,9,162.997754
3,10,162.997754
3,11,162.997754
3,12,162.997754
3,13,162.997754
3,14,162.997754
3,15,162.997754
3,16,162.997754
3,17,162.997754
3,18,164.978390
3,19,164.978390
3,20,164.978390
3,21,164.978390
3,22,164.978390
3,23,164.978390
3,24,164.978390
3,25,164.978390
3,26,164.978390
3,27,164.978390
3,28,164.978390
3,29,164.978390
3,30,164.978390
3,31,164.978390
3,32,164.978390
3,33,164.978390
3,34,164.978390
3,35,164.978390
3,36,164.978390
3,37,164.978390
3,38,164.978390
3,39,164.978390
3,40,164.978390
3,41,164.978390
3,42,164.978390
3,43,164.978390
3,44,164.978390
3,45,164.978390
3,46,164.978390
3,47,164.978390
3,48,164.978390
3,49,164.978390
3,50,164.978390
3,51,164.978390
3,52,164.978390
3,53,164.978390
3,54,164.978390
3,55,164.978390
3,56,164.978390
3,57,164.978390
3,58,164.978390
3,59,164.978390
3,60,164.978390
3,61,164.978390
3,62,164.978390
3,63,188.895609
3,64,194.907304
3,65,194.907304
3,66,194.907304
3,67,194.907304
3,68,194.907304
3,69,194.907304
3,70,194.907304
3,71,194.907304
3,72,211.923634
3,73,211.923634
3,74,211.923634
3,75,211.923634
3,76,211.923634
3,77,211.923634
3,78,211.923634
3,79,213.488196
3,80,213.488196
3,81,213.488196
3,82,213.488196
3,83,213.488196
3,84,223.150575
3,85,223.150575
3,86,234.874753
3,87,234.874753
3,88,234.874753
3,89,234.874753
3,90,234.874753
3,91,234.874753
3,92,234.874753
3,93,234.874753
3,94,234.874753
3,95,234.874753
3,96,234.874753
3,97,234.874753
3,98,234.874753
3,99,234.874753
3,100,234.874753
3,101,234.874753
3,102,234.874753
3,103,234.874753
3,104,234.874753
3,105,234.874753
3,106,234.874753
3,107,234.874753
3,108,234.874753
3,109,264.196478
3,110,264.196478
3,111,264.196478
3,112,264.196478
3,113,264.196478
3,114,264.196478
3,115,264.196478
3,116,264.196478
3,117,264.196478
3,118,264.196478
3,119,264.196478
3,120,264.196478
3,121,264.196478
3,122,264.196478
3,123,264.196478
3,124,264.196478
3,125,264.196478
3,126,264.196478
3,127,264.196478
3,128,264.196478
3,129,264.196478
3,130,264.196478
3,131,264.196478
3,132,264.196478
3,133,264.196478
3,134,264.196478
3,135,264.196478
3,136,277.648175
3,137,277.648175
3,138,277.648175
3,139,277.648175
3,140,277.648175
3,141,277.648175
3,142,277.648175
3,143,277.648175
3,144,277.648175
3,145,277.648175
3,146,277.648175
3,147,277.648175
3,148,277.648175
3,149,277.648175
3,150,277.648175
3,151,277.648175
3,152,277.648175
3,153,277.648175
3,154,277.648175
3,155,277.648175
3,156,277.648175
3,157,277.648175
3,158,277.648175
3,159,277.648175
3,160,277.648175
3,161,277.648175
3,162,277.648175
3,163,277.648175
3,164,277.648175
3,165,277.648175
3,166,277.648175
3,167,277.648175
3,168,277.648175
3,169,277.648175
3,170,277.648175
3,171,277.648175
3,172,289.304684
3,173,289.304684
3,174,289.304684
3,175,289.304684
3,176,289.304684
3,177,289.304684
3,178,289.304684
3,179,289.304684
3,180,289.304684
3,181,289.304684
3,182,289.304684
3,183,289.304684
3,184,289.304684
3,185,289.304684
3,186,289.304684
3,187,289.304684
3,188,289.304684
3,189,289.304684
3,190,289.304684
3,191,289.304684
3,192,289.304684
3,193,289.304684
3,194,289.304684
3,195,289.304684
3,196,289.304684
3,197,289.304684
3,198,289.304684
3,199,289.304684
3,200,289.304684
3,201,289.304684
3,202,289.304684
3,203,289.304684
3,204,289.304684
3,205,289.304684
3,206,289.304684
3,207,289.304684
3,208,289.304684
3,209,289.304684
3,210,289.304684
3,211,289.304684
3,212,289.304684
3,213,289.304684
3,214,289.304684
3,215,289.304684
3,216,289.304684
3,217,289.304684
3,218,289.304684
3,219,289.304684
3,220,289.304684
3,221,289.304684
3,222,289.304684
3,223,289.304684
3,224,289.304684
3,225,289.304684
3,226,289.304684
3,227,289.304684
3,228,289.304684
3,229,289.304684
3,230,289.304684
3,231,289.304684
3,232,289.304684
3,233,289.304684
3,234,289.304684
3,235,289.304684
3,236,289.304684
3,237,289.304684
3,238,289.304684
3,239,289.304684
3,240,289.304684
3,241,289.304684
3,242,289.304684
3,243,293.011040
3,244,293.011040
3,245,293.011040
3,246,293.011040
3,247,293.011040
3,248,294.024261
3,249,306.667243
3,250,306.667243
3,251,306.667243
3,252,306.667243
3,253,306.667243
3,254,306.667243
3,255,306.667243
3,256,315.350863
3,257,315.350863
3,258,315.350863
3,259,315.350863
3,260,315.350863
3,261,315.350863
3,262,315.350863
3,263,315.350863
3,264,315.350863
3,265,315.350863
3,266,315.350863
3,267,315.350863
3,268,315.350863
3,269,315.350863
3,270,315.350863
3,271,315.350863
3,272,315.350863
3,273,315.350863
3,274,315.350863
3,275,315.350863
3,276,315.350863
3,277,315.350863
3,278,315.350863
3,279,315.350863
3,280,323.082341
3,281,323.082341
3,282,323.082341
3,283,323.082341
3,284,323.082341
3,285,323.082341
3,286,323.082341
3,287,323.082341
3,288,323.082341
3,289,323.082341
3,290,323.082341
3,291,323.082341
3,292,323.082341
3,293,323.082341
3,294,323.082341
3,295,323.082341
3,296,323.082341
3,297,323.082341
3,298,323.082341
3,299,323.082341
3,300,323.082341
3,301,323.082341
3,302,323.082341
3,303,323.082341
3,304,323.082341
3,305,323.082341
3,306,323.082341
3,307,323.082341
3,308,323.082341
3,309,323.082341
3,310,323.082341
3,311,323.082341
3,312,323.082341
3,313,323.082341
3,314,323.082341
3,315,323.082341
3,316,323.082341
3,317,323.082341
3,318,323.082341
3,319,323.082341
3,320,323.082341
3,321,323.082341
3,322,323.082341
3,323,323.082341
3,324,366.314622
3,325,366.314622
3,326,366.314622
3,327,366.314622
3,328,366.314622
3,329,366.314622
3,330,366.314622
3,331,366.314622
3,332,366.314622
3,333,366.314622
3,334,366.314622
3,335,366.314622
3,336,366.314622
3,337,366.314622
3,338,366.314622
3,339,366.314622
3,340,366.314622
3,341,366.314622
3,342,366.314622
3,343,366.314622
3,344,366.314622
3,345,366.314622
3,346,366.314622
3,347,366.314622
3,348,366.314622
3,349,366.314622
3,350,366.314622
3,351,366.314622
3,352,366.314622
3,353,366.314622
3,354,366.314622
3,355,366.314622
3,356,366.314622
3,357,366.314622
3,358,371.351940
3,359,371.351940
3,360,371.351940
3,361,371.351940
3,362,371.351940
3,363,371.351940
3,364,371.351940
3,365,371.351940
3,366,371.351940
3,367,371.351940
3,368,371.351940
3,369,371.351940
3,370,371.351940
3,371,371.351940
3,372,371.351940
3,373,371.351940
3,374,371.351940
3,375,371.351940
3,376,371.351940
3,377,371.351940
3,378,371.351940
3,379,371.351940
3,380,371.351940
3,381,371.351940
3,382,371.351940
3,383,371.351940
3,384,371.351940
3,385,371.351940
3,386,371.351940
3,387,371.351940
3,388,371.351940
3,389,371.351940
3,390,371.351940
3,391,371.351940
3,392,371.351940
3,393,371.351940
3,394,371.351940
3,395,371.351940
3,396,371.351940
3,397,371.351940
3,398,371.351940
3,399,371.351940
3,400,371.351940
3,401,371.351940
3,402,371.351940
3,403,371.351940
3,404,371.351940
3,405,371.351940
3,406,371.351940
3,407,371.351940
3,408,371.351940
3,409,371.351940
3,410,371.351940
3,411,371.351940
3,412,371.351940
3,413,371.351940
3,414,371.351940
3,415,371.351940
3,416,371.351940
3,417,371.351940
3,418,371.351940
3,419,371.351940
3,420,371.351940
3,421,371.351940
3,422,371.351940
3,423,371.351940
3,424,371.351940
3,425,371.351940
3,426,371.351940
3,427,371.351940
3,428,371.351940
3,429,371.351940
3,430,371.351940
3,431,371.351940
3,432,371.351940
3,433,371.351940
3,434,371.351940
3,435,371.351940
3,436,371.351940
3,437,371.351940
3,438,371.351940
3,439,371.351940
3,440,371.351940
3,441,371.351940
3,442,371.351940
3,443,371.351940
3,444,371.351940
3,445,371.351940
3,446,371.351940
3,447,371.351940
3,448,371.351940
3,449,371.351940
3,450,371.351940
3,451,371.351940
3,452,371.351940
3,453,371.351940
3,454,371.351940
3,455,371.351940
3,456,371.351940
3,457,371.351940
3,458,371.351940
3,459,371.351940
3,460,371.351940
3,461,371.351940
3,462,371.351940
3,463,371.351940
3,464,371.351940
3,465,371.351940
3,466,371.351940
3,467,371.351940
3,468,371.351940
3,469,371.351940
3,470,371.351940
3,471,371.351940
3,472,371.351940
3,473,371.351940
3,474,371.351940
3,475,371.351940
3,476,371.351940
3,477,371.351940
3,478,371.351940
3,479,373.385671
3,480,373.385671
3,481,373.385671
3,482,373.385671
3,483,373.385671
3,484,373.385671
3,485,373.385671
3,486,373.385671
3,487,373.385671
3,488,373.385671
3,489,373.385671
3,490,373.385671
3,491,379.954349
3,492,379.954349
3,493,379.954349
3,494,379.954349
3,495,379.954349
3,496,379.954349
3,497,379.954349
3,498,379.954349
3,499,383.893030
3,500,383.893030
3,501,383.893030
3,502,383.893030
3,503,408.264716
3,504,408.264716
3,505,408.264716
3,506,408.264716
3,507,408.264716
3,508,408.264716
3,509,408.264716
3,510,408.264716
3,511,408.264716
3,512,408.264716
3,513,408.264716
3,514,408.264716
3,515,408.264716
3,516,408.264716
3,517,408.264716
3,518,408.264716
3,519,408.264716
3,520,408.264716
3,521,408.264716
3,522,416.902534
3,523,421.423522
3,524,421.423522
3,525,421.423522
3,526,421.423522
3,527,421.423522
3,528,421.423522
3,529,421.423522
3,530,421.423522
3,531,421.423522
3,532,421.423522
3,533,421.423522
3,534,421.423522
3,535,421.423522
3,536,421.423522
3,537,421.423522
3,538,421.423522
3,539,421.423522
3,540,421.423522
3,541,421.423522
3,542,421.423522
3,543,422.891860
3,544,422.891860
3,545,422.891860
3,546,422.891860
3,547,422.891860
3,548,422.891860
3,549,422.891860
3,550,422.891860
3,551,422.891860
3,552,422.891860
3,553,422.891860
3,554,422.891860
3,555,422.891860
3,556,422.891860
3,557,422.891860
3,558,422.891860
3,559,422.891860
3,560,422.891860
3,561,422.891860
3,562,463.616482
3,563,463.616482
3,564,463.616482
3,565,463.616482
3,566,463.616482
3,567,463.616482
3,568,463.616482
3,569,463.616482
3,570,463.616482
3,571,474.881577
3,572,474.881577
3,573,474.881577
3,574,474.881577
3,575,474.881577
3,576,474.881577
3,577,474.881577
3,578,474.881577
3,579,474.881577
3,580,474.881577
3,581,474.881577
3,582,474.881577
3,583,474.881577
3,584,474.881577
3,585,474.881577
3,586,474.881577
3,587,474.881577
3,588,474.881577
3,589,474.881577
3,590,474.881577
3,591,474.881577
3,592,474.881577
3,593,474.881577
3,594,474.881577
3,595,474.881577
3,596,474.881577
3,597,474.881577
3,598,474.881577
3,599,474.881577
3,600,474.881577
3,601,474.881577
3,602,474.881577
3,603,474.881577
3,604,474.881577
3,605,474.881577
3,606,474.881577
3,607,474.881577
3,608,474.881577
3,609,474.881577
3,610,474.881577
3,611,474.881577
3,612,474.881577
3,613,474.881577
3,614,474.881577
3,615,474.881577
3,616,474.881577
3,617,474.881577
3,618,474.881577
3,619,474.881577
3,620,474.881577
3,621,474.881577
3,622,474.881577
3,623,474.881577
3,624,483.436277
3,625,503.342984
3,626,503.342984
3,627,503.342984
3,628,503.342984
3,629,503.342984
3,630,503.342984
3,631,527.518689
3,632,527.518689
3,633,527.518689
3,634,527.518689
3,635,527.518689
3,636,527.518689
3,637,527.518689
3,638,527.518689
3,639,527.518689
3,640,527.518689
3,641,527.518689
3,642,527.518689
3,643,527.518689
3,644,527.518689
3,645,527.518689
3,646,527.518689
3,647,527.518689
3,648,527.518689
3,649,527.518689
3,650,527.518689
3,651,527.518689
3,652,527.518689
3,653,527.518689
3,654,527.518689
3,655,527.518689
3,656,527.518689
3,657,527.518689
3,658,527.518689
3,659,527.518689
3,660,527.518689
3,661,527.518689
3,662,527.518689
3,663,527.518689
3,664,527.518689
3,665,527.518689
3,666,527.518689
3,667,527.518689
3,668,527.518689
3,669,527.518689
3,670,527.518689
3,671,527.518689
3,672,527.518689
3,673,527.518689
3,674,527.518689
3,675,527.518689
3,676,527.518689
3,677,527.518689
3,678,527.518689
3,679,527.518689
3,680,527.518689
3,681,527.518689
3,682,527.518689
3,683,527.518689
3,684,527.518689
3,685,550.796780
3,686,550.796780
3,687,550.796780
3,688,550.796780
3,689,550.796780
3,690,550.796780
3,691,550.796780
3,692,550.796780
3,693,550.796780
3,694,550.796780
3,695,550.796780
3,696,550.796780
3,697,550.796780
3,698,550.796780
3,699,550.796780
3,700,550.796780
3,701,550.796780
3,702,550.796780
3,703,550.796780
3,704,550.796780
3,705,550.796780
3,706,550.796780
3,707,550.796780
3,708,550.796780
3,709,550.796780
3,710,550.796780
3,711,550.796780
3,712,550.796780
3,713,550.796780
3,714,550.796780
3,715,550.796780
3,716,550.796780
3,717,550.796780
3,718,550.796780
3,719,550.796780
3,720,550.796780
3,721,550.796780
3,722,550.796780
3,723,550.796780
3,724,550.796780
3,725,550.796780
3,726,550.796780
3,727,550.796780
3,728,550.796780
3,729,550.796780
3,730,550.796780
3,731,550.796780
3,732,550.796780
3,733,550.796780
3,734,550.796780
3,735,550.796780
3,736,550.796780
3,737,550.796780
3,738,550.796780
3,739,550.796780
3,740,550.796780
3,741,550.796780
3,742,550.796780
3,743,550.796780
3,744,550.796780
3,745,550.796780
3,746,550.796780
3,747,550.796780
3,748,550.796780
3,749,550.796780
3,750,550.796780
3,751,550.796780
3,752,550.796780
3,753,550.796780
3,754,550.796780
3,755,550.796780
3,756,550.796780
3,757,550.796780
3,758,550.796780
3,759,550.796780
3,760,550.796780
3,761,550.796780
3,762,550.796780
3,763,550.796780
3,764,550.796780
3,765,550.796780
3,766,550.796780
3,767,550.796780
3,768,550.796780
3,769,550.796780
3,770,550.796780
3,771,550.796780
3,772,550.796780
3,773,550.796780
3,774,550.796780
3,775,550.796780
3,776,550.796780
3,777,550.796780
3,778,550.796780
3,779,550.796780
3,780,550.796780
3,781,550.796780
3,782,550.796780
3,783,550.796780
3,784,550.796780
3,785,550.796780
3,786,550.796780
3,787,550.796780
3,788,550.796780
3,789,550.796780
3,790,550.796780
3,791,550.796780
3,792,550.796780
3,793,550.796780
3,794,550.796780
3,795,550.796780
3,796,550.796780
3,797,550.796780
3,798,550.796780
3,799,550.796780
3,800,550.796780
3,801,550.796780
3,802,550.796780
3,803,550.796780
3,804,550.796780
3,805,550.796780
3,806,550.796780
3,807,550.796780
3,808,550.796780
3,809,550.796780
3,810,550.796780
3,811,550.796780
3,812,550.796780
3,813,550.796780
3,814,550.796780
3,815,550.796780
3,816,550.796780
3,817,550.796780
3,818,550.796780
3,819,550.796780
3,820,550.796780
3,821,550.796780
3,822,550.796780
3,823,550.796780
3,824,550.796780
3,825,550.796780
3,826,550.796780
3,827,550.796780
3,828,550.796780
3,829,550.796780
3,830,550.796780
3,831,550.796780
3,832,550.796780
3,833,550.796780
3,834,550.796780
3,835,550.796780
3,836,550.796780
3,837,550.796780
3,838,550.796780
3,839,550.796780
3,840,550.796780
3,841,550.796780
3,842,550.796780
3,843,550.796780
3,844,550.796780
3,845,550.796780
3,846,550.796780
3,847,550.796780
3,848,550.796780
3,849,550.796780
3,850,550.796780
3,851,550.796780
3,852,550.796780
3,853,550.796780
3,854,550.796780
3,855,550.796780
3,856,550.796780
3,857,550.796780
3,858,550.796780
3,859,550.796780
3,860,550.796780
3,861,550.796780
3,862,550.796780
3,863,550.796780
3,864,550.796780
3,865,550.796780
3,866,550.796780
3,867,550.796780
3,868,550.796780
3,869,550.796780
3,870,550.796780
3,871,550.796780
3,872,550.796780
3,873,550.796780
3,874,550.796780
3,875,550.796780
3,876,550.796780
3,877,550.796780
3,878,550.796780
3,879,550.796780
3,880,550.796780
3,881,550.796780
3,882,550.796780
3,883,550.796780
3,884,550.796780
3,885,550.796780
3,886,550.796780
3,887,550.796780
3,888,550.796780
3,889,550.796780
3,890,550.796780
3,891,550.796780
3,892,550.796780
3,893,550.796780
3,894,550.796780
3,895,550.796780
3,896,550.796780
3,897,550.796780
3,898,550.796780
3,899,550.796780
3,900,550.796780
3,901,550.796780
3,902,550.796780
3,903,550.796780
3,904,550.796780
3,905,550.796780
3,906,550.796780
3,907,550.796780
3,908,550.796780
3,909,550.796780
3,910,550.796780
3,911,550.796780
3,912,550.796780
3,913,550.796780
3,914,550.796780
3,915,550.796780
3,916,550.796780
3,917,550.796780
3,918,550.796780
3,919,550.796780
3,920,550.796780
3,921,550.796780
3,922,550.796780
3,923,550.796780
3,924,550.796780
3,925,550.796780
3,926,550.796780
3,927,550.796780
3,928,550.796780
3,929,550.796780
3,930,550.796780
3,931,550.796780
3,932,550.796780
3,933,550.796780
3,934,550.796780
3,935,550.796780
3,936,550.796780
3,937,550.796780
3,938,550.796780
3,939,550.796780
3,940,550.796780
3,941,550.796780
3,942,550.796780
3,943,550.796780
3,944,550.796780
3,945,550.796780
3,946,550.796780
3,947,550.796780
3,948,550.796780
3,949,550.796780
3,950,550.796780
3,951,550.796780
3,952,550.796780
3,953,550.796780
3,954,550.796780
3,955,550.796780
3,956,550.796780
3,957,550.796780
3,958,550.796780
3,959,550.796780
3,960,550.796780
3,961,550.796780
3,962,550.796780
3,963,550.796780
3,964,550.796780
3,965,550.796780
3,966,550.796780
3,967,550.796780
3,968,550.796780
3,969,550.796780
3,970,550.796780
3,971,550.796780
3,972,550.796780
3,973,550.796780
3,974,550.796780
3,975,550.796780
3,976,550.796780
3,977,550.796780
3,978,550.796780
3,979,550.796780
3,980,550.796780
3,981,550.796780
3,982,550.796780
3,983,550.796780
3,984,550.796780
3,985,550.796780
3,986,550.796780
3,987,550.796780
3,988,550.796780
3,989,550.796780
3,990,550.796780
3,991,550.796780
3,992,550.796780
3,993,550.796780
3,994,550.796780
3,995,550.796780
3,996,550.796780
3,997,550.796780
3,998,550.796780
3,999,550.796780
4,0,105.456784
4,1,105.456784
4,2,124.789580
4,3,124.789580
4,4,124.789580
4,5,124.789580
4,6,124.789580
4,7,124.789580
4,8,124.789580
4,9,124.789580
4,10,124.789580
4,11,124.789580
4,12,124.789580
4,13,124.789580
4,14,124.789580
4,15,124.789580
4,16,124.789580
4,17,124.789580
4,18,124.789580
4,19,124.789580
4,20,124.789580
4,21,124.789580
4,22,124.789580
4,23,124.789580
4,24,124.789580
4,25,124.789580
4,26,124.789580
4,27,124.789580
4,28,124.789580
4,29,124.789580
4,30,124.789580
4,31,124.789580
4,32,124.789580
4,33,124.789580
4,34,124.789580
4,35,124.789580
4,36,124.789580
4,37,124.789580
4,38,124.789580
4,39,124.789580
4,40,124.789580
4,41,124.789580
4,42,124.789580
4,43,124.789580
4,44,124.789580
4,45,124.789580
4,46,124.789580
4,47,124.789580
4,48,124.789580
4,49,124.789580
4,50,124.789580
4,51,124.789580
4,52,124.789580
4,53,124.789580
4,54,124.789580
4,55,124.789580
4,56,124.789580
4,57,124.789580
4,58,124.789580
4,59,124.789580
4,60,124.789580
4,61,124.789580
4,62,124.789580
4,63,124.789580
4,64,124.789580
4,65,124.789580
4,66,124.789580
4,67,124.789580
4,68,124.789580
4,69,124.789580
4,70,124.789580
4,71,124.789580
4,72,124.789580
4,73,124.789580
4,74,124.789580
4,75,124.789580
4,76,124.789580
4,77,124.789580
4,78,124.789580
4,79,124.789580
4,80,124.789580
4,81,124.789580
4,82,124.789580
4,83,124.789580
4,84,124.789580
4,85,124.883750
4,86,124.883750
4,87,124.883750
4,88,124.883750
4,89,154.919528
4,90,154.919528
4,91,154.919528
4,92,154.919528
4,93,154.919528
4,94,154.919528
4,95,154.919528
4,96,154.919528
4,97,154.919528
4,98,166.750218
4,99,166.750218
4,100,166.750218
4,101,188.321948
4,102,188.321948
4,103,188.321948
4,104,188.321948
4,105,188.321948
4,106,188.321948
4,107,195.729270
4,108,197.847479
4,109,197.847479
4,110,209.202777
4,111,209.202777
4,112,244.025444
4,113,244.025444
4,114,253.787697
4,115,253.787697
4,116,253.787697
4,117,253.787697
4,118,273.984099
4,119,273.984099
4,120,273.984099
4,121,273.984099
4,122,278.695138
4,123,278.695138
4,124,278.695138
4,125,278.695138
4,126,278.695138
4,127,278.695138
4,128,313.605719
4,129,313.605719
4,130,313.605719
4,131,313.605719
4,132,313.605719
4,133,313.605719
4,134,313.605719
4,135,313.605719
4,136,313.605719
4,137,313.605719
4,138,333.874168
4,139,333.874168
4,140,333.874168
4,141,333.874168
4,142,333.874168
4,143,333.874168
4,144,333.874168
4,145,333.874168
4,146,333.874168
4,147,333.874168
4,148,333.874168
4,149,333.874168
4,150,333.874168
4,151,333.874168
4,152,333.874168
4,153,333.874168
4,154,333.874168
4,155,333.874168
4,156,333.874168
4,157,345.596894
4,158,345.596894
4,159,350.405880
4,160,350.405880
4,161,350.405880
4,162,350.405880
4,163,358.433277
4,164,358.433277
4,165,358.433277
4,166,358.433277
4,167,358.433277
4,168,358.433277
4,169,358.433277
4,170,358.433277
4,171,358.433277
4,172,358.433277
4,173,358.433277
4,174,358.433277
4,175,358.433277
4,176,358.433277
4,177,358.433277
4,178,358.433277
4,179,358.433277
4,180,358.433277
4,181,372.559839
4,182,372.559839
4,183,372.559839
4,184,372.559839
4,185,372.559839
4,186,372.559839
4,187,372.559839
4,188,372.559839
4,189,372.559839
4,190,372.559839
4,191,372.559839
4,192,372.559839
4,193,372.559839
4,194,372.559839
4,195,372.559839
4,196,372.559839
4,197,372.559839
4,198,372.559839
4,199,372.559839
4,200,372.559839
4,201,372.559839
4,202,372.559839
4,203,372.559839
4,204,372.559839
4,205,372.559839
4,206,372.559839
4,207,372.559839
4,208,372.559839
4,209,372.559839
4,210,372.559839
4,211,372.559839
4,212,372.559839
4,213,372.559839
4,214,372.559839
4,215,372.559839
4,216,372.559839
4,217,372.559839
4,218,372.559839
4,219,372.559839
4,220,372.559839
4,221,372.559839
4,222,372.559839
4,223,372.559839
4,224,372.559839
4,225,372.559839
4,226,372.559839
4,227,372.559839
4,228,372.559839
4,229,372.559839
4,230,379.166652
4,231,379.166652
4,232,404.289598
4,233,404.289598
4,234,404.289598
4,235,415.126401
4,236,415.126401
4,237,415.126401
4,238,415.126401
4,239,415.126401
4,240,415.126401
4,241,415.126401
4,242,415.126401
4,243,415.126401
4,244,415.126401
4,245,415.126401
4,246,415.126401
4,247,415.126401
4,248,415.126401
4,249,415.126401
4,250,415.126401
4,251,415.126401
4,252,415.126401
4,253,415.126401
4,254,415.126401
4,255,415.126401
4,256,415.126401
4,257,427.575654
4,258,427.575654
4,259,427.575654
4,260,427.575654
4,261,427.575654
4,262,427.575654
4,263,427.575654
4,264,427.575654
4,265,427.575654
4,266,427.575654
4,267,430.136180
4,268,430.136180
4,269,430.136180
4,270,430.136180
4,271,430.136180
4,272,430.136180
4,273,430.136180
4,274,430.136180
4,275,430.136180
4,276,430.136180
4,277,430.136180
4,278,435.284714
4,279,435.284714
4,280,435.284714
4,281,435.284714
4,282,435.284714
4,283,435.284714
4,284,435.284714
4,285,435.284714
4,286,435.284714
4,287,435.284714
4,288,435.284714
4,289,442.870392
4,290,442.870392
4,291,442.870392
4,292,442.870392
4,293,442.870392
4,294,442.870392
4,295,442.870392
4,296,442.870392
4,297,442.870392
4,298,442.870392
4,299,442.870392
4,300,442.870392
4,301,442.870392
4,302,442.870392
4,303,442.870392
4,304,442.870392
4,305,442.870392
4,306,442.870392
4,307,442.870392
4,308,442.870392
4,309,442.870392
4,310,442.870392
4,311,442.870392
4,312,442.870392
4,313,442.870392
4,314,442.870392
4,315,442.870392
4,316,442.870392
4,317,442.870392
4,318,442.870392
4,319,442.870392
4,320,442.870392
4,321,442.870392
4,322,442.870392
4,323,442.870392
4,324,442.870392
4,325,442.870392
4,326,442.870392
4,327,442.870392
4,328,442.870392
4,329,442.870392
4,330,442.870392
4,331,442.870392
4,332,442.870392
4,333,442.870392
4,334,442.870392
4,335,442.870392
4,336,442.870392
4,337,442.870392
4,338,442.870392
4,339,442.870392
4,340,442.870392
4,341,442.870392
4,342,442.870392
4,343,442.870392
4,344,442.870392
4,345,442.870392
4,346,442.870392
4,347,442.870392
4,348,442.870392
4,349,442.870392
4,350,442.870392
4,351,442.870392
4,352,442.870392
4,353,442.870392
4,354,442.870392
4,355,442.870392
4,356,442.870392
4,357,442.870392
4,358,442.870392
4,359,442.870392
4,360,442.870392
4,361,442.870392
4,362,442.870392
4,363,442.870392
4,364,442.870392
4,365,442.870392
4,366,442.870392
4,367,442.870392
4,368,442.870392
4,369,442.870392
4,370,442.870392
4,371,442.870392
4,372,442.870392
4,373,449.075773
4,374,449.075773
4,375,449.075773
4,376,449.075773
4,377,449.075773
4,378,449.075773
4,379,449.075773
4,380,449.075773
4,381,449.075773
4,382,449.075773
4,383,449.075773
4,384,449.075773
4,385,449.075773
4,386,449.075773
4,387,449.075773
4,388,449.075773
4,389,449.075773
4,390,449.075773
4,391,449.075773
4,392,449.075773
4,393,449.075773
4,394,449.075773
4,395,449.075773
4,396,449.075773
4,397,449.075773
4,398,449.075773
4,399,449.075773
4,400,449.075773
4,401,449.075773
4,402,449.075773
4,403,449.075773
4,404,449.075773
4,405,449.075773
4,406,449.075773
4,407,449.075773
4,408,449.075773
4,409,449.075773
4,410,449.075773
4,411,449.075773
4,412,449.075773
4,413,449.075773
4,414,449.075773
4,415,449.075773
4,416,449.075773
4,417,449.075773
4,418,449.075773
4,419,449.075773
4,420,449.075773
4,421,449.075773
4,422,449.075773
4,423,449.075773
4,424,449.075773
4,425,449.075773
4,426,449.075773
4,427,449.075773
4,428,449.075773
4,429,449.075773
4,430,449.075773
4,431,449.075773
4,432,449.075773
4,433,449.075773
4,434,449.075773
4,435,449.075773
4,436,449.075773
4,437,449.075773
4,438,449.075773
4,439,449.075773
4,440,449.075773
4,441,449.075773
4,442,449.075773
4,443,449.075773
4,444,449.075773
4,445,449.075773
4,446,449.075773
4,447,449.075773
4,448,449.075773
4,449,449.075773
4,450,449.075773
4,451,449.075773
4,452,449.075773
4,453,449.075773
4,454,449.075773
4,455,449.075773
4,456,449.075773
4,457,449.075773
4,458,449.075773
4,459,449.075773
4,460,449.075773
4,461,449.075773
4,462,449.075773
4,463,449.075773
4,464,449.075773
4,465,449.075773
4,466,449.075773
4,467,449.075773
4,468,449.075773
4,469,449.075773
4,470,449.075773
4,471,449.075773
4,472,449.075773
4,473,449.075773
4,474,449.075773
4,475,449.075773
4,476,449.075773
4,477,449.075773
4,478,449.075773
4,479,449.075773
4,480,449.075773
4,481,449.075773
4,482,449.075773
4,483,449.075773
4,484,449.075773
4,485,449.075773
4,486,449.075773
4,487,449.075773
4,488,449.075773
4,489,449.075773
4,490,449.075773
4,491,449.075773
4,492,449.075773
4,493,449.075773
4,494,449.075773
4,495,449.075773
4,496,449.075773
4,497,449.075773
4,498,449.075773
4,499,449.075773
4,500,449.075773
4,501,449.075773
4,502,449.075773
4,503,449.075773
4,504,449.075773
4,505,449.075773
4,506,449.075773
4,507,449.075773
4,508,449.075773
4,509,449.075773
4,510,449.075773
4,511,449.075773
4,512,449.075773
4,513,449.075773
4,514,449.075773
4,515,449.075773
4,516,449.075773
4,517,449.075773
4,518,449.075773
4,519,449.075773
4,520,449.075773
4,521,449.075773
4,522,449.075773
4,523,449.075773
4,524,449.075773
4,525,449.075773
4,526,449.075773
4,527,449.075773
4,528,449.075773
4,529,449.075773
4,530,449.075773
4,531,449.075773
4,532,449.075773
4,533,449.075773
4,534,449.075773
4,535,449.075773
4,536,449.075773
4,537,449.075773
4,538,449.075773
4,539,449.075773
4,540,449.075773
4,541,449.075773
4,542,449.075773
4,543,449.075773
4,544,449.075773
4,545,449.075773
4,546,449.075773
4,547,449.075773
4,548,449.075773
4,549,449.075773
4,550,449.075773
4,551,449.075773
4,552,449.075773
4,553,449.075773
4,554,449.075773
4,555,449.075773
4,556,449.075773
4,557,449.075773
4,558,449.075773
4,559,449.075773
4,560,473.465578
4,561,473.465578
4,562,473.465578
4,563,473.465578
4,564,473.465578
4,565,473.465578
4,566,473.465578
4,567,473.465578
4,568,473.465578
4,569,473.465578
4,570,473.465578
4,571,473.465578
4,572,473.465578
4,573,473.465578
4,574,473.465578
4,575,473.465578
4,576,473.465578
4,577,473.465578
4,578,473.465578
4,579,473.465578
4,580,473.465578
4,581,473.465578
4,582,473.465578
4,583,473.465578
4,584,473.465578
4,585,473.465578
4,586,473.465578
4,587,473.465578
4,588,473.465578
4,589,473.465578
4,590,473.465578
4,591,473.465578
4,592,473.465578
4,593,473.465578
4,594,473.465578
4,595,473.465578
4,596,473.465578
4,597,473.465578
4,598,473.465578
4,599,473.465578
4,600,473.465578
4,601,473.465578
4,602,473.465578
4,603,473.465578
4,604,473.465578
4,605,473.465578
4,606,473.465578
4,607,473.465578
4,608,473.465578
4,609,473.465578
4,610,473.465578
4,611,473.465578
4,612,473.465578
4,613,473.465578
4,614,473.465578
4,615,473.465578
4,616,473.465578
4,617,473.465578
4,618,473.465578
4,619,473.465578
4,620,473.465578
4,621,473.465578
4,622,473.465578
4,623,473.465578
4,624,473.465578
4,625,473.465578
4,626,473.465578
4,627,473.465578
4,628,473.465578
4,629,473.465578
4,630,473.465578
4,631,473.465578
4,632,473.465578
4,633,473.465578
4,634,473.465578
4,635,473.465578
4,636,473.465578
4,637,473.465578
4,638,473.465578
4,639,473.465578
4,640,473.465578
4,641,473.465578
4,642,473.465578
4,643,473.465578
4,644,473.465578
4,645,473.465578
4,646,473.465578
4,647,473.465578
4,648,473.465578
4,649,473.465578
4,650,473.465578
4,651,473.465578
4,652,473.465578
4,653,473.465578
4,654,473.465578
4,655,473.465578
4,656,473.465578
4,657,473.465578
4,658,473.465578
4,659,473.465578
4,660,473.465578
4,661,473.465578
4,662,473.465578
4,663,473.465578
4,664,473.465578
4,665,473.465578
4,666,473.465578
4,667,473.465578
4,668,473.465578
4,669,473.465578
4,670,473.465578
4,671,473.465578
4,672,473.465578
4,673,473.465578
4,674,473.465578
4,675,473.465578
4,676,473.465578
4,677,473.465578
4,678,473.465578
4,679,473.465578
4,680,473.465578
4,681,473.465578
4,682,473.465578
4,683,473.465578
4,684,473.465578
4,685,473.465578
4,686,473.465578
4,687,473.465578
4,688,473.465578
4,689,473.465578
4,690,473.465578
4,691,473.465578
4,692,473.465578
4,693,473.465578
4,694,473.465578
4,695,473.465578
4,696,473.465578
4,697,473.465578
4,698,473.465578
4,699,473.465578
4,700,473.465578
4,701,473.465578
4,702,473.465578
4,703,473.465578
4,704,473.465578
4,705,473.465578
4,706,473.465578
4,707,473.465578
4,708,473.465578
4,709,473.465578
4,710,473.465578
4,711,473.465578
4,712,473.465578
4,713,473.465578
4,714,473.465578
4,715,473.465578
4,716,473.465578
4,717,473.465578
4,718,473.465578
4,719,473.465578
4,720,473.465578
4,721,473.465578
4,722,473.465578
4,723,473.465578
4,724,473.465578
4,725,473.465578
4,726,473.465578
4,727,473.465578
4,728,473.465578
4,729,473.465578
4,730,473.465578
4,731,473.465578
4,732,473.465578
4,733,473.465578
4,734,473.465578
4,735,473.465578
4,736,473.465578
4,737,473.465578
4,738,473.465578
4,739,473.465578
4,740,473.465578
4,741,473.465578
4,742,473.465578
4,743,473.465578
4,744,473.465578
4,745,473.465578
4,746,473.465578
4,747,473.465578
4,748,473.465578
4,749,473.465578
4,750,473.465578
4,751,473.465578
4,752,473.465578
4,753,473.465578
4,754,473.465578
4,755,473.465578
4,756,473.465578
4,757,473.465578
4,758,473.465578
4,759,473.465578
4,760,473.465578
4,761,473.465578
4,762,473.465578
4,763,473.465578
4,764,473.465578
4,765,473.465578
4,766,473.465578
4,767,473.465578
4,768,473.465578
4,769,473.465578
4,770,473.465578
4,771,473.465578
4,772,473.465578
4,773,473.465578
4,774,473.465578
4,775,473.465578
4,776,473.465578
4,777,473.465578
4,778,473.465578
4,779,473.465578
4,780,473.465578
4,781,473.465578
4,782,473.465578
4,783,473.465578
4,784,473.465578
4,785,473.465578
4,786,473.465578
4,787,473.465578
4,788,473.465578
4,789,473.465578
4,790,473.465578
4,791,473.465578
4,792,473.465578
4,793,473.465578
4,794,473.465578
4,795,473.465578
4,796,473.465578
4,797,473.465578
4,798,473.465578
4,799,473.465578
4,800,473.465578
4,801,473.465578
4,802,473.465578
4,803,473.465578
4,804,473.465578
4,805,473.465578
4,806,473.465578
4,807,473.465578
4,808,473.465578
4,809,473.465578
4,810,473.465578
4,811,473.465578
4,812,473.465578
4,813,473.465578
4,814,473.465578
4,815,473.465578
4,816,473.465578
4,817,473.465578
4,818,473.465578
4,819,473.465578
4,820,473.465578
4,821,473.465578
4,822,473.465578
4,823,473.465578
4,824,473.465578
4,825,473.465578
4,826,473.465578
4,827,473.465578
4,828,473.465578
4,829,473.465578
4,830,473.465578
4,831,473.465578
4,832,473.465578
4,833,473.465578
4,834,473.465578
4,835,473.465578
4,836,473.465578
4,837,473.465578
4,838,473.465578
4,839,473.465578
4,840,473.465578
4,841,473.465578
4,842,473.465578
4,843,473.465578
4,844,473.465578
4,845,473.465578
4,846,473.465578
4,847,473.465578
4,848,473.465578
4,849,473.465578
4,850,473.465578
4,851,473.465578
4,852,473.465578
4,853,473.465578
4,854,473.465578
4,855,473.465578
4,856,473.465578
4,857,473.465578
4,858,473.465578
4,859,473.465578
4,860,473.465578
4,861,473.465578
4,862,473.465578
4,863,473.465578
4,864,473.465578
4,865,473.465578
4,866,473.465578
4,867,473.465578
4,868,473.465578
4,869,473.465578
4,870,473.465578
4,871,473.465578
4,872,473.465578
4,873,473.465578
4,874,473.465578
4,875,473.465578
4,876,473.465578
4,877,473.465578
4,878,473.465578
4,879,473.465578
4,880,473.465578
4,881,473.465578
4,882,473.465578
4,883,473.465578
4,884,476.719153
4,885,476.719153
4,886,476.719153
4,887,476.719153
4,888,476.719153
4,889,476.719153
4,890,476.719153
4,891,476.719153
4,892,476.719153
4,893,476.719153
4,894,476.719153
4,895,476.719153
4,896,476.719153
4,897,476.719153
4,898,476.719153
4,899,476.719153
4,900,476.719153
4,901,476.719153
4,902,476.719153
4,903,476.719153
4,904,476.719153
4,905,476.719153
4,906,476.719153
4,907,476.719153
4,908,476.719153
4,909,476.719153
4,910,476.719153
4,911,476.719153
4,912,476.719153
4,913,476.719153
4,914,476.719153
4,915,476.719153
4,916,476.719153
4,917,476.719153
4,918,476.719153
4,919,476.719153
4,920,476.719153
4,921,476.719153
4,922,476.719153
4,923,476.719153
4,924,476.719153
4,925,476.719153
4,926,476.719153
4,927,476.719153
4,928,476.719153
4,929,476.719153
4,930,476.719153
4,931,476.719153
4,932,476.719153
4,933,476.719153
4,934,476.719153
4,935,476.719153
4,936,476.719153
4,937,476.719153
4,938,476.719153
4,939,476.719153
4,940,476.719153
4,941,476.719153
4,942,476.719153
4,943,476.719153
4,944,476.719153
4,945,476.719153
4,946,476.719153
4,947,476.719153
4,948,476.719153
4,949,476.719153
4,950,476.719153
4,951,476.719153
4,952,476.719153
4,953,476.719153
4,954,476.719153
4,955,476.719153
4,956,476.719153
4,957,476.719153
4,958,476.719153
4,959,476.719153
4,960,476.719153
4,961,476.719153
4,962,476.719153
4,963,476.719153
4,964,476.719153
4,965,476.719153
4,966,476.719153
4,967,476.719153
4,968,476.719153
4,969,476.719153
4,970,476.719153
4,971,476.719153
4,972,476.719153
4,973,476.719153
4,974,476.719153
4,975,476.719153
4,976,476.719153
4,977,476.719153
4,978,476.719153
4,979,476.719153
4,980,476.719153
4,981,476.719153
4,982,476.719153
4,983,476.719153
4,984,476.719153
4,985,476.719153
4,986,476.719153
4,987,476.719153
4,988,476.719153
4,989,476.719153
4,990,476.719153
4,991,476.719153
4,992,476.719153
4,993,476.719153
4,994,476.719153
4,995,476.719153
4,996,481.593326
4,997,481.593326
4,998,481.593326
4,999,481.593326
5,0,106.011556
5,1,110.596456
5,2,110.596456
5,3,128.849200
5,4,128.849200
5,5,128.849200
5,6,128.849200
5,7,128.849200
5,8,128.849200
5,9,128.849200
5,10,128.849200
5,11,128.849200
5,12,128.849200
5,13,128.849200
5,14,132.855897
5,15,133.800368
5,16,156.592599
5,17,156.592599
5,18,156.592599
5,19,156.592599
5,20,156.592599
5,21,156.592599
5,22,156.592599
5,23,156.592599
5,24,156.592599
5,25,156.592599
5,26,156.592599
5,27,156.592599
5,28,156.592599
5,29,156.592599
5,30,156.592599
5,31,176.959444
5,32,176.959444
5,33,176.959444
5,34,176.959444
5,35,176.959444
5,36,176.959444
5,37,176.959444
5,38,176.959444
5,39,176.959444
5,40,176.959444
5,41,176.959444
5,42,176.959444
5,43,176.959444
5,44,176.959444
5,45,176.959444
5,46,176.959444
5,47,176.959444
5,48,176.959444
5,49,176.959444
5,50,176.959444
5,51,176.959444
5,52,176.959444
5,53,176.959444
5,54,176.959444
5,55,176.959444
5,56,176.959444
5,57,176.959444
5,58,176.959444
5,59,176.959444
5,60,176.959444
5,61,176.959444
5,62,183.073500
5,63,183.073500
5,64,183.073500
5,65,203.512979
5,66,203.512979
5,67,203.512979
5,68,203.512979
5,69,245.882218
5,70,245.882218
5,71,250.029838
5,72,250.029838
5,73,250.029838
5,74,250.029838
5,75,250.029838
5,76,250.029838
5,77,250.029838
5,78,250.029838
5,79,250.029838
5,80,250.029838
5,81,250.029838
5,82,250.029838
5,83,250.029838
5,84,250.029838
5,85,250.029838
5,86,250.029838
5,87,275.025325
5,88,329.682841
5,89,329.682841
5,90,329.682841
5,91,329.682841
5,92,329.682841
5,93,329.682841
5,94,329.682841
5,95,329.682841
5,96,329.682841
5,97,329.682841
5,98,329.682841
5,99,329.682841
5,100,329.682841
5,101,329.682841
5,102,329.682841
5,103,329.682841
5,104,329.682841
5,105,329.682841
5,106,329.682841
5,107,329.682841
5,108,329.682841
5,109,329.682841
5,110,329.682841
5,111,329.682841
5,112,329.682841
5,113,329.682841
5,114,329.682841
5,115,329.682841
5,116,329.682841
5,117,329.682841
5,118,329.682841
5,119,329.682841
5,120,329.682841
5,121,329.682841
5,122,329.682841
5,123,329.682841
5,124,329.682841
5,125,329.682841
5,126,329.682841
5,127,329.682841
5,128,329.682841
5,129,329.682841
5,130,329.682841
5,131,329.682841
5,132,353.884516
5,133,353.884516
5,134,377.601029
5,135,433.824812
5,136,433.824812
5,137,442.005555
5,138,442.005555
5,139,442.005555
5,140,442.005555
5,141,442.005555
5,142,442.005555
5,143,442.005555
5,144,512.268261
5,145,512.268261
5,146,512.268261
5,147,512.268261
5,148,512.268261
5,149,512.268261
5,150,512.268261
5,151,512.268261
5,152,512.268261
5,153,512.268261
5,154,512.268261
5,155,512.268261
5,156,512.268261
5,157,512.268261
5,158,512.268261
5,159,512.268261
5,160,512.268261
5,161,512.268261
5,162,512.268261
5,163,512.268261
5,164,512.268261
5,165,512.268261
5,166,512.268261
5,167,512.268261
5,168,512.268261
5,169,512.268261
5,170,512.268261
5,171,512.268261
5,172,512.268261
5,173,512.268261
5,174,512.268261
5,175,512.268261
5,176,512.268261
5,177,512.268261
5,178,512.268261
5,179,512.268261
5,180,512.268261
5,181,512.268261
5,182,512.268261
5,183,512.268261
5,184,512.268261
5,185,512.268261
5,186,512.268261
5,187,512.268261
5,188,512.268261
5,189,512.268261
5,190,512.268261
5,191,512.268261
5,192,512.268261
5,193,512.268261
5,194,512.268261
5,195,512.268261
5,196,512.268261
5,197,512.268261
5,198,512.268261
5,199,512.268261
5,200,512.268261
5,201,512.268261
5,202,512.268261
5,203,512.268261
5,204,512.268261
5,205,512.268261
5,206,512.268261
5,207,512.268261
5,208,512.268261
5,209,512.268261
5,210,512.268261
5,211,512.268261
5,212,512.268261
5,213,512.268261
5,214,512.268261
5,215,512.268261
5,216,512.268261
5,217,512.268261
5,218,512.268261
5,219,512.268261
5,220,512.268261
5,221,512.268261
5,222,512.268261
5,223,512.268261
5,224,512.268261
5,225,512.268261
5,226,512.268261
5,227,512.268261
5,228,512.268261
5,229,512.268261
5,230,512.268261
5,231,512.268261
5,232,512.268261
5,233,512.268261
5,234,512.268261
5,235,512.268261
5,236,512.268261
5,237,512.268261
5,238,512.268261
5,239,512.268261
5,240,512.361768
5,241,512.361768
5,242,512.361768
5,243,521.816810
5,244,521.816810
5,245,521.816810
5,246,521.816810
5,247,521.816810
5,248,521.816810
5,249,521.816810
5,250,521.816810
5,251,521.816810
5,252,521.816810
5,253,521.816810
5,254,521.816810
5,255,521.816810
5,256,521.816810
5,257,521.816810
5,258,521.816810
5,259,521.816810
5,260,521.816810
5,261,521.816810
5,262,521.816810
5,263,521.816810
5,264,521.816810
5,265,521.816810
5,266,521.816810
5,267,521.816810
5,268,521.816810
5,269,521.816810
5,270,521.816810
5,271,521.816810
5,272,521.816810
5,273,521.816810
5,274,521.816810
5,275,521.816810
5,276,521.816810
5,277,521.816810
5,278,521.816810
5,279,521.816810
5,280,521.816810
5,281,521.816810
5,282,521.816810
5,283,521.816810
5,284,521.816810
5,285,521.816810
5,286,521.816810
5,287,521.816810
5,288,521.816810
5,289,521.816810
5,290,521.816810
5,291,521.816810
5,292,521.816810
5,293,521.816810
5,294,521.816810
5,295,521.816810
5,296,521.816810
5,297,521.816810
5,298,521.816810
5,299,521.816810
5,300,521.816810
5,301,521.816810
5,302,521.816810
5,303,521.816810
5,304,521.816810
5,305,521.816810
5,306,521.816810
5,307,521.816810
5,308,521.816810
5,309,521.816810
5,310,521.816810
5,311,521.816810
5,312,521.816810
5,313,521.816810
5,314,521.816810
5,315,521.816810
5,316,521.816810
5,317,521.816810
5,318,521.816810
5,319,521.816810
5,320,521.816810
5,321,521.816810
5,322,521.816810
5,323,521.816810
5,324,521.816810
5,325,521.816810
5,326,521.816810
5,327,521.816810
5,328,521.816810
5,329,521.816810
5,330,521.816810
5,331,521.816810
5,332,521.816810
5,333,521.816810
5,334,521.816810
5,335,521.816810
5,336,521.816810
5,337,521.816810
5,338,521.816810
5,339,521.816810
5,340,521.816810
5,341,521.816810
5,342,521.816810
5,343,521.816810
5,344,521.816810
5,345,521.816810
5,346,521.816810
5,347,521.816810
5,348,521.816810
5,349,521.816810
5,350,521.816810
5,351,521.816810
5,352,521.816810
5,353,521.816810
5,354,521.816810
5,355,527.672140
5,356,527.672140
5,357,527.672140
5,358,527.672140
5,359,527.672140
5,360,527.672140
5,361,527.672140
5,362,527.672140
5,363,527.672140
5,364,527.672140
5,365,527.672140
5,366,527.672140
5,367,527.672140
5,368,527.672140
5,369,527.672140
5,370,527.672140
5,371,527.672140
5,372,527.672140
5,373,527.672140
5,374,527.672140
5,375,527.672140
5,376,527.672140
5,377,527.672140
5,378,527.672140
5,379,527.672140
5,380,527.672140
5,381,527.672140
5,382,527.672140
5,383,527.672140
5,384,527.672140
5,385,527.672140
5,386,527.672140
5,387,527.672140
5,388,527.672140
5,389,527.672140
5,390,527.672140
5,391,527.672140
5,392,527.672140
5,393,527.672140
5,394,527.672140
5,395,527.672140
5,396,527.672140
5,397,527.672140
5,398,527.672140
5,399,527.672140
5,400,527.672140
5,401,527.672140
5,402,527.672140
5,403,527.672140
5,404,527.672140
5,405,527.672140
5,406,527.672140
5,407,527.672140
5,408,527.672140
5,409,527.672140
5,410,527.672140
5,411,527.672140
5,412,527.672140
5,413,527.672140
5,414,527.672140
5,415,527.672140
5,416,527.672140
5,417,527.672140
5,418,527.672140
5,419,527.672140
5,420,527.672140
5,421,527.672140
5,422,527.672140
5,423,527.672140
5,424,527.672140
5,425,527.672140
5,426,527.672140
5,427,527.672140
5,428,527.672140
5,429,527.672140
5,430,527.672140
5,431,527.672140
5,432,527.672140
5,433,527.672140
5,434,527.672140
5,435,527.672140
5,436,527.672140
5,437,527.672140
5,438,527.672140
5,439,527.672140
5,440,527.672140
5,441,527.672140
5,442,527.672140
5,443,527.672140
5,444,527.672140
5,445,527.672140
5,446,552.915407
5,447,552.915407
5,448,552.915407
5,449,552.915407
5,450,552.915407
5,451,552.915407
5,452,552.915407
5,453,552.915407
5,454,552.915407
5,455,552.915407
5,456,552.915407
5,457,552.915407
5,458,552.915407
5,459,552.915407
5,460,552.915407
5,461,552.915407
5,462,552.915407
5,463,552.915407
5,464,552.915407
5,465,552.915407
5,466,552.915407
5,467,552.915407
5,468,552.915407
5,469,552.915407
5,470,552.915407
5,471,552.915407
5,472,552.915407
5,473,552.915407
5,474,552.915407
5,475,552.915407
5,476,552.915407
5,477,552.915407
5,478,552.915407
5,479,552.915407
5,480,552.915407
5,481,552.915407
5,482,552.915407
5,483,552.915407
5,484,552.915407
5,485,552.915407
5,486,552.915407
5,487,552.915407
5,488,552.915407
5,489,552.915407
5,490,552.915407
5,491,552.915407
5,492,552.915407
5,493,552.915407
5,494,552.915407
5,495,552.915407
5,496,552.915407
5,497,552.915407
5,498,552.915407
5,499,552.915407
5,500,552.915407
5,501,552.915407
5,502,552.915407
5,503,552.915407
5,504,552.915407
5,505,552.915407
5,506,552.915407
5,507,552.915407
5,508,552.915407
5,509,552.915407
5,510,552.915407
5,511,552.915407
5,512,552.915407
5,513,552.915407
5,514,552.915407
5,515,552.915407
5,516,552.915407
5,517,552.915407
5,518,552.915407
5,519,552.915407
5,520,552.915407
5,521,552.915407
5,522,552.915407
5,523,552.915407
5,524,552.915407
5,525,552.915407
5,526,552.915407
5,527,552.915407
5,528,552.915407
5,529,552.915407
5,530,552.915407
5,531,552.915407
5,532,552.915407
5,533,552.915407
5,534,552.915407
5,535,552.915407
5,536,552.915407
5,537,552.915407
5,538,552.915407
5,539,552.915407
5,540,552.915407
5,541,552.915407
5,542,552.915407
5,543,552.915407
5,544,552.915407
5,545,552.915407
5,546,552.915407
5,547,552.915407
5,548,552.915407
5,549,552.915407
5,550,552.915407
5,551,552.915407
5,552,552.915407
5,553,552.915407
5,554,552.915407
5,555,552.915407
5,556,552.915407
5,557,552.915407
5,558,552.915407
5,559,552.915407
5,560,552.915407
5,561,552.915407
5,562,552.915407
5,563,552.915407
5,564,552.915407
5,565,552.915407
5,566,552.915407
5,567,552.915407
5,568,552.915407
5,569,552.915407
5,570,552.915407
5,571,552.915407
5,572,552.915407
5,573,552.915407
5,574,552.915407
5,575,552.915407
5,576,552.915407
5,577,552.915407
5,578,552.915407
5,579,552.915407
5,580,552.915407
5,581,552.915407
5,582,552.915407
5,583,552.915407
5,584,552.915407
5,585,552.915407
5,586,552.915407
5,587,552.915407
5,588,552.915407
5,589,552.915407
5,590,552.915407
5,591,552.915407
5,592,552.915407
5,593,552.915407
5,594,552.915407
5,595,552.915407
5,596,552.915407
5,597,552.915407
5,598,552.915407
5,599,552.915407
5,600,552.915407
5,601,552.915407
5,602,552.915407
5,603,552.915407
5,604,552.915407
5,605,552.915407
5,606,552.915407
5,607,552.915407
5,608,552.915407
5,609,552.915407
5,610,552.915407
5,611,552.915407
5,612,552.915407
5,613,552.915407
5,614,552.915407
5,615,552.915407
5,616,552.915407
5,617,552.915407
5,618,552.915407
5,619,552.915407
5,620,552.915407
5,621,552.915407
5,622,552.915407
5,623,552.915407
5,624,552.915407
5,625,552.915407
5,626,552.915407
5,627,552.915407
5,628,552.915407
5,629,552.915407
5,630,552.915407
5,631,552.915407
5,632,552.915407
5,633,552.915407
5,634,552.915407
5,635,552.915407
5,636,552.915407
5,637,552.915407
5,638,552.915407
5,639,552.915407
5,640,552.915407
5,641,552.915407
5,642,552.915407
5,643,552.915407
5,644,552.915407
5,645,552.915407
5,646,552.915407
5,647,552.915407
5,648,552.915407
5,649,552.915407
5,650,552.915407
5,651,552.915407
5,652,552.915407
5,653,552.915407
5,654,552.915407
5,655,552.915407
5,656,552.915407
5,657,552.915407
5,658,552.915407
5,659,552.915407
5,660,552.915407
5,661,552.915407
5,662,552.915407
5,663,552.915407
5,664,552.915407
5,665,552.915407
5,666,552.915407
5,667,552.915407
5,668,552.915407
5,669,552.915407
5,670,552.915407
5,671,552.915407
5,672,552.915407
5,673,552.915407
5,674,552.915407
5,675,552.915407
5,676,552.915407
5,677,552.915407
5,678,552.915407
5,679,552.915407
5,680,552.915407
5,681,552.915407
5,682,552.915407
5,683,552.915407
5,684,552.915407
5,685,552.915407
5,686,552.915407
5,687,552.915407
5,688,552.915407
5,689,552.915407
5,690,552.915407
5,691,552.915407
5,692,552.915407
5,693,552.915407
5,694,552.915407
5,695,552.915407
5,696,552.915407
5,697,552.915407
5,698,552.915407
5,699,552.915407
5,700,552.915407
5,701,552.915407
5,702,552.915407
5,703,552.915407
5,704,552.915407
5,705,552.915407
5,706,552.915407
5,707,552.915407
5,708,552.915407
5,709,552.915407
5,710,552.915407
5,711,552.915407
5,712,552.915407
5,713,552.915407
5,714,552.915407
5,715,552.915407
5,716,552.915407
5,717,552.915407
5,718,552.915407
5,719,552.915407
5,720,552.915407
5,721,552.915407
5,722,552.915407
5,723,552.915407
5,724,552.915407
5,725,552.915407
5,726,552.915407
5,727,552.915407
5,728,552.915407
5,729,552.915407
5,730,552.915407
5,731,552.915407
5,732,552.915407
5,733,552.915407
5,734,552.915407
5,735,552.915407
5,736,552.915407
5,737,552.915407
5,738,552.915407
5,739,552.915407
5,740,552.915407
5,741,552.915407
5,742,552.915407
5,743,552.915407
5,744,552.915407
5,745,552.915407
5,746,552.915407
5,747,552.915407
5,748,552.915407
5,749,552.915407
5,750,552.915407
5,751,552.915407
5,752,552.915407
5,753,552.915407
5,754,552.915407
5,755,552.915407
5,756,552.915407
5,757,552.915407
5,758,552.915407
5,759,552.915407
5,760,552.915407
5,761,552.915407
5,762,552.915407
5,763,552.915407
5,764,552.915407
5,765,552.915407
5,766,552.915407
5,767,552.915407
5,768,552.915407
5,769,552.915407
5,770,552.915407
5,771,552.915407
5,772,552.915407
5,773,552.915407
5,774,552.915407
5,775,552.915407
5,776,552.915407
5,777,552.915407
5,778,552.915407
5,779,552.915407
5,780,552.915407
5,781,552.915407
5,782,552.915407
5,783,552.915407
5,784,552.915407
5,785,552.915407
5,786,552.915407
5,787,552.915407
5,788,552.915407
5,789,552.915407
5,790,552.915407
5,791,552.915407
5,792,552.915407
5,793,552.915407
5,794,552.915407
5,795,552.915407
5,796,552.915407
5,797,552.915407
5,798,552.915407
5,799,552.915407
5,800,552.915407
5,801,552.915407
5,802,552.915407
5,803,552.915407
5,804,552.915407
5,805,552.915407
5,806,552.915407
5,807,552.915407
5,808,552.915407
5,809,552.915407
5,810,552.915407
5,811,552.915407
5,812,552.915407
5,813,552.915407
5,814,552.915407
5,815,552.915407
5,816,552.915407
5,817,552.915407
5,818,552.915407
5,819,552.915407
5,820,552.915407
5,821,552.915407
5,822,552.915407
5,823,552.915407
5,824,552.915407
5,825,552.915407
5,826,552.915407
5,827,552.915407
5,828,552.915407
5,829,552.915407
5,830,552.915407
5,831,552.915407
5,832,552.915407
5,833,552.915407
5,834,552.915407
5,835,552.915407
5,836,552.915407
5,837,552.915407
5,838,552.915407
5,839,552.915407
5,840,552.915407
5,841,552.915407
5,842,552.915407
5,843,552.915407
5,844,552.915407
5,845,552.915407
5,846,552.915407
5,847,552.915407
5,848,552.915407
5,849,552.915407
5,850,552.915407
5,851,552.915407
5,852,552.915407
5,853,552.915407
5,854,552.915407
5,855,552.915407
5,856,552.915407
5,857,552.915407
5,858,552.915407
5,859,552.915407
5,860,552.915407
5,861,552.915407
5,862,552.915407
5,863,552.915407
5,864,552.915407
5,865,552.915407
5,866,552.915407
5,867,552.915407
5,868,552.915407
5,869,552.915407
5,870,552.915407
5,871,552.915407
5,872,552.915407
5,873,552.915407
5,874,552.915407
5,875,552.915407
5,876,552.915407
5,877,552.915407
5,878,552.915407
5,879,552.915407
5,880,552.915407
5,881,552.915407
5,882,552.915407
5,883,552.915407
5,884,552.915407
5,885,552.915407
5,886,552.915407
5,887,552.915407
5,888,552.915407
5,889,552.915407
5,890,552.915407
5,891,552.915407
5,892,552.915407
5,893,552.915407
5,894,552.915407
5,895,552.915407
5,896,552.915407
5,897,552.915407
5,898,552.915407
5,899,552.915407
5,900,552.915407
5,901,552.915407
5,902,552.915407
5,903,552.915407
5,904,552.915407
5,905,552.915407
5,906,552.915407
5,907,552.915407
5,908,552.915407
5,909,552.915407
5,910,552.915407
5,911,552.915407
5,912,552.915407
5,913,552.915407
5,914,552.915407
5,915,552.915407
5,916,552.915407
5,917,552.915407
5,918,552.915407
5,919,552.915407
5,920,552.915407
5,921,552.915407
5,922,552.915407
5,923,552.915407
5,924,552.915407
5,925,552.915407
5,926,552.915407
5,927,552.915407
5,928,552.915407
5,929,552.915407
5,930,552.915407
5,931,552.915407
5,932,552.915407
5,933,552.915407
5,934,552.915407
5,935,552.915407
5,936,552.915407
5,937,552.915407
5,938,552.915407
5,939,552.915407
5,940,552.915407
5,941,552.915407
5,942,552.915407
5,943,552.915407
5,944,552.915407
5,945,552.915407
5,946,552.915407
5,947,552.915407
5,948,552.915407
5,949,552.915407
5,950,552.915407
5,951,552.915407
5,952,552.915407
5,953,552.915407
5,954,552.915407
5,955,552.915407
5,956,552.915407
5,957,552.915407
5,958,552.915407
5,959,552.915407
5,960,552.915407
5,961,552.915407
5,962,552.915407
5,963,552.915407
5,964,552.915407
5,965,552.915407
5,966,552.915407
5,967,552.915407
5,968,552.915407
5,969,552.915407
5,970,552.915407
5,971,552.915407
5,972,552.915407
5,973,552.915407
5,974,552.915407
5,975,552.915407
5,976,552.915407
5,977,552.915407
5,978,552.915407
5,979,552.915407
5,980,552.915407
5,981,552.915407
5,982,552.915407
5,983,552.915407
5,984,552.915407
5,985,552.915407
5,986,552.915407
5,987,552.915407
5,988,552.915407
5,989,552.915407
5,990,552.915407
5,991,552.915407
5,992,552.915407
5,993,552.915407
5,994,552.915407
5,995,552.915407
5,996,552.915407
5,997,552.915407
5,998,552.915407
5,999,552.915407
6,0,143.349594
6,1,145.630828
6,2,145.630828
6,3,145.630828
6,4,155.960818
6,5,155.960818
6,6,155.960818
6,7,155.960818
6,8,155.960818
6,9,155.960818
6,10,155.960818
6,11,155.960818
6,12,155.960818
6,13,166.904990
6,14,166.904990
6,15,166.904990
6,16,166.904990
6,17,166.904990
6,18,166.904990
6,19,166.904990
6,20,166.904990
6,21,166.904990
6,22,166.904990
6,23,166.904990
6,24,166.904990
6,25,166.904990
6,26,166.904990
6,27,166.904990
6,28,166.904990
6,29,186.349989
6,30,189.015213
6,31,229.179087
6,32,229.179087
6,33,229.179087
6,34,229.179087
6,35,229.179087
6,36,229.179087
6,37,229.179087
6,38,229.179087
6,39,229.179087
6,40,229.179087
6,41,229.179087
6,42,229.179087
6,43,229.179087
6,44,229.179087
6,45,229.179087
6,46,229.179087
6,47,229.179087
6,48,229.179087
6,49,229.179087
6,50,229.179087
6,51,229.179087
6,52,229.179087
6,53,229.179087
6,54,229.179087
6,55,229.179087
6,56,229.179087
6,57,229.179087
6,58,229.179087
6,59,229.179087
6,60,229.179087
6,61,229.179087
6,62,229.179087
6,63,229.179087
6,64,229.179087
6,65,229.179087
6,66,229.179087
6,67,229.179087
6,68,229.179087
6,69,229.179087
6,70,229.179087
6,71,229.179087
6,72,229.179087
6,73,229.179087
6,74,229.179087
6,75,229.179087
6,76,229.179087
6,77,229.179087
6,78,229.179087
6,79,229.179087
6,80,229.179087
6,81,229.179087
6,82,229.179087
6,83,229.179087
6,84,229.179087
6,85,229.179087
6,86,229.179087
6,87,229.179087
6,88,229.179087
6,89,229.179087
6,90,229.179087
6,91,229.179087
6,92,229.179087
6,93,229.179087
6,94,229.179087
6,95,229.179087
6,96,229.179087
6,97,229.179087
6,98,229.179087
6,99,229.179087
6,100,229.179087
6,101,229.179087
6,102,229.179087
6,103,229.179087
6,104,229.179087
6,105,229.179087
6,106,229.179087
6,107,229.179087
6,108,229.179087
6,109,229.179087
6,110,229.179087
6,111,229.179087
6,112,229.179087
6,113,229.179087
6,114,229.179087
6,115,229.179087
6,116,229.179087
6,117,229.179087
6,118,229.179087
6,119,229.179087
6,120,229.179087
6,121,229.179087
6,122,229.179087
6,123,229.179087
6,124,229.179087
6,125,229.179087
6,126,229.179087
6,127,229.179087
6,128,229.179087
6,129,229.179087
6,130,229.179087
6,131,229.179087
6,132,229.179087
6,133,229.179087
6,134,229.179087
6,135,229.179087
6,136,229.179087
6,137,229.179087
6,138,229.179087
6,139,229.179087
6,140,229.179087
6,141,229.179087
6,142,229.179087
6,143,229.179087
6,144,229.179087
6,145,229.179087
6,146,229.179087
6,147,229.179087
6,148,229.179087
6,149,229.179087
6,150,229.179087
6,151,229.179087
6,152,229.179087
6,153,229.179087
6,154,229.179087
6,155,229.179087
6,156,229.179087
6,157,229.179087
6,158,229.179087
6,159,229.179087
6,160,229.179087
6,161,229.179087
6,162,229.179087
6,163,229.179087
6,164,229.179087
6,165,229.179087
6,166,229.179087
6,167,229.179087
6,168,229.179087
6,169,229.179087
6,170,229.179087
6,171,229.179087
6,172,229.179087
6,173,229.179087
6,174,229.179087
6,175,229.179087
6,176,229.179087
6,177,229.179087
6,178,229.179087
6,179,229.179087
6,180,229.179087
6,181,229.179087
6,182,229.179087
6,183,229.179087
6,184,229.179087
6,185,229.179087
6,186,229.179087
6,187,229.179087
6,188,229.179087
6,189,229.179087
6,190,229.179087
6,191,229.179087
6,192,229.179087
6,193,229.179087
6,194,229.179087
6,195,229.179087
6,196,229.179087
6,197,229.179087
6,198,229.179087
6,199,229.179087
6,200,229.179087
6,201,229.179087
6,202,229.179087
6,203,229.179087
6,204,229.179087
6,205,229.179087
6,206,229.179087
6,207,229.179087
6,208,229.179087
6,209,229.179087
6,210,229.179087
6,211,229.179087
6,212,229.179087
6,213,229.179087
6,214,229.179087
6,215,229.179087
6,216,229.179087
6,217,229.179087
6,218,229.179087
6,219,229.179087
6,220,229.179087
6,221,229.179087
6,222,229.179087
6,223,229.179087
6,224,229.179087
6,225,229.179087
6,226,229.179087
6,227,229.179087
6,228,229.179087
6,229,229.179087
6,230,229.179087
6,231,229.179087
6,232,229.179087
6,233,229.179087
6,234,229.179087
6,235,229.179087
6,236,229.179087
6,237,229.179087
6,238,229.179087
6,239,229.179087
6,240,229.179087
6,241,229.179087
6,242,229.179087
6,243,229.179087
6,244,229.179087
6,245,229.179087
6,246,229.179087
6,247,229.179087
6,248,229.179087
6,249,229.179087
6,250,229.179087
6,251,229.179087
6,252,229.179087
6,253,229.179087
6,254,229.179087
6,255,229.179087
6,256,229.179087
6,257,229.179087
6,258,229.179087
6,259,229.179087
6,260,229.179087
6,261,229.179087
6,262,229.179087
6,263,229.179087
6,264,229.179087
6,265,229.179087
6,266,229.179087
6,267,229.179087
6,268,229.179087
6,269,229.179087
6,270,229.179087
6,271,229.179087
6,272,229.179087
6,273,229.179087
6,274,229.179087
6,275,229.179087
6,276,229.179087
6,277,229.179087
6,278,229.179087
6,279,229.179087
6,280,229.179087
6,281,229.179087
6,282,229.179087
6,283,229.179087
6,284,229.179087
6,285,229.179087
6,286,229.179087
6,287,229.179087
6,288,229.179087
6,289,229.179087
6,290,229.179087
6,291,229.179087
6,292,229.179087
6,293,229.179087
6,294,229.179087
6,295,229.179087
6,296,229.179087
6,297,229.179087
6,298,229.179087
6,299,229.179087
6,300,229.179087
6,301,229.179087
6,302,229.179087
6,303,229.179087
6,304,229.179087
6,305,229.179087
6,306,229.179087
6,307,229.179087
6,308,229.179087
6,309,229.179087
6,310,229.179087
6,311,229.179087
6,312,229.179087
6,313,229.179087
6,314,229.179087
6,315,229.179087
6,316,229.179087
6,317,229.179087
6,318,229.179087
6,319,229.179087
6,320,229.179087
6,321,229.179087
6,322,229.179087
6,323,229.179087
6,324,229.179087
6,325,229.299789
6,326,229.299789
6,327,229.299789
6,328,229.299789
6,329,229.299789
6,330,229.299789
6,331,229.299789
6,332,229.299789
6,333,229.299789
6,334,229.299789
6,335,229.299789
6,336,250.011517
6,337,250.011517
6,338,250.011517
6,339,250.011517
6,340,250.011517
6,341,250.011517
6,342,250.011517
6,343,250.011517
6,344,250.011517
6,345,250.011517
6,346,250.011517
6,347,250.011517
6,348,250.011517
6,349,250.011517
6,350,250.011517
6,351,250.011517
6,352,250.011517
6,353,250.011517
6,354,250.011517
6,355,250.011517
6,356,250.011517
6,357,250.011517
6,358,250.011517
6,359,250.011517
6,360,250.011517
6,361,250.011517
6,362,250.011517
6,363,250.011517
6,364,250.011517
6,365,250.011517
6,366,250.011517
6,367,250.011517
6,368,250.011517
6,369,250.011517
6,370,250.011517
6,371,250.011517
6,372,250.011517
6,373,250.011517
6,374,250.011517
6,375,250.011517
6,376,250.011517
6,377,250.011517
6,378,250.011517
6,379,250.011517
6,380,250.011517
6,381,250.011517
6,382,250.011517
6,383,250.011517
6,384,250.011517
6,385,250.011517
6,386,250.011517
6,387,250.011517
6,388,250.011517
6,389,250.011517
6,390,250.011517
6,391,250.011517
6,392,250.011517
6,393,250.011517
6,394,250.011517
6,395,250.011517
6,396,250.011517
6,397,250.011517
6,398,250.011517
6,399,250.011517
6,400,250.011517
6,401,250.011517
6,402,250.011517
6,403,250.011517
6,404,250.011517
6,405,250.011517
6,406,250.011517
6,407,250.011517
6,408,250.011517
6,409,250.011517
6,410,250.011517
6,411,250.011517
6,412,250.011517
6,413,250.011517
6,414,250.011517
6,415,250.011517
6,416,250.011517
6,417,250.011517
6,418,250.011517
6,419,250.011517
6,420,250.011517
6,421,250.011517
6,422,250.011517
6,423,250.011517
6,424,250.011517
6,425,250.011517
6,426,250.011517
6,427,250.011517
6,428,250.011517
6,429,250.011517
6,430,250.011517
6,431,250.011517
6,432,250.011517
6,433,250.011517
6,434,250.011517
6,435,250.011517
6,436,250.011517
6,437,250.011517
6,438,250.011517
6,439,250.011517
6,440,252.762056
6,441,252.762056
6,442,252.762056
6,443,252.762056
6,444,252.762056
6,445,252.762056
6,446,252.762056
6,447,252.762056
6,448,252.762056
6,449,252.762056
6,450,252.762056
6,451,252.762056
6,452,252.762056
6,453,252.762056
6,454,252.762056
6,455,252.762056
6,456,252.762056
6,457,252.762056
6,458,252.762056
6,459,252.762056
6,460,264.443274
6,461,264.443274
6,462,280.841666
6,463,280.841666
6,464,280.841666
6,465,280.841666
6,466,285.333758
6,467,285.333758
6,468,285.333758
6,469,285.333758
6,470,285.333758
6,471,285.333758
6,472,286.300051
6,473,286.300051
6,474,286.300051
6,475,286.300051
6,476,286.300051
6,477,286.300051
6,478,286.300051
6,479,286.300051
6,480,286.300051
6,481,286.300051
6,482,286.300051
6,483,286.300051
6,484,286.300051
6,485,288.586123
6,486,288.586123
6,487,288.586123
6,488,288.586123
6,489,288.586123
6,490,288.586123
6,491,288.586123
6,492,288.586123
6,493,288.586123
6,494,288.586123
6,495,288.586123
6,496,288.586123
6,497,288.586123
6,498,288.586123
6,499,288.586123
6,500,288.586123
6,501,288.586123
6,502,288.586123
6,503,288.586123
6,504,288.586123
6,505,294.124348
6,506,294.124348
6,507,294.124348
6,508,294.124348
6,509,294.124348
6,510,294.124348
6,511,294.124348
6,512,294.124348
6,513,294.124348
6,514,294.124348
6,515,294.124348
6,516,294.124348
6,517,294.124348
6,518,294.124348
6,519,294.124348
6,520,294.124348
6,521,294.124348
6,522,294.124348
6,523,294.124348
6,524,294.124348
6,525,294.124348
6,526,294.124348
6,527,294.124348
6,528,294.124348
6,529,294.124348
6,530,294.124348
6,531,294.124348
6,532,294.124348
6,533,294.124348
6,534,294.124348
6,535,294.124348
6,536,294.124348
6,537,294.124348
6,538,294.124348
6,539,294.124348
6,540,294.124348
6,541,294.124348
6,542,294.124348
6,543,294.124348
6,544,294.124348
6,545,294.124348
6,546,294.124348
6,547,294.124348
6,548,294.124348
6,549,294.124348
6,550,294.124348
6,551,294.124348
6,552,294.124348
6,553,294.124348
6,554,294.124348
6,555,294.124348
6,556,294.124348
6,557,294.124348
6,558,294.124348
6,559,294.124348
6,560,294.124348
6,561,294.124348
6,562,294.124348
6,563,294.124348
6,564,294.124348
6,565,294.124348
6,566,294.124348
6,567,294.124348
6,568,294.124348
6,569,294.124348
6,570,294.124348
6,571,294.124348
6,572,294.124348
6,573,294.124348
6,574,294.124348
6,575,294.124348
6,576,294.124348
6,577,294.124348
6,578,294.124348
6,579,294.124348
6,580,294.124348
6,581,294.124348
6,582,294.124348
6,583,294.124348
6,584,294.124348
6,585,294.124348
6,586,294.124348
6,587,316.275751
6,588,316.275751
6,589,316.275751
6,590,316.275751
6,591,316.275751
6,592,316.275751
6,593,316.275751
6,594,316.275751
6,595,316.275751
6,596,316.275751
6,597,316.275751
6,598,316.275751
6,599,316.275751
6,600,316.275751
6,601,316.275751
6,602,316.275751
6,603,316.275751
6,604,316.275751
6,605,320.481889
6,606,344.286510
6,607,344.286510
6,608,344.286510
6,609,344.286510
6,610,344.286510
6,611,344.286510
6,612,344.286510
6,613,344.286510
6,614,344.286510
6,615,357.814757
6,616,357.814757
6,617,357.814757
6,618,357.814757
6,619,357.814757
6,620,357.814757
6,621,357.814757
6,622,357.814757
6,623,357.814757
6,624,357.814757
6,625,357.814757
6,626,357.814757
6,627,357.814757
6,628,357.814757
6,629,357.814757
6,630,357.814757
6,631,357.814757
6,632,357.814757
6,633,357.814757
6,634,380.453941
6,635,456.887368
6,636,456.887368
6,637,456.887368
6,638,456.887368
6,639,456.887368
6,640,456.887368
6,641,456.887368
6,642,456.887368
6,643,457.997131
6,644,457.997131
6,645,457.997131
6,646,457.997131
6,647,457.997131
6,648,457.997131
6,649,457.997131
6,650,457.997131
6,651,457.997131
6,652,457.997131
6,653,457.997131
6,654,457.997131
6,655,457.997131
6,656,457.997131
6,657,457.997131
6,658,457.997131
6,659,457.997131
6,660,457.997131
6,661,457.997131
6,662,457.997131
6,663,457.997131
6,664,457.997131
6,665,457.997131
6,666,457.997131
6,667,457.997131
6,668,457.997131
6,669,457.997131
6,670,457.997131
6,671,457.997131
6,672,457.997131
6,673,457.997131
6,674,457.997131
6,675,457.997131
6,676,457.997131
6,677,457.997131
6,678,457.997131
6,679,457.997131
6,680,457.997131
6,681,457.997131
6,682,457.997131
6,683,457.997131
6,684,457.997131
6,685,457.997131
6,686,457.997131
6,687,457.997131
6,688,457.997131
6,689,457.997131
6,690,457.997131
6,691,457.997131
6,692,457.997131
6,693,457.997131
6,694,457.997131
6,695,457.997131
6,696,457.997131
6,697,457.997131
6,698,457.997131
6,699,457.997131
6,700,457.997131
6,701,457.997131
6,702,457.997131
6,703,457.997131
6,704,457.997131
6,705,457.997131
6,706,457.997131
6,707,457.997131
6,708,457.997131
6,709,457.997131
6,710,457.997131
6,711,457.997131
6,712,457.997131
6,713,457.997131
6,714,457.997131
6,715,457.997131
6,716,457.997131
6,717,457.997131
6,718,457.997131
6,719,457.997131
6,720,457.997131
6,721,457.997131
6,722,457.997131
6,723,457.997131
6,724,457.997131
6,725,457.997131
6,726,457.997131
6,727,457.997131
6,728,457.997131
6,729,457.997131
6,730,457.997131
6,731,457.997131
6,732,457.997131
6,733,457.997131
6,734,457.997131
6,735,457.997131
6,736,457.997131
6,737,457.997131
6,738,457.997131
6,739,457.997131
6,740,457.997131
6,741,457.997131
6,742,457.997131
6,743,457.997131
6,744,457.997131
6,745,457.997131
6,746,457.997131
6,747,457.997131
6,748,457.997131
6,749,457.997131
6,750,457.997131
6,751,457.997131
6,752,457.997131
6,753,457.997131
6,754,457.997131
6,755,457.997131
6,756,457.997131
6,757,457.997131
6,758,457.997131
6,759,457.997131
6,760,457.997131
6,761,457.997131
6,762,457.997131
6,763,457.997131
6,764,457.997131
6,765,457.997131
6,766,457.997131
6,767,457.997131
6,768,457.997131
6,769,457.997131
6,770,457.997131
6,771,457.997131
6,772,457.997131
6,773,457.997131
6,774,457.997131
6,775,457.997131
6,776,457.997131
6,777,457.997131
6,778,457.997131
6,779,457.997131
6,780,457.997131
6,781,457.997131
6,782,457.997131
6,783,457.997131
6,784,457.997131
6,785,457.997131
6,786,457.997131
6,787,457.997131
6,788,457.997131
6,789,457.997131
6,790,457.997131
6,791,457.997131
6,792,457.997131
6,793,457.997131
6,794,457.997131
6,795,457.997131
6,796,457.997131
6,797,457.997131
6,798,457.997131
6,799,457.997131
6,800,457.997131
6,801,457.997131
6,802,457.997131
6,803,457.997131
6,804,457.997131
6,805,457.997131
6,806,457.997131
6,807,457.997131
6,808,457.997131
6,809,457.997131
6,810,457.997131
6,811,457.997131
6,812,457.997131
6,813,457.997131
6,814,457.997131
6,815,457.997131
6,816,457.997131
6,817,479.798129
6,818,479.798129
6,819,479.798129
6,820,479.798129
6,821,479.798129
6,822,479.798129
6,823,479.798129
6,824,479.798129
6,825,479.798129
6,826,479.798129
6,827,479.798129
6,828,479.798129
6,829,479.798129
6,830,479.798129
6,831,496.586114
6,832,496.586114
6,833,508.116574
6,834,508.116574
6,835,508.116574
6,836,508.116574
6,837,508.116574
6,838,508.116574
6,839,508.116574
6,840,508.116574
6,841,508.116574
6,842,508.116574
6,843,508.116574
6,844,508.116574
6,845,508.116574
6,846,508.116574
6,847,508.116574
6,848,508.116574
6,849,508.116574
6,850,508.116574
6,851,508.116574
6,852,508.116574
6,853,508.116574
6,854,508.116574
6,855,508.116574
6,856,508.116574
6,857,508.116574
6,858,508.116574
6,859,508.116574
6,860,508.116574
6,861,508.116574
6,862,508.116574
6,863,508.116574
6,864,508.116574
6,865,508.116574
6,866,508.116574
6,867,508.116574
6,868,508.116574
6,869,508.116574
6,870,508.116574
6,871,508.116574
6,872,508.116574
6,873,508.116574
6,874,508.116574
6,875,508.116574
6,876,508.116574
6,877,508.116574
6,878,508.116574
6,879,508.116574
6,880,508.116574
6,881,508.116574
6,882,508.116574
6,883,508.116574
6,884,508.116574
6,885,508.116574
6,886,508.116574
6,887,508.116574
6,888,508.116574
6,889,508.116574
6,890,508.116574
6,891,508.116574
6,892,508.116574
6,893,508.116574
6,894,508.116574
6,895,508.116574
6,896,508.116574
6,897,508.116574
6,898,508.116574
6,899,508.116574
6,900,508.116574
6,901,508.116574
6,902,508.116574
6,903,508.116574
6,904,508.116574
6,905,508.116574
6,906,508.116574
6,907,508.116574
6,908,508.116574
6,909,508.116574
6,910,508.116574
6,911,508.116574
6,912,508.116574
6,913,508.116574
6,914,508.116574
6,915,508.116574
6,916,532.321784
6,917,532.321784
6,918,532.321784
6,919,532.321784
6,920,532.321784
6,921,532.321784
6,922,532.321784
6,923,532.321784
6,924,532.321784
6,925,532.321784
6,926,532.321784
6,927,532.321784
6,928,532.321784
6,929,532.321784
6,930,532.321784
6,931,532.321784
6,932,532.321784
6,933,532.321784
6,934,532.321784
6,935,532.321784
6,936,532.321784
6,937,532.321784
6,938,532.321784
6,939,532.321784
6,940,532.321784
6,941,532.321784
6,942,532.321784
6,943,532.321784
6,944,532.321784
6,945,532.321784
6,946,532.321784
6,947,532.321784
6,948,532.321784
6,949,532.321784
6,950,532.321784
6,951,532.321784
6,952,532.321784
6,953,532.321784
6,954,532.321784
6,955,532.321784
6,956,532.321784
6,957,532.321784
6,958,532.321784
6,959,532.321784
6,960,532.321784
6,961,532.321784
6,962,532.321784
6,963,532.321784
6,964,532.321784
6,965,532.321784
6,966,532.321784
6,967,532.321784
6,968,532.321784
6,969,532.321784
6,970,532.321784
6,971,532.321784
6,972,532.321784
6,973,532.321784
6,974,532.321784
6,975,532.321784
6,976,532.321784
6,977,532.321784
6,978,532.321784
6,979,532.321784
6,980,532.321784
6,981,532.321784
6,982,532.321784
6,983,532.321784
6,984,532.321784
6,985,532.321784
6,986,532.321784
6,987,532.321784
6,988,532.321784
6,989,532.321784
6,990,532.321784
6,991,532.321784
6,992,532.321784
6,993,532.321784
6,994,532.321784
6,995,532.321784
6,996,532.321784
6,997,532.321784
6,998,532.321784
6,999,532.321784
7,0,106.133712
7,1,106.133712
7,2,106.133712
7,3,106.133712
7,4,106.133712
7,5,118.924754
7,6,118.924754
7,7,129.537100
7,8,129.537100
7,9,129.537100
7,10,129.537100
7,11,135.225787
7,12,169.555382
7,13,169.555382
7,14,169.555382
7,15,169.555382
7,16,169.555382
7,17,169.555382
7,18,169.555382
7,19,169.555382
7,20,169.555382
7,21,169.555382
7,22,169.555382
7,23,181.429466
7,24,181.429466
7,25,181.429466
7,26,188.220786
7,27,207.546870
7,28,207.546870
7,29,207.546870
7,30,207.546870
7,31,207.546870
7,32,207.546870
7,33,207.546870
7,34,207.546870
7,35,207.546870
7,36,207.546870
7,37,207.546870
7,38,207.546870
7,39,207.546870
7,40,207.546870
7,41,207.546870
7,42,207.546870
7,43,207.546870
7,44,207.546870
7,45,207.546870
7,46,207.546870
7,47,207.546870
7,48,207.546870
7,49,207.546870
7,50,207.546870
7,51,207.546870
7,52,207.546870
7,53,207.546870
7,54,207.546870
7,55,207.546870
7,56,207.546870
7,57,207.546870
7,58,207.546870
7,59,207.546870
7,60,207.546870
7,61,207.546870
7,62,207.546870
7,63,207.546870
7,64,207.546870
7,65,207.546870
7,66,207.546870
7,67,207.546870
7,68,207.546870
7,69,207.546870
7,70,207.546870
7,71,207.546870
7,72,207.546870
7,73,207.546870
7,74,207.546870
7,75,207.546870
7,76,207.546870
7,77,207.546870
7,78,207.546870
7,79,207.546870
7,80,207.546870
7,81,207.546870
7,82,207.546870
7,83,207.546870
7,84,207.546870
7,85,207.546870
7,86,207.546870
7,87,207.546870
7,88,207.546870
7,89,207.546870
7,90,207.546870
7,91,207.546870
7,92,207.546870
7,93,207.546870
7,94,207.546870
7,95,207.546870
7,96,207.546870
7,97,207.546870
7,98,233.598291
7,99,238.405294
7,100,238.405294
7,101,238.405294
7,102,238.405294
7,103,245.171176
7,104,245.171176
7,105,245.213354
7,106,245.213354
7,107,245.213354
7,108,245.213354
7,109,245.213354
7,110,245.213354
7,111,245.213354
7,112,245.213354
7,113,245.213354
7,114,245.213354
7,115,245.213354
7,116,245.213354
7,117,245.213354
7,118,245.213354
7,119,245.213354
7,120,245.213354
7,121,245.213354
7,122,245.213354
7,123,245.213354
7,124,245.213354
7,125,245.213354
7,126,245.213354
7,127,245.213354
7,128,245.213354
7,129,245.213354
7,130,245.213354
7,131,245.213354
7,132,245.213354
7,133,245.213354
7,134,245.213354
7,135,245.213354
7,136,245.213354
7,137,270.648871
7,138,270.648871
7,139,270.648871
7,140,270.648871
7,141,270.648871
7,142,279.886200
7,143,297.526408
7,144,297.526408
7,145,305.617599
7,146,305.617599
7,147,305.617599
7,148,305.617599
7,149,305.617599
7,150,305.617599
7,151,305.617599
7,152,305.617599
7,153,305.617599
7,154,305.617599
7,155,305.617599
7,156,305.617599
7,157,305.617599
7,158,305.617599
7,159,305.617599
7,160,305.617599
7,161,305.617599
7,162,305.617599
7,163,305.617599
7,164,305.617599
7,165,307.685361
7,166,307.685361
7,167,307.685361
7,168,307.685361
7,169,307.685361
7,170,307.685361
7,171,307.685361
7,172,307.685361
7,173,307.685361
7,174,307.685361
7,175,319.758373
7,176,319.758373
7,177,340.364422
7,178,340.364422
7,179,340.364422
7,180,340.364422
7,181,340.364422
7,182,340.364422
7,183,340.364422
7,184,340.364422
7,185,340.364422
7,186,340.364422
7,187,340.364422
7,188,340.364422
7,189,340.364422
7,190,362.340084
7,191,362.340084
7,192,362.340084
7,193,362.340084
7,194,362.340084
7,195,362.340084
7,196,362.340084
7,197,362.340084
7,198,362.340084
7,199,362.340084
7,200,362.340084
7,201,362.340084
7,202,362.340084
7,203,362.340084
7,204,362.340084
7,205,362.340084
7,206,362.340084
7,207,362.340084
7,208,362.340084
7,209,362.340084
7,210,362.340084
7,211,362.340084
7,212,362.340084
7,213,362.340084
7,214,362.340084
7,215,362.340084
7,216,362.340084
7,217,362.340084
7,218,362.340084
7,219,362.340084
7,220,362.340084
7,221,362.340084
7,222,362.340084
7,223,362.340084
7,224,362.340084
7,225,362.340084
7,226,362.340084
7,227,362.340084
7,228,362.340084
7,229,362.340084
7,230,362.340084
7,231,362.340084
7,232,362.340084
7,233,362.340084
7,234,362.340084
7,235,362.340084
7,236,362.340084
7,237,362.340084
7,238,362.340084
7,239,362.340084
7,240,362.340084
7,241,362.340084
7,242,362.340084
7,243,362.340084
7,244,362.340084
7,245,362.340084
7,246,362.340084
7,247,362.340084
7,248,362.340084
7,249,362.340084
7,250,362.340084
7,251,362.340084
7,252,362.340084
7,253,362.340084
7,254,362.340084
7,255,362.340084
7,256,362.340084
7,257,362.340084
7,258,362.340084
7,259,362.340084
7,260,362.340084
7,261,362.340084
7,262,362.340084
7,263,362.340084
7,264,362.340084
7,265,362.340084
7,266,362.340084
7,267,362.340084
7,268,362.340084
7,269,362.340084
7,270,362.340084
7,271,362.340084
7,272,362.340084
7,273,362.340084
7,274,362.340084
7,275,362.340084
7,276,362.340084
7,277,362.340084
7,278,362.340084
7,279,362.340084
7,280,362.340084
7,281,362.340084
7,282,362.340084
7,283,362.340084
7,284,362.340084
7,285,362.340084
7,286,362.340084
7,287,362.340084
7,288,362.340084
7,289,362.340084
7,290,362.340084
7,291,362.340084
7,292,362.340084
7,293,362.340084
7,294,362.340084
7,295,362.340084
7,296,362.340084
7,297,362.340084
7,298,362.340084
7,299,362.340084
7,300,362.340084
7,301,362.340084
7,302,362.340084
7,303,376.058582
7,304,376.058582
7,305,376.058582
7,306,376.058582
7,307,376.058582
7,308,376.058582
7,309,376.058582
7,310,376.058582
7,311,376.058582
7,312,376.058582
7,313,376.058582
7,314,376.058582
7,315,376.058582
7,316,376.058582
7,317,376.058582
7,318,376.058582
7,319,376.058582
7,320,376.058582
7,321,376.058582
7,322,376.058582
7,323,376.058582
7,324,376.058582
7,325,376.058582
7,326,376.058582
7,327,376.058582
7,328,376.058582
7,329,376.058582
7,330,376.058582
7,331,376.058582
7,332,376.058582
7,333,376.058582
7,334,376.058582
7,335,376.058582
7,336,376.058582
7,337,376.058582
7,338,376.058582
7,339,376.058582
7,340,376.058582
7,341,376.058582
7,342,376.058582
7,343,376.058582
7,344,376.058582
7,345,376.058582
7,346,376.058582
7,347,376.058582
7,348,376.058582
7,349,376.058582
7,350,376.058582
7,351,376.058582
7,352,376.058582
7,353,376.058582
7,354,376.058582
7,355,376.058582
7,356,376.058582
7,357,376.058582
7,358,376.058582
7,359,376.058582
7,360,376.058582
7,361,376.058582
7,362,376.058582
7,363,376.058582
7,364,376.058582
7,365,376.058582
7,366,376.058582
7,367,376.058582
7,368,376.058582
7,369,376.058582
7,370,376.058582
7,371,376.058582
7,372,376.058582
7,373,376.058582
7,374,376.058582
7,375,376.058582
7,376,376.058582
7,377,376.058582
7,378,376.058582
7,379,376.058582
7,380,376.058582
7,381,376.058582
7,382,376.058582
7,383,376.058582
7,384,376.058582
7,385,376.058582
7,386,376.058582
7,387,376.058582
7,388,376.058582
7,389,376.058582
7,390,376.058582
7,391,376.058582
7,392,376.058582
7,393,376.058582
7,394,376.058582
7,395,376.058582
7,396,376.058582
7,397,376.058582
7,398,376.058582
7,399,376.058582
7,400,376.058582
7,401,376.058582
7,402,376.058582
7,403,376.058582
7,404,376.058582
7,405,376.058582
7,406,376.058582
7,407,376.058582
7,408,376.058582
7,409,376.058582
7,410,376.058582
7,411,376.058582
7,412,376.058582
7,413,376.058582
7,414,376.058582
7,415,376.058582
7,416,376.058582
7,417,376.058582
7,418,376.058582
7,419,376.058582
7,420,376.058582
7,421,376.058582
7,422,376.058582
7,423,376.058582
7,424,376.058582
7,425,376.058582
7,426,376.058582
7,427,376.058582
7,428,376.058582
7,429,376.058582
7,430,376.058582
7,431,376.058582
7,432,376.058582
7,433,376.058582
7,434,376.058582
7,435,376.058582
7,436,376.058582
7,437,376.058582
7,438,376.058582
7,439,376.058582
7,440,376.058582
7,441,376.058582
7,442,376.058582
7,443,376.058582
7,444,376.058582
7,445,376.058582
7,446,376.058582
7,447,376.058582
7,448,376.058582
7,449,376.058582
7,450,376.058582
7,451,376.058582
7,452,376.058582
7,453,376.058582
7,454,376.058582
7,455,376.058582
7,456,376.058582
7,457,376.058582
7,458,376.058582
7,459,376.058582
7,460,376.058582
7,461,376.058582
7,462,376.058582
7,463,376.058582
7,464,376.058582
7,465,376.058582
7,466,376.058582
7,467,376.058582
7,468,376.058582
7,469,376.058582
7,470,376.058582
7,471,376.058582
7,472,376.058582
7,473,376.058582
7,474,376.058582
7,475,376.058582
7,476,376.058582
7,477,376.058582
7,478,376.058582
7,479,376.058582
7,480,376.058582
7,481,376.058582
7,482,376.058582
7,483,376.058582
7,484,376.058582
7,485,376.058582
7,486,376.058582
7,487,376.058582
7,488,376.058582
7,489,376.058582
7,490,376.058582
7,491,376.058582
7,492,376.058582
7,493,376.058582
7,494,376.058582
7,495,376.058582
7,496,376.058582
7,497,376.058582
7,498,376.058582
7,499,376.058582
7,500,376.058582
7,501,376.058582
7,502,376.058582
7,503,376.058582
7,504,376.058582
7,505,376.058582
7,506,376.058582
7,507,376.058582
7,508,376.058582
7,509,376.058582
7,510,376.058582
7,511,376.058582
7,512,376.058582
7,513,376.058582
7,514,376.058582
7,515,376.058582
7,516,376.058582
7,517,376.058582
7,518,376.058582
7,519,376.058582
7,520,376.058582
7,521,376.058582
7,522,376.058582
7,523,376.058582
7,524,376.058582
7,525,376.058582
7,526,376.058582
7,527,376.058582
7,528,376.058582
7,529,376.058582
7,530,376.058582
7,531,376.058582
7,532,376.058582
7,533,376.058582
7,534,376.058582
7,535,376.058582
7,536,376.058582
7,537,376.058582
7,538,376.058582
7,539,376.058582
7,540,376.058582
7,541,376.058582
7,542,376.058582
7,543,376.058582
7,544,376.058582
7,545,376.058582
7,546,376.058582
7,547,376.058582
7,548,376.058582
7,549,376.058582
7,550,376.058582
7,551,376.058582
7,552,376.058582
7,553,376.058582
7,554,376.058582
7,555,376.058582
7,556,376.058582
7,557,376.058582
7,558,376.058582
7,559,376.058582
7,560,376.058582
7,561,376.058582
7,562,376.058582
7,563,376.058582
7,564,376.058582
7,565,376.058582
7,566,376.058582
7,567,376.058582
7,568,376.058582
7,569,376.058582
7,570,376.058582
7,571,376.058582
7,572,376.058582
7,573,376.058582
7,574,376.058582
7,575,376.058582
7,576,376.058582
7,577,376.058582
7,578,376.058582
7,579,376.058582
7,580,376.058582
7,581,376.058582
7,582,376.058582
7,583,376.058582
7,584,376.058582
7,585,376.058582
7,586,376.058582
7,587,376.058582
7,588,413.885689
7,589,413.885689
7,590,413.885689
7,591,413.885689
7,592,413.885689
7,593,413.885689
7,594,413.885689
7,595,413.885689
7,596,413.885689
7,597,413.885689
7,598,413.885689
7,599,413.885689
7,600,413.885689
7,601,413.885689
7,602,413.885689
7,603,413.885689
7,604,413.885689
7,605,413.885689
7,606,413.885689
7,607,413.885689
7,608,413.885689
7,609,413.885689
7,610,413.885689
7,611,413.885689
7,612,413.885689
7,613,413.885689
7,614,413.885689
7,615,413.885689
7,616,413.885689
7,617,413.885689
7,618,413.885689
7,619,413.885689
7,620,413.885689
7,621,413.885689
7,622,413.885689
7,623,413.885689
7,624,413.885689
7,625,413.885689
7,626,413.885689
7,627,413.885689
7,628,413.885689
7,629,413.885689
7,630,413.885689
7,631,413.885689
7,632,413.885689
7,633,413.885689
7,634,413.885689
7,635,413.885689
7,636,413.885689
7,637,413.885689
7,638,413.885689
7,639,413.885689
7,640,413.885689
7,641,413.885689
7,642,413.885689
7,643,413.885689
7,644,413.885689
7,645,413.885689
7,646,413.885689
7,647,413.885689
7,648,413.885689
7,649,413.885689
7,650,413.885689
7,651,413.885689
7,652,413.885689
7,653,413.885689
7,654,413.885689
7,655,413.885689
7,656,413.885689
7,657,413.885689
7,658,413.885689
7,659,413.885689
7,660,413.885689
7,661,413.885689
7,662,413.885689
7,663,413.885689
7,664,413.885689
7,665,413.885689
7,666,413.885689
7,667,413.885689
7,668,413.885689
7,669,413.885689
7,670,413.885689
7,671,413.885689
7,672,413.885689
7,673,413.885689
7,674,413.885689
7,675,413.885689
7,676,413.885689
7,677,413.885689
7,678,413.885689
7,679,413.885689
7,680,413.885689
7,681,413.885689
7,682,413.885689
7,683,413.885689
7,684,413.885689
7,685,413.885689
7,686,413.885689
7,687,413.885689
7,688,413.885689
7,689,413.885689
7,690,413.885689
7,691,413.885689
7,692,413.885689
7,693,413.885689
7,694,413.885689
7,695,413.885689
7,696,413.885689
7,697,413.885689
7,698,413.885689
7,699,413.885689
7,700,413.885689
7,701,413.885689
7,702,413.885689
7,703,413.885689
7,704,413.885689
7,705,413.885689
7,706,413.885689
7,707,413.885689
7,708,413.885689
7,709,413.885689
7,710,413.885689
7,711,413.885689
7,712,413.885689
7,713,413.885689
7,714,413.885689
7,715,413.885689
7,716,413.885689
7,717,413.885689
7,718,413.885689
7,719,413.885689
7,720,413.885689
7,721,413.885689
7,722,413.885689
7,723,413.885689
7,724,413.885689
7,725,413.885689
7,726,413.885689
7,727,413.885689
7,728,413.885689
7,729,413.885689
7,730,413.885689
7,731,413.885689
7,732,413.885689
7,733,413.885689
7,734,413.885689
7,735,413.885689
7,736,413.885689
7,737,413.885689
7,738,413.885689
7,739,413.885689
7,740,413.885689
7,741,413.885689
7,742,413.885689
7,743,413.885689
7,744,413.885689
7,745,413.885689
7,746,413.885689
7,747,413.885689
7,748,413.885689
7,749,413.885689
7,750,413.885689
7,751,413.885689
7,752,413.885689
7,753,413.885689
7,754,413.885689
7,755,413.885689
7,756,413.885689
7,757,413.885689
7,758,413.885689
7,759,413.885689
7,760,413.885689
7,761,413.885689
7,762,413.885689
7,763,413.885689
7,764,413.885689
7,765,413.885689
7,766,413.885689
7,767,413.885689
7,768,413.885689
7,769,413.885689
7,770,413.885689
7,771,413.885689
7,772,413.885689
7,773,413.885689
7,774,413.885689
7,775,413.885689
7,776,413.885689
7,777,413.885689
7,778,413.885689
7,779,413.885689
7,780,413.885689
7,781,413.885689
7,782,413.885689
7,783,413.885689
7,784,413.885689
7,785,413.885689
7,786,413.885689
7,787,413.885689
7,788,413.885689
7,789,413.885689
7,790,413.885689
7,791,413.885689
7,792,413.885689
7,793,413.885689
7,794,413.885689
7,795,413.885689
7,796,413.885689
7,797,413.885689
7,798,413.885689
7,799,413.885689
7,800,413.885689
7,801,413.885689
7,802,413.885689
7,803,413.885689
7,804,413.885689
7,805,413.885689
7,806,413.885689
7,807,413.885689
7,808,413.885689
7,809,413.885689
7,810,413.885689
7,811,413.885689
7,812,413.885689
7,813,413.885689
7,814,413.885689
7,815,413.885689
7,816,415.482545
7,817,415.482545
7,818,415.482545
7,819,415.482545
7,820,415.482545
7,821,415.482545
7,822,415.482545
7,823,415.482545
7,824,415.482545
7,825,415.482545
7,826,415.482545
7,827,415.482545
7,828,415.482545
7,829,415.482545
7,830,415.482545
7,831,415.482545
7,832,415.482545
7,833,415.482545
7,834,415.482545
7,835,415.482545
7,836,415.482545
7,837,415.482545
7,838,415.482545
7,839,415.482545
7,840,415.482545
7,841,415.482545
7,842,415.482545
7,843,415.482545
7,844,415.850975
7,845,415.850975
7,846,415.850975
7,847,415.850975
7,848,415.850975
7,849,415.850975
7,850,415.850975
7,851,415.850975
7,852,415.850975
7,853,415.850975
7,854,415.850975
7,855,415.850975
7,856,415.850975
7,857,415.850975
7,858,415.850975
7,859,415.850975
7,860,415.850975
7,861,415.850975
7,862,415.850975
7,863,415.850975
7,864,415.850975
7,865,415.850975
7,866,415.850975
7,867,415.850975
7,868,415.850975
7,869,415.850975
7,870,415.850975
7,871,415.850975
7,872,415.850975
7,873,415.850975
7,874,415.850975
7,875,415.850975
7,876,415.850975
7,877,415.850975
7,878,415.850975
7,879,415.850975
7,880,415.850975
7,881,415.850975
7,882,415.850975
7,883,415.850975
7,884,415.850975
7,885,415.850975
7,886,415.850975
7,887,415.850975
7,888,415.850975
7,889,415.850975
7,890,415.850975
7,891,415.850975
7,892,415.850975
7,893,415.850975
7,894,415.850975
7,895,415.850975
7,896,415.850975
7,897,415.850975
7,898,415.850975
7,899,415.850975
7,900,415.850975
7,901,415.850975
7,902,415.850975
7,903,415.850975
7,904,415.850975
7,905,415.850975
7,906,415.850975
7,907,415.850975
7,908,415.850975
7,909,415.850975
7,910,415.850975
7,911,415.850975
7,912,415.850975
7,913,415.850975
7,914,415.850975
7,915,415.850975
7,916,415.850975
7,917,415.850975
7,918,415.850975
7,919,415.850975
7,920,415.850975
7,921,415.850975
7,922,415.850975
7,923,415.850975
7,924,415.850975
7,925,415.850975
7,926,415.850975
7,927,415.850975
7,928,415.850975
7,929,415.893044
7,930,415.893044
7,931,415.893044
7,932,415.893044
7,933,415.893044
7,934,415.893044
7,935,415.893044
7,936,415.893044
7,937,415.893044
7,938,415.893044
7,939,415.893044
7,940,415.893044
7,941,415.893044
7,942,415.893044
7,943,415.893044
7,944,415.893044
7,945,415.893044
7,946,415.893044
7,947,415.893044
7,948,417.227602
7,949,417.227602
7,950,417.227602
7,951,417.227602
7,952,417.227602
7,953,417.227602
7,954,417.227602
7,955,417.227602
7,956,417.227602
7,957,417.227602
7,958,417.227602
7,959,417.227602
7,960,417.227602
7,961,417.227602
7,962,417.227602
7,963,417.227602
7,964,417.227602
7,965,417.227602
7,966,417.227602
7,967,435.592723
7,968,435.592723
7,969,445.728893
7,970,445.728893
7,971,445.728893
7,972,445.728893
7,973,445.728893
7,974,445.728893
7,975,445.728893
7,976,445.728893
7,977,445.728893
7,978,445.728893
7,979,445.728893
7,980,445.728893
7,981,445.728893
7,982,445.728893
7,983,445.728893
7,984,445.728893
7,985,445.728893
7,986,445.728893
7,987,445.728893
7,988,445.728893
7,989,445.728893
7,990,445.728893
7,991,445.728893
7,992,481.805914
7,993,481.805914
7,994,481.805914
7,995,481.805914
7,996,481.805914
7,997,481.805914
7,998,481.805914
7,999,486.296859
8,0,119.363087
8,1,123.755120
8,2,123.755120
8,3,123.755120
8,4,123.755120
8,5,126.450219
8,6,126.450219
8,7,132.741013
8,8,161.017375
8,9,161.017375
8,10,161.017375
8,11,161.017375
8,12,161.017375
8,13,161.017375
8,14,161.017375
8,15,161.017375
8,16,161.017375
8,17,161.017375
8,18,161.017375
8,19,161.017375
8,20,161.017375
8,21,161.017375
8,22,161.017375
8,23,161.017375
8,24,161.017375
8,25,161.017375
8,26,161.017375
8,27,161.017375
8,28,161.017375
8,29,161.017375
8,30,161.017375
8,31,161.017375
8,32,162.117412
8,33,192.472715
8,34,192.472715
8,35,192.472715
8,36,192.472715
8,37,192.472715
8,38,192.472715
8,39,192.472715
8,40,192.472715
8,41,192.472715
8,42,192.472715
8,43,192.472715
8,44,192.472715
8,45,231.989216
8,46,231.989216
8,47,231.989216
8,48,231.989216
8,49,231.989216
8,50,231.989216
8,51,231.989216
8,52,231.989216
8,53,231.989216
8,54,231.989216
8,55,231.989216
8,56,231.989216
8,57,231.989216
8,58,231.989216
8,59,231.989216
8,60,231.989216
8,61,231.989216
8,62,231.989216
8,63,231.989216
8,64,231.989216
8,65,231.989216
8,66,231.989216
8,67,231.989216
8,68,231.989216
8,69,231.989216
8,70,231.989216
8,71,231.989216
8,72,231.989216
8,73,231.989216
8,74,231.989216
8,75,231.989216
8,76,231.989216
8,77,231.989216
8,78,231.989216
8,79,231.989216
8,80,231.989216
8,81,231.989216
8,82,231.989216
8,83,231.989216
8,84,231.989216
8,85,231.989216
8,86,231.989216
8,87,231.989216
8,88,231.989216
8,89,231.989216
8,90,231.989216
8,91,231.989216
8,92,231.989216
8,93,231.989216
8,94,231.989216
8,95,231.989216
8,96,231.989216
8,97,231.989216
8,98,231.989216
8,99,231.989216
8,100,231.989216
8,101,231.989216
8,102,231.989216
8,103,231.989216
8,104,231.989216
8,105,231.989216
8,106,231.989216
8,107,231.989216
8,108,231.989216
8,109,231.989216
8,110,231.989216
8,111,231.989216
8,112,231.989216
8,113,231.989216
8,114,231.989216
8,115,231.989216
8,116,231.989216
8,117,231.989216
8,118,231.989216
8,119,231.989216
8,120,231.989216
8,121,231.989216
8,122,231.989216
8,123,231.989216
8,124,231.989216
8,125,231.989216
8,126,231.989216
8,127,231.989216
8,128,231.989216
8,129,231.989216
8,130,231.989216
8,131,231.989216
8,132,231.989216
8,133,231.989216
8,134,241.239099
8,135,241.373880
8,136,301.503255
8,137,301.503255
8,138,301.503255
8,139,301.503255
8,140,301.503255
8,141,301.503255
8,142,301.503255
8,143,301.503255
8,144,301.503255
8,145,301.503255
8,146,301.503255
8,147,309.543640
8,148,310.315918
8,149,310.315918
8,150,310.315918
8,151,310.315918
8,152,310.315918
8,153,310.315918
8,154,310.315918
8,155,310.315918
8,156,310.315918
8,157,310.315918
8,158,310.315918
8,159,310.315918
8,160,310.315918
8,161,310.315918
8,162,310.315918
8,163,310.315918
8,164,310.315918
8,165,310.315918
8,166,310.315918
8,167,310.315918
8,168,310.315918
8,169,310.315918
8,170,310.315918
8,171,310.315918
8,172,310.315918
8,173,310.315918
8,174,310.315918
8,175,310.315918
8,176,310.315918
8,177,310.315918
8,178,315.434072
8,179,315.434072
8,180,315.434072
8,181,335.458260
8,182,335.458260
8,183,335.458260
8,184,335.458260
8,185,337.266318
8,186,337.266318
8,187,337.266318
8,188,337.266318
8,189,337.266318
8,190,337.266318
8,191,337.266318
8,192,365.045157
8,193,365.045157
8,194,365.045157
8,195,365.045157
8,196,365.045157
8,197,365.045157
8,198,365.045157
8,199,365.045157
8,200,365.045157
8,201,365.045157
8,202,365.045157
8,203,365.045157
8,204,365.045157
8,205,365.045157
8,206,365.045157
8,207,365.045157
8,208,365.045157
8,209,365.045157
8,210,365.045157
8,211,365.045157
8,212,365.045157
8,213,365.045157
8,214,365.045157
8,215,365.045157
8,216,365.045157
8,217,365.045157
8,218,365.045157
8,219,365.045157
8,220,385.717056
8,221,385.717056
8,222,385.717056
8,223,385.717056
8,224,385.717056
8,225,407.015725
8,226,407.015725
8,227,407.015725
8,228,407.015725
8,229,407.015725
8,230,421.189650
8,231,421.189650
8,232,421.189650
8,233,421.189650
8,234,421.189650
8,235,421.189650
8,236,421.189650
8,237,421.189650
8,238,421.189650
8,239,421.189650
8,240,421.189650
8,241,421.189650
8,242,421.189650
8,243,421.189650
8,244,421.189650
8,245,421.189650
8,246,421.189650
8,247,421.189650
8,248,421.189650
8,249,421.189650
8,250,421.189650
8,251,421.189650
8,252,421.189650
8,253,421.189650
8,254,421.189650
8,255,421.189650
8,256,421.189650
8,257,421.189650
8,258,421.189650
8,259,421.189650
8,260,421.189650
8,261,433.729995
8,262,433.729995
8,263,433.729995
8,264,433.729995
8,265,433.729995
8,266,433.729995
8,267,433.729995
8,268,433.729995
8,269,433.729995
8,270,433.729995
8,271,433.729995
8,272,433.729995
8,273,433.729995
8,274,433.729995
8,275,435.110575
8,276,435.110575
8,277,435.110575
8,278,435.110575
8,279,435.110575
8,280,435.110575
8,281,435.110575
8,282,435.110575
8,283,435.110575
8,284,435.110575
8,285,435.110575
8,286,435.110575
8,287,435.110575
8,288,435.110575
8,289,435.110575
8,290,435.110575
8,291,435.110575
8,292,435.110575
8,293,435.110575
8,294,435.110575
8,295,435.110575
8,296,435.110575
8,297,435.110575
8,298,435.110575
8,299,435.110575
8,300,437.410624
8,301,437.410624
8,302,437.410624
8,303,437.410624
8,304,437.410624
8,305,437.410624
8,306,437.410624
8,307,437.410624
8,308,437.410624
8,309,437.410624
8,310,437.410624
8,311,437.410624
8,312,437.410624
8,313,437.410624
8,314,449.733206
8,315,449.733206
8,316,449.733206
8,317,449.733206
8,318,454.557155
8,319,454.557155
8,320,454.557155
8,321,454.557155
8,322,454.557155
8,323,454.557155
8,324,454.557155
8,325,454.557155
8,326,454.557155
8,327,454.557155
8,328,454.557155
8,329,454.557155
8,330,454.557155
8,331,454.557155
8,332,454.557155
8,333,457.437210
8,334,457.437210
8,335,457.437210
8,336,457.437210
8,337,457.437210
8,338,457.437210
8,339,457.437210
8,340,457.437210
8,341,457.437210
8,342,457.437210
8,343,457.437210
8,344,457.437210
8,345,457.437210
8,346,501.674121
8,347,501.674121
8,348,501.674121
8,349,501.674121
8,350,501.674121
8,351,501.674121
8,352,501.674121
8,353,501.674121
8,354,501.674121
8,355,501.674121
8,356,501.674121
8,357,501.674121
8,358,501.674121
8,359,501.674121
8,360,501.674121
8,361,501.674121
8,362,501.674121
8,363,501.674121
8,364,501.674121
8,365,501.674121
8,366,501.674121
8,367,501.674121
8,368,501.674121
8,369,501.674121
8,370,501.674121
8,371,501.674121
8,372,501.674121
8,373,501.674121
8,374,501.674121
8,375,501.674121
8,376,501.674121
8,377,501.674121
8,378,501.674121
8,379,501.674121
8,380,501.674121
8,381,501.674121
8,382,501.674121
8,383,501.674121
8,384,501.674121
8,385,501.674121
8,386,501.674121
8,387,501.674121
8,388,501.674121
8,389,501.674121
8,390,501.674121
8,391,501.674121
8,392,501.674121
8,393,501.674121
8,394,501.674121
8,395,501.674121
8,396,501.674121
8,397,501.674121
8,398,501.674121
8,399,501.674121
8,400,501.674121
8,401,501.674121
8,402,501.674121
8,403,501.674121
8,404,501.674121
8,405,501.674121
8,406,501.674121
8,407,501.674121
8,408,501.674121
8,409,501.674121
8,410,501.674121
8,411,501.674121
8,412,501.674121
8,413,501.674121
8,414,501.674121
8,415,501.674121
8,416,501.674121
8,417,501.674121
8,418,501.674121
8,419,501.674121
8,420,501.674121
8,421,501.674121
8,422,501.674121
8,423,501.674121
8,424,501.674121
8,425,501.674121
8,426,501.674121
8,427,501.674121
8,428,501.674121
8,429,501.674121
8,430,501.674121
8,431,501.674121
8,432,501.674121
8,433,501.674121
8,434,501.674121
8,435,501.674121
8,436,501.674121
8,437,501.674121
8,438,501.674121
8,439,501.674121
8,440,501.674121
8,441,501.674121
8,442,501.674121
8,443,501.674121
8,444,501.674121
8,445,501.674121
8,446,501.674121
8,447,501.674121
8,448,501.674121
8,449,501.674121
8,450,501.674121
8,451,501.674121
8,452,501.674121
8,453,501.674121
8,454,501.674121
8,455,501.674121
8,456,501.674121
8,457,501.674121
8,458,501.674121
8,459,501.674121
8,460,501.674121
8,461,501.674121
8,462,501.674121
8,463,501.674121
8,464,501.674121
8,465,501.674121
8,466,501.674121
8,467,501.674121
8,468,501.674121
8,469,501.674121
8,470,501.674121
8,471,501.674121
8,472,501.674121
8,473,501.674121
8,474,501.674121
8,475,501.674121
8,476,501.674121
8,477,501.674121
8,478,501.674121
8,479,501.674121
8,480,501.674121
8,481,501.674121
8,482,501.674121
8,483,501.674121
8,484,501.674121
8,485,501.674121
8,486,501.674121
8,487,501.674121
8,488,501.674121
8,489,501.674121
8,490,501.674121
8,491,501.674121
8,492,501.674121
8,493,501.674121
8,494,501.674121
8,495,501.674121
8,496,501.674121
8,497,501.674121
8,498,501.674121
8,499,501.674121
8,500,501.674121
8,501,501.674121
8,502,501.674121
8,503,501.674121
8,504,501.674121
8,505,501.674121
8,506,501.674121
8,507,501.674121
8,508,501.674121
8,509,501.674121
8,510,501.674121
8,511,501.674121
8,512,501.674121
8,513,501.674121
8,514,501.674121
8,515,501.674121
8,516,501.674121
8,517,501.674121
8,518,501.674121
8,519,501.674121
8,520,501.674121
8,521,501.674121
8,522,501.674121
8,523,501.674121
8,524,501.674121
8,525,501.674121
8,526,501.674121
8,527,501.674121
8,528,501.674121
8,529,501.674121
8,530,501.674121
8,531,501.674121
8,532,501.674121
8,533,501.674121
8,534,501.674121
8,535,501.674121
8,536,501.674121
8,537,501.674121
8,538,501.674121
8,539,501.674121
8,540,501.674121
8,541,501.674121
8,542,501.674121
8,543,501.674121
8,544,501.674121
8,545,501.674121
8,546,501.674121
8,547,501.674121
8,548,501.674121
8,549,501.674121
8,550,501.674121
8,551,501.674121
8,552,501.674121
8,553,501.674121
8,554,501.674121
8,555,501.674121
8,556,501.674121
8,557,501.674121
8,558,501.674121
8,559,501.674121
8,560,501.674121
8,561,501.674121
8,562,501.674121
8,563,501.674121
8,564,501.674121
8,565,501.674121
8,566,501.674121
8,567,501.674121
8,568,501.674121
8,569,501.674121
8,570,501.674121
8,571,501.674121
8,572,501.674121
8,573,501.674121
8,574,501.674121
8,575,501.674121
8,576,501.674121
8,577,501.674121
8,578,501.674121
8,579,501.674121
8,580,501.674121
8,581,501.674121
8,582,501.674121
8,583,501.674121
8,584,501.674121
8,585,501.674121
8,586,501.674121
8,587,501.674121
8,588,501.674121
8,589,501.674121
8,590,501.674121
8,591,501.674121
8,592,501.674121
8,593,501.674121
8,594,501.674121
8,595,501.674121
8,596,501.674121
8,597,501.674121
8,598,501.674121
8,599,501.674121
8,600,501.674121
8,601,501.674121
8,602,501.674121
8,603,501.674121
8,604,501.674121
8,605,501.674121
8,606,501.674121
8,607,501.674121
8,608,501.674121
8,609,501.674121
8,610,501.674121
8,611,501.674121
8,612,501.674121
8,613,501.674121
8,614,501.674121
8,615,501.674121
8,616,501.674121
8,617,501.674121
8,618,501.674121
8,619,501.674121
8,620,501.674121
8,621,501.674121
8,622,501.674121
8,623,501.674121
8,624,501.674121
8,625,501.674121
8,626,501.674121
8,627,501.674121
8,628,501.674121
8,629,501.674121
8,630,501.674121
8,631,501.674121
8,632,501.674121
8,633,501.674121
8,634,501.674121
8,635,501.674121
8,636,501.674121
8,637,501.674121
8,638,501.674121
8,639,501.674121
8,640,501.674121
8,641,501.674121
8,642,501.674121
8,643,501.674121
8,644,501.674121
8,645,501.674121
8,646,501.674121
8,647,501.674121
8,648,501.674121
8,649,501.674121
8,650,501.674121
8,651,501.674121
8,652,501.674121
8,653,501.674121
8,654,501.674121
8,655,501.674121
8,656,501.674121
8,657,501.674121
8,658,501.674121
8,659,501.674121
8,660,501.674121
8,661,501.674121
8,662,501.674121
8,663,501.674121
8,664,501.674121
8,665,501.674121
8,666,501.674121
8,667,501.674121
8,668,501.674121
8,669,501.674121
8,670,501.674121
8,671,501.674121
8,672,501.674121
8,673,501.674121
8,674,501.674121
8,675,501.674121
8,676,501.674121
8,677,501.674121
8,678,501.674121
8,679,501.674121
8,680,501.674121
8,681,501.674121
8,682,501.674121
8,683,501.674121
8,684,501.674121
8,685,501.674121
8,686,501.674121
8,687,501.674121
8,688,501.674121
8,689,501.674121
8,690,501.674121
8,691,501.674121
8,692,501.674121
8,693,501.674121
8,694,501.674121
8,695,501.674121
8,696,501.674121
8,697,501.674121
8,698,501.674121
8,699,501.674121
8,700,501.674121
8,701,501.674121
8,702,501.674121
8,703,501.674121
8,704,501.674121
8,705,501.674121
8,706,501.674121
8,707,501.674121
8,708,501.674121
8,709,501.674121
8,710,501.674121
8,711,501.674121
8,712,501.674121
8,713,501.674121
8,714,501.674121
8,715,501.674121
8,716,501.674121
8,717,501.674121
8,718,501.674121
8,719,501.674121
8,720,501.674121
8,721,501.674121
8,722,501.674121
8,723,501.674121
8,724,501.674121
8,725,501.674121
8,726,501.674121
8,727,501.674121
8,728,501.674121
8,729,501.674121
8,730,501.674121
8,731,501.674121
8,732,501.674121
8,733,501.674121
8,734,501.674121
8,735,501.674121
8,736,501.674121
8,737,501.674121
8,738,501.674121
8,739,501.674121
8,740,501.674121
8,741,501.674121
8,742,501.674121
8,743,501.674121
8,744,501.674121
8,745,501.674121
8,746,501.674121
8,747,501.674121
8,748,501.674121
8,749,501.674121
8,750,501.674121
8,751,501.674121
8,752,501.674121
8,753,501.674121
8,754,501.674121
8,755,501.674121
8,756,501.674121
8,757,501.674121
8,758,501.674121
8,759,501.674121
8,760,501.674121
8,761,501.674121
8,762,501.674121
8,763,501.674121
8,764,501.674121
8,765,501.674121
8,766,501.674121
8,767,501.674121
8,768,501.674121
8,769,501.674121
8,770,501.674121
8,771,501.674121
8,772,501.674121
8,773,501.674121
8,774,501.674121
8,775,501.674121
8,776,501.674121
8,777,501.674121
8,778,501.674121
8,779,501.674121
8,780,501.674121
8,781,501.674121
8,782,501.674121
8,783,501.674121
8,784,501.674121
8,785,501.674121
8,786,501.674121
8,787,501.674121
8,788,501.674121
8,789,501.674121
8,790,501.674121
8,791,501.674121
8,792,501.674121
8,793,501.674121
8,794,501.674121
8,795,501.674121
8,796,501.674121
8,797,501.674121
8,798,501.674121
8,799,501.674121
8,800,501.674121
8,801,501.674121
8,802,501.674121
8,803,501.674121
8,804,501.674121
8,805,501.674121
8,806,501.674121
8,807,501.674121
8,808,501.674121
8,809,501.674121
8,810,501.674121
8,811,501.674121
8,812,501.674121
8,813,501.674121
8,814,501.674121
8,815,501.674121
8,816,501.674121
8,817,501.674121
8,818,501.674121
8,819,501.674121
8,820,501.674121
8,821,501.674121
8,822,501.674121
8,823,501.674121
8,824,501.674121
8,825,501.674121
8,826,501.674121
8,827,501.674121
8,828,501.674121
8,829,501.674121
8,830,501.674121
8,831,501.674121
8,832,501.674121
8,833,501.674121
8,834,501.674121
8,835,501.674121
8,836,501.674121
8,837,501.674121
8,838,501.674121
8,839,501.674121
8,840,501.674121
8,841,501.674121
8,842,501.674121
8,843,501.674121
8,844,501.674121
8,845,501.674121
8,846,501.674121
8,847,501.674121
8,848,501.674121
8,849,501.674121
8,850,501.674121
8,851,501.674121
8,852,501.674121
8,853,501.674121
8,854,501.674121
8,855,501.674121
8,856,501.674121
8,857,501.674121
8,858,501.674121
8,859,501.674121
8,860,501.674121
8,861,501.674121
8,862,501.674121
8,863,501.674121
8,864,501.674121
8,865,501.674121
8,866,501.674121
8,867,501.674121
8,868,501.674121
8,869,501.674121
8,870,501.674121
8,871,501.674121
8,872,501.674121
8,873,501.674121
8,874,501.674121
8,875,501.674121
8,876,501.674121
8,877,501.674121
8,878,501.674121
8,879,501.674121
8,880,501.674121
8,881,501.674121
8,882,501.674121
8,883,501.674121
8,884,501.674121
8,885,501.674121
8,886,501.674121
8,887,501.674121
8,888,501.674121
8,889,501.674121
8,890,501.674121
8,891,501.674121
8,892,501.674121
8,893,501.674121
8,894,501.674121
8,895,501.674121
8,896,501.674121
8,897,501.674121
8,898,501.674121
8,899,501.674121
8,900,501.674121
8,901,501.674121
8,902,501.674121
8,903,501.674121
8,904,501.674121
8,905,501.674121
8,906,501.674121
8,907,501.674121
8,908,501.674121
8,909,501.674121
8,910,501.674121
8,911,501.674121
8,912,501.674121
8,913,501.674121
8,914,501.674121
8,915,501.674121
8,916,501.674121
8,917,501.674121
8,918,501.674121
8,919,501.674121
8,920,501.674121
8,921,501.674121
8,922,501.674121
8,923,501.674121
8,924,501.674121
8,925,501.674121
8,926,501.674121
8,927,501.674121
8,928,501.674121
8,929,501.674121
8,930,501.674121
8,931,501.674121
8,932,501.674121
8,933,501.674121
8,934,501.674121
8,935,501.674121
8,936,501.674121
8,937,501.674121
8,938,501.674121
8,939,501.674121
8,940,501.674121
8,941,501.674121
8,942,501.674121
8,943,501.674121
8,944,501.674121
8,945,501.674121
8,946,501.674121
8,947,501.674121
8,948,501.674121
8,949,501.674121
8,950,501.674121
8,951,501.674121
8,952,501.674121
8,953,501.674121
8,954,501.674121
8,955,501.674121
8,956,501.674121
8,957,501.674121
8,958,501.674121
8,959,501.674121
8,960,501.674121
8,961,501.674121
8,962,501.674121
8,963,501.674121
8,964,501.674121
8,965,501.674121
8,966,501.674121
8,967,501.674121
8,968,501.674121
8,969,501.674121
8,970,501.674121
8,971,501.674121
8,972,501.674121
8,973,501.674121
8,974,501.674121
8,975,501.674121
8,976,501.674121
8,977,501.674121
8,978,501.674121
8,979,501.674121
8,980,501.674121
8,981,501.674121
8,982,501.674121
8,983,501.674121
8,984,501.674121
8,985,501.674121
8,986,501.674121
8,987,501.674121
8,988,501.674121
8,989,501.674121
8,990,501.674121
8,991,501.674121
8,992,501.674121
8,993,501.674121
8,994,501.674121
8,995,501.674121
8,996,501.674121
8,997,501.674121
8,998,501.674121
8,999,501.674121
9,0,117.068671
9,1,117.068671
9,2,117.068671
9,3,117.068671
9,4,117.068671
9,5,117.068671
9,6,130.655390
9,7,136.374056
9,8,136.374056
9,9,136.374056
9,10,136.374056
9,11,136.374056
9,12,136.374056
9,13,136.374056
9,14,136.374056
9,15,144.488643
9,16,159.692886
9,17,159.692886
9,18,159.692886
9,19,159.692886
9,20,159.692886
9,21,159.692886
9,22,159.692886
9,23,159.692886
9,24,159.692886
9,25,159.692886
9,26,159.692886
9,27,159.692886
9,28,159.692886
9,29,159.692886
9,30,159.692886
9,31,159.692886
9,32,159.692886
9,33,159.692886
9,34,159.692886
9,35,159.692886
9,36,159.692886
9,37,159.692886
9,38,159.692886
9,39,159.692886
9,40,159.692886
9,41,159.692886
9,42,159.692886
9,43,159.692886
9,44,159.692886
9,45,159.692886
9,46,159.692886
9,47,159.692886
9,48,159.692886
9,49,159.692886
9,50,159.692886
9,51,159.692886
9,52,159.692886
9,53,159.692886
9,54,159.692886
9,55,159.692886
9,56,159.692886
9,57,159.692886
9,58,159.692886
9,59,159.692886
9,60,159.692886
9,61,159.692886
9,62,159.692886
9,63,159.692886
9,64,159.692886
9,65,159.692886
9,66,159.692886
9,67,159.692886
9,68,159.692886
9,69,159.692886
9,70,159.692886
9,71,159.692886
9,72,159.692886
9,73,159.692886
9,74,159.692886
9,75,159.692886
9,76,159.692886
9,77,159.692886
9,78,159.692886
9,79,159.692886
9,80,159.692886
9,81,159.692886
9,82,159.692886
9,83,159.692886
9,84,178.471746
9,85,178.471746
9,86,178.471746
9,87,178.471746
9,88,178.471746
9,89,178.471746
9,90,178.471746
9,91,178.737476
9,92,216.948339
9,93,226.235756
9,94,226.235756
9,95,238.955210
9,96,238.955210
9,97,238.955210
9,98,238.955210
9,99,238.955210
9,100,238.955210
9,101,238.955210
9,102,238.955210
9,103,238.955210
9,104,238.955210
9,105,259.602859
9,106,259.602859
9,107,259.602859
9,108,259.602859
9,109,259.602859
9,110,259.602859
9,111,259.602859
9,112,270.085001
9,113,270.085001
9,114,270.085001
9,115,270.085001
9,116,270.085001
9,117,270.085001
9,118,270.085001
9,119,270.085001
9,120,270.085001
9,121,270.085001
9,122,270.085001
9,123,270.085001
9,124,270.085001
9,125,270.085001
9,126,270.085001
9,127,270.085001
9,128,270.085001
9,129,270.085001
9,130,270.085001
9,131,270.085001
9,132,270.085001
9,133,270.085001
9,134,270.085001
9,135,270.085001
9,136,270.085001
9,137,270.085001
9,138,270.085001
9,139,270.085001
9,140,270.085001
9,141,270.085001
9,142,270.085001
9,143,270.085001
9,144,270.085001
9,145,270.085001
9,146,270.085001
9,147,270.085001
9,148,270.085001
9,149,270.085001
9,150,270.085001
9,151,270.085001
9,152,270.085001
9,153,270.085001
9,154,270.085001
9,155,270.085001
9,156,270.085001
9,157,270.085001
9,158,270.085001
9,159,270.085001
9,160,270.085001
9,161,270.085001
9,162,270.085001
9,163,270.085001
9,164,270.085001
9,165,270.085001
9,166,270.085001
9,167,270.085001
9,168,270.085001
9,169,270.085001
9,170,270.085001
9,171,270.085001
9,172,270.085001
9,173,270.085001
9,174,270.085001
9,175,289.010578
9,176,289.010578
9,177,289.010578
9,178,289.010578
9,179,289.010578
9,180,289.010578
9,181,289.010578
9,182,289.010578
9,183,289.010578
9,184,289.010578
9,185,289.010578
9,186,289.010578
9,187,289.010578
9,188,289.010578
9,189,289.010578
9,190,289.010578
9,191,289.010578
9,192,289.010578
9,193,289.010578
9,194,289.010578
9,195,289.010578
9,196,289.010578
9,197,289.010578
9,198,289.010578
9,199,289.010578
9,200,289.010578
9,201,289.010578
9,202,289.010578
9,203,289.010578
9,204,289.010578
9,205,289.010578
9,206,289.010578
9,207,289.010578
9,208,289.010578
9,209,289.010578
9,210,289.010578
9,211,289.010578
9,212,289.010578
9,213,289.010578
9,214,289.010578
9,215,289.010578
9,216,289.010578
9,217,289.010578
9,218,289.010578
9,219,289.010578
9,220,289.010578
9,221,289.010578
9,222,289.010578
9,223,289.010578
9,224,289.010578
9,225,289.010578
9,226,289.010578
9,227,289.010578
9,228,289.010578
9,229,289.010578
9,230,289.010578
9,231,289.010578
9,232,289.010578
9,233,310.881602
9,234,310.881602
9,235,310.881602
9,236,325.463134
9,237,325.463134
9,238,325.463134
9,239,325.463134
9,240,325.496823
9,241,325.496823
9,242,325.496823
9,243,325.496823
9,244,325.496823
9,245,339.394156
9,246,339.394156
9,247,339.394156
9,248,339.394156
9,249,339.394156
9,250,339.394156
9,251,339.394156
9,252,339.394156
9,253,339.394156
9,254,339.394156
9,255,339.394156
9,256,339.394156
9,257,339.394156
9,258,339.394156
9,259,339.394156
9,260,339.394156
9,261,339.394156
9,262,339.394156
9,263,339.394156
9,264,339.394156
9,265,339.394156
9,266,339.394156
9,267,339.394156
9,268,339.394156
9,269,339.394156
9,270,360.195559
9,271,360.195559
9,272,360.195559
9,273,360.195559
9,274,360.195559
9,275,360.195559
9,276,360.195559
9,277,360.195559
9,278,369.106608
9,279,369.106608
9,280,369.106608
9,281,369.106608
9,282,369.106608
9,283,369.106608
9,284,369.106608
9,285,369.106608
9,286,369.106608
9,287,369.106608
9,288,369.106608
9,289,369.106608
9,290,369.106608
9,291,369.106608
9,292,369.106608
9,293,369.106608
9,294,369.106608
9,295,369.106608
9,296,369.106608
9,297,369.106608
9,298,369.106608
9,299,369.106608
9,300,369.106608
9,301,369.106608
9,302,369.106608
9,303,369.106608
9,304,369.106608
9,305,369.106608
9,306,369.106608
9,307,369.106608
9,308,369.106608
9,309,369.106608
9,310,369.106608
9,311,369.106608
9,312,369.106608
9,313,369.106608
9,314,369.106608
9,315,369.106608
9,316,369.106608
9,317,369.106608
9,318,369.106608
9,319,369.106608
9,320,369.106608
9,321,369.106608
9,322,369.106608
9,323,369.106608
9,324,369.106608
9,325,369.106608
9,326,369.106608
9,327,369.106608
9,328,369.106608
9,329,369.106608
9,330,369.106608
9,331,369.106608
9,332,369.106608
9,333,369.106608
9,334,369.106608
9,335,369.106608
9,336,369.106608
9,337,369.106608
9,338,369.106608
9,339,369.106608
9,340,369.106608
9,341,369.106608
9,342,369.106608
9,343,369.106608
9,344,369.106608
9,345,369.106608
9,346,369.106608
9,347,369.106608
9,348,369.106608
9,349,369.106608
9,350,369.106608
9,351,369.106608
9,352,369.106608
9,353,369.106608
9,354,369.106608
9,355,369.106608
9,356,369.106608
9,357,369.106608
9,358,369.106608
9,359,369.106608
9,360,369.106608
9,361,369.106608
9,362,369.106608
9,363,369.106608
9,364,369.106608
9,365,369.106608
9,366,369.106608
9,367,369.106608
9,368,369.106608
9,369,369.106608
9,370,369.106608
9,371,369.106608
9,372,369.106608
9,373,369.106608
9,374,369.106608
9,375,369.106608
9,376,369.106608
9,377,369.106608
9,378,369.106608
9,379,369.106608
9,380,369.106608
9,381,369.106608
9,382,369.106608
9,383,369.106608
9,384,369.106608
9,385,369.106608
9,386,369.106608
9,387,369.106608
9,388,369.106608
9,389,369.106608
9,390,369.106608
9,391,369.106608
9,392,369.106608
9,393,369.106608
9,394,369.106608
9,395,369.106608
9,396,369.106608
9,397,369.106608
9,398,369.106608
9,399,369.106608
9,400,369.106608
9,401,369.106608
9,402,369.106608
9,403,369.106608
9,404,369.106608
9,405,369.106608
9,406,369.106608
9,407,369.106608
9,408,369.106608
9,409,369.106608
9,410,369.106608
9,411,369.106608
9,412,369.106608
9,413,369.106608
9,414,369.106608
9,415,369.106608
9,416,369.106608
9,417,369.106608
9,418,369.106608
9,419,369.106608
9,420,369.106608
9,421,369.106608
9,422,369.106608
9,423,369.106608
9,424,369.106608
9,425,369.106608
9,426,369.106608
9,427,369.106608
9,428,369.106608
9,429,369.106608
9,430,369.106608
9,431,369.106608
9,432,369.106608
9,433,369.106608
9,434,369.106608
9,435,369.106608
9,436,369.106608
9,437,369.106608
9,438,369.106608
9,439,369.106608
9,440,369.106608
9,441,369.106608
9,442,369.106608
9,443,369.106608
9,444,369.106608
9,445,369.106608
9,446,369.106608
9,447,369.106608
9,448,369.106608
9,449,369.106608
9,450,369.106608
9,451,369.106608
9,452,369.106608
9,453,369.106608
9,454,369.106608
9,455,369.106608
9,456,369.106608
9,457,369.106608
9,458,388.269444
9,459,388.269444
9,460,388.269444
9,461,388.269444
9,462,388.269444
9,463,388.269444
9,464,388.269444
9,465,388.269444
9,466,388.269444
9,467,388.269444
9,468,388.269444
9,469,388.269444
9,470,388.269444
9,471,388.269444
9,472,388.269444
9,473,388.269444
9,474,388.269444
9,475,388.269444
9,476,388.269444
9,477,388.269444
9,478,388.269444
9,479,388.269444
9,480,388.269444
9,481,388.269444
9,482,388.269444
9,483,388.269444
9,484,388.269444
9,485,388.269444
9,486,388.269444
9,487,388.269444
9,488,388.269444
9,489,388.269444
9,490,388.269444
9,491,388.269444
9,492,388.269444
9,493,388.269444
9,494,388.269444
9,495,388.269444
9,496,388.269444
9,497,388.269444
9,498,388.269444
9,499,388.269444
9,500,388.269444
9,501,388.269444
9,502,388.269444
9,503,388.269444
9,504,388.269444
9,505,388.269444
9,506,407.656118
9,507,407.656118
9,508,407.656118
9,509,407.656118
9,510,407.656118
9,511,407.656118
9,512,407.656118
9,513,407.656118
9,514,407.656118
9,515,407.656118
9,516,407.656118
9,517,407.656118
9,518,407.656118
9,519,407.656118
9,520,407.656118
9,521,407.656118
9,522,407.656118
9,523,407.656118
9,524,407.656118
9,525,407.656118
9,526,407.656118
9,527,407.656118
9,528,407.656118
9,529,407.656118
9,530,407.656118
9,531,407.656118
9,532,407.656118
9,533,407.656118
9,534,407.656118
9,535,407.656118
9,536,407.656118
9,537,407.656118
9,538,407.656118
9,539,407.656118
9,540,407.656118
9,541,407.656118
9,542,407.656118
9,543,407.656118
9,544,407.656118
9,545,407.656118
9,546,407.656118
9,547,407.656118
9,548,407.656118
9,549,407.656118
9,550,407.656118
9,551,407.656118
9,552,407.656118
9,553,407.656118
9,554,407.656118
9,555,407.656118
9,556,407.656118
9,557,407.656118
9,558,407.656118
9,559,407.656118
9,560,407.656118
9,561,407.656118
9,562,407.656118
9,563,407.656118
9,564,407.656118
9,565,407.656118
9,566,407.656118
9,567,407.656118
9,568,407.656118
9,569,407.656118
9,570,407.656118
9,571,407.656118
9,572,407.656118
9,573,407.656118
9,574,407.656118
9,575,407.656118
9,576,407.656118
9,577,407.656118
9,578,407.656118
9,579,407.656118
9,580,407.656118
9,581,407.656118
9,582,407.656118
9,583,407.656118
9,584,407.656118
9,585,407.656118
9,586,407.656118
9,587,407.656118
9,588,407.656118
9,589,407.656118
9,590,407.656118
9,591,407.656118
9,592,407.656118
9,593,407.656118
9,594,407.656118
9,595,407.656118
9,596,407.656118
9,597,407.656118
9,598,407.656118
9,599,407.656118
9,600,407.656118
9,601,407.656118
9,602,407.656118
9,603,407.656118
9,604,407.656118
9,605,407.656118
9,606,407.656118
9,607,407.656118
9,608,407.656118
9,609,407.656118
9,610,407.656118
9,611,407.656118
9,612,407.656118
9,613,407.656118
9,614,407.656118
9,615,407.656118
9,616,407.656118
9,617,407.656118
9,618,407.656118
9,619,407.656118
9,620,407.656118
9,621,407.656118
9,622,407.656118
9,623,407.656118
9,624,407.656118
9,625,407.656118
9,626,407.656118
9,627,407.656118
9,628,407.656118
9,629,407.656118
9,630,407.656118
9,631,407.656118
9,632,407.656118
9,633,407.656118
9,634,407.656118
9,635,407.656118
9,636,407.656118
9,637,407.656118
9,638,407.656118
9,639,407.656118
9,640,407.656118
9,641,407.656118
9,642,407.656118
9,643,407.656118
9,644,407.656118
9,645,407.656118
9,646,407.656118
9,647,407.656118
9,648,407.656118
9,649,407.656118
9,650,407.656118
9,651,407.656118
9,652,407.656118
9,653,407.656118
9,654,407.656118
9,655,407.656118
9,656,407.656118
9,657,407.656118
9,658,407.656118
9,659,407.656118
9,660,407.656118
9,661,407.656118
9,662,407.656118
9,663,407.656118
9,664,407.656118
9,665,407.656118
9,666,407.656118
9,667,407.656118
9,668,407.656118
9,669,407.656118
9,670,407.656118
9,671,407.656118
9,672,407.656118
9,673,407.656118
9,674,407.656118
9,675,407.656118
9,676,407.656118
9,677,407.656118
9,678,407.656118
9,679,407.656118
9,680,407.656118
9,681,407.656118
9,682,407.656118
9,683,407.656118
9,684,407.656118
9,685,407.656118
9,686,407.656118
9,687,407.656118
9,688,407.656118
9,689,407.656118
9,690,407.656118
9,691,407.656118
9,692,407.656118
9,693,407.656118
9,694,407.656118
9,695,407.656118
9,696,407.656118
9,697,407.656118
9,698,407.656118
9,699,407.656118
9,700,407.656118
9,701,407.656118
9,702,407.656118
9,703,407.656118
9,704,407.656118
9,705,407.656118
9,706,407.656118
9,707,407.656118
9,708,407.656118
9,709,407.656118
9,710,407.656118
9,711,407.656118
9,712,407.656118
9,713,407.656118
9,714,407.656118
9,715,407.656118
9,716,407.656118
9,717,407.656118
9,718,417.497714
9,719,417.497714
9,720,417.497714
9,721,417.497714
9,722,417.497714
9,723,417.497714
9,724,417.497714
9,725,417.497714
9,726,417.497714
9,727,417.497714
9,728,417.497714
9,729,417.497714
9,730,417.497714
9,731,417.497714
9,732,417.497714
9,733,417.497714
9,734,417.497714
9,735,417.497714
9,736,417.497714
9,737,417.497714
9,738,417.497714
9,739,417.497714
9,740,417.497714
9,741,417.497714
9,742,417.497714
9,743,417.497714
9,744,417.497714
9,745,417.497714
9,746,417.497714
9,747,417.497714
9,748,417.497714
9,749,417.497714
9,750,417.497714
9,751,417.497714
9,752,417.497714
9,753,417.497714
9,754,417.497714
9,755,417.497714
9,756,417.497714
9,757,417.497714
9,758,417.497714
9,759,417.497714
9,760,417.497714
9,761,417.497714
9,762,417.497714
9,763,421.702772
9,764,421.702772
9,765,421.702772
9,766,421.702772
9,767,421.702772
9,768,421.702772
9,769,421.702772
9,770,421.702772
9,771,421.702772
9,772,421.702772
9,773,421.702772
9,774,421.702772
9,775,421.702772
9,776,421.702772
9,777,421.702772
9,778,421.702772
9,779,421.702772
9,780,421.702772
9,781,421.702772
9,782,421.702772
9,783,421.702772
9,784,421.702772
9,785,421.702772
9,786,421.702772
9,787,421.702772
9,788,421.702772
9,789,421.702772
9,790,421.702772
9,791,421.702772
9,792,421.702772
9,793,421.702772
9,794,421.702772
9,795,421.702772
9,796,421.702772
9,797,421.702772
9,798,421.702772
9,799,421.702772
9,800,421.702772
9,801,421.702772
9,802,421.702772
9,803,421.702772
9,804,421.702772
9,805,421.702772
9,806,421.702772
9,807,421.702772
9,808,421.702772
9,809,421.702772
9,810,421.702772
9,811,421.702772
9,812,421.702772
9,813,421.702772
9,814,421.702772
9,815,421.702772
9,816,421.702772
9,817,421.702772
9,818,421.702772
9,819,421.702772
9,820,421.702772
9,821,421.702772
9,822,421.702772
9,823,421.702772
9,824,421.702772
9,825,421.702772
9,826,421.702772
9,827,421.702772
9,828,421.702772
9,829,421.702772
9,830,421.702772
9,831,421.702772
9,832,421.702772
9,833,421.702772
9,834,421.702772
9,835,421.702772
9,836,421.702772
9,837,421.702772
9,838,421.702772
9,839,421.702772
9,840,421.702772
9,841,421.702772
9,842,421.702772
9,843,421.702772
9,844,421.702772
9,845,421.702772
9,846,421.702772
9,847,421.702772
9,848,421.702772
9,849,421.702772
9,850,423.520663
9,851,423.520663
9,852,423.520663
9,853,423.520663
9,854,423.520663
9,855,423.520663
9,856,434.780907
9,857,458.913135
9,858,458.913135
9,859,458.913135
9,860,458.913135
9,861,482.888187
9,862,482.888187
9,863,482.888187
9,864,482.888187
9,865,482.888187
9,866,482.888187
9,867,482.888187
9,868,482.888187
9,869,482.888187
9,870,482.888187
9,871,482.888187
9,872,482.888187
9,873,482.888187
9,874,482.888187
9,875,482.888187
9,876,482.888187
9,877,482.888187
9,878,482.888187
9,879,482.888187
9,880,482.888187
9,881,482.888187
9,882,482.888187
9,883,482.888187
9,884,482.888187
9,885,482.888187
9,886,482.888187
9,887,482.888187
9,888,482.888187
9,889,482.888187
9,890,482.888187
9,891,482.888187
9,892,482.888187
9,893,482.888187
9,894,482.888187
9,895,482.888187
9,896,482.888187
9,897,482.888187
9,898,482.888187
9,899,482.888187
9,900,482.888187
9,901,482.888187
9,902,482.888187
9,903,482.888187
9,904,482.888187
9,905,482.888187
9,906,482.888187
9,907,482.888187
9,908,482.888187
9,909,482.888187
9,910,482.888187
9,911,482.888187
9,912,482.888187
9,913,482.888187
9,914,482.888187
9,915,482.888187
9,916,482.888187
9,917,482.888187
9,918,482.888187
9,919,482.888187
9,920,482.888187
9,921,482.888187
9,922,482.888187
9,923,482.888187
9,924,482.888187
9,925,482.888187
9,926,482.888187
9,927,482.888187
9,928,482.888187
9,929,482.888187
9,930,482.888187
9,931,496.748782
9,932,508.806028
9,933,508.806028
9,934,508.806028
9,935,508.806028
9,936,508.806028
9,937,508.806028
9,938,508.806028
9,939,508.806028
9,940,508.806028
9,941,508.806028
9,942,508.806028
9,943,508.806028
9,944,508.806028
9,945,508.806028
9,946,508.806028
9,947,508.806028
9,948,508.806028
9,949,508.806028
9,950,508.806028
9,951,508.806028
9,952,508.806028
9,953,508.806028
9,954,508.806028
9,955,508.806028
9,956,508.806028
9,957,508.806028
9,958,508.806028
9,959,508.806028
9,960,508.806028
9,961,508.806028
9,962,508.806028
9,963,508.806028
9,964,508.806028
9,965,508.806028
9,966,508.806028
9,967,508.806028
9,968,508.806028
9,969,508.806028
9,970,508.806028
9,971,508.806028
9,972,508.806028
9,973,508.806028
9,974,508.806028
9,975,508.806028
9,976,508.806028
9,977,508.806028
9,978,508.806028
9,979,508.806028
9,980,508.806028
9,981,508.806028
9,982,508.806028
9,983,508.806028
9,984,508.806028
9,985,508.806028
9,986,508.806028
9,987,508.806028
9,988,508.806028
9,989,508.806028
9,990,508.806028
9,991,508.806028
9,992,508.806028
9,993,508.806028
9,994,508.806028
9,995,508.806028
9,996,508.806028
9,997,508.806028
9,998,508.806028
9,999,508.806028
10,0,103.154436
10,1,131.817119
10,2,131.817119
10,3,135.538175
10,4,170.793242
10,5,170.793242
10,6,195.259784
10,7,232.440330
10,8,232.440330
10,9,232.440330
10,10,232.440330
10,11,232.440330
10,12,232.440330
10,13,232.440330
10,14,232.440330
10,15,232.440330
10,16,232.440330
10,17,232.440330
10,18,232.440330
10,19,232.440330
10,20,232.440330
10,21,232.440330
10,22,232.440330
10,23,232.440330
10,24,232.440330
10,25,232.440330
10,26,232.440330
10,27,232.440330
10,28,232.440330
10,29,232.440330
10,30,232.440330
10,31,232.440330
10,32,232.440330
10,33,232.440330
10,34,232.440330
10,35,232.440330
10,36,232.440330
10,37,232.440330
10,38,232.440330
10,39,232.440330
10,40,232.440330
10,41,232.440330
10,42,232.440330
10,43,232.440330
10,44,232.440330
10,45,232.440330
10,46,232.440330
10,47,232.440330
10,48,232.440330
10,49,232.440330
10,50,232.440330
10,51,232.440330
10,52,232.440330
10,53,232.440330
10,54,232.440330
10,55,232.440330
10,56,232.440330
10,57,232.440330
10,58,232.440330
10,59,232.440330
10,60,232.440330
10,61,232.440330
10,62,232.440330
10,63,232.440330
10,64,232.440330
10,65,232.440330
10,66,232.440330
10,67,232.440330
10,68,232.440330
10,69,232.440330
10,70,232.440330
10,71,232.440330
10,72,232.440330
10,73,232.440330
10,74,232.440330
10,75,232.440330
10,76,232.440330
10,77,232.440330
10,78,232.440330
10,79,232.440330
10,80,232.440330
10,81,232.440330
10,82,232.440330
10,83,232.440330
10,84,232.440330
10,85,232.440330
10,86,232.440330
10,87,232.440330
10,88,232.440330
10,89,232.440330
10,90,232.440330
10,91,232.440330
10,92,232.440330
10,93,232.440330
10,94,232.440330
10,95,232.440330
10,96,232.440330
10,97,232.440330
10,98,232.440330
10,99,232.440330
10,100,232.440330
10,101,232.440330
10,102,232.440330
10,103,232.440330
10,104,232.440330
10,105,232.440330
10,106,232.440330
10,107,232.440330
10,108,232.440330
10,109,240.705605
10,110,240.705605
10,111,240.705605
10,112,245.915384
10,113,245.915384
10,114,245.915384
10,115,245.915384
10,116,245.915384
10,117,245.915384
10,118,245.915384
10,119,245.915384
10,120,245.915384
10,121,245.915384
10,122,245.915384
10,123,245.915384
10,124,245.915384
10,125,245.915384
10,126,245.915384
10,127,245.915384
10,128,264.215442
10,129,264.215442
10,130,264.215442
10,131,264.215442
10,132,264.215442
10,133,264.215442
10,134,264.215442
10,135,264.215442
10,136,264.215442
10,137,264.215442
10,138,264.215442
10,139,264.215442
10,140,264.215442
10,141,264.215442
10,142,264.215442
10,143,264.215442
10,144,264.215442
10,145,264.215442
10,146,264.215442
10,147,264.215442
10,148,264.215442
10,149,264.215442
10,150,264.215442
10,151,264.215442
10,152,285.939950
10,153,285.939950
10,154,285.939950
10,155,285.939950
10,156,294.866740
10,157,294.866740
10,158,294.866740
10,159,294.866740
10,160,294.866740
10,161,294.866740
10,162,294.866740
10,163,326.301264
10,164,326.301264
10,165,326.301264
10,166,326.301264
10,167,326.301264
10,168,326.301264
10,169,326.301264
10,170,326.301264
10,171,326.301264
10,172,326.301264
10,173,326.301264
10,174,326.301264
10,175,326.301264
10,176,326.301264
10,177,326.301264
10,178,326.301264
10,179,326.301264
10,180,326.301264
10,181,326.301264
10,182,326.301264
10,183,326.301264
10,184,365.340456
10,185,365.340456
10,186,365.340456
10,187,365.340456
10,188,365.340456
10,189,365.340456
10,190,365.340456
10,191,365.340456
10,192,365.340456
10,193,365.340456
10,194,365.340456
10,195,365.340456
10,196,365.340456
10,197,365.340456
10,198,365.340456
10,199,365.340456
10,200,365.340456
10,201,365.340456
10,202,365.340456
10,203,365.340456
10,204,365.340456
10,205,365.340456
10,206,365.340456
10,207,365.340456
10,208,365.340456
10,209,365.340456
10,210,365.340456
10,211,365.340456
10,212,365.340456
10,213,365.340456
10,214,365.340456
10,215,365.340456
10,216,365.340456
10,217,365.340456
10,218,365.340456
10,219,365.340456
10,220,365.340456
10,221,365.340456
10,222,365.340456
10,223,365.340456
10,224,365.340456
10,225,365.340456
10,226,365.340456
10,227,365.340456
10,228,365.340456
10,229,365.340456
10,230,365.340456
10,231,365.340456
10,232,365.340456
10,233,365.340456
10,234,365.340456
10,235,365.340456
10,236,365.340456
10,237,365.340456
10,238,365.340456
10,239,365.340456
10,240,365.340456
10,241,365.340456
10,242,365.340456
10,243,365.340456
10,244,365.340456
10,245,365.340456
10,246,365.340456
10,247,365.340456
10,248,365.340456
10,249,365.340456
10,250,365.340456
10,251,365.340456
10,252,365.340456
10,253,365.340456
10,254,365.340456
10,255,365.340456
10,256,365.340456
10,257,365.340456
10,258,365.340456
10,259,365.340456
10,260,365.340456
10,261,365.340456
10,262,365.340456
10,263,365.340456
10,264,365.340456
10,265,365.340456
10,266,365.340456
10,267,365.340456
10,268,365.340456
10,269,365.340456
10,270,365.340456
10,271,365.340456
10,272,365.340456
10,273,365.340456
10,274,365.340456
10,275,365.340456
10,276,365.340456
10,277,365.340456
10,278,365.340456
10,279,365.340456
10,280,365.340456
10,281,365.340456
10,282,365.340456
10,283,365.340456
10,284,365.340456
10,285,365.340456
10,286,365.340456
10,287,365.340456
10,288,365.340456
10,289,365.340456
10,290,365.340456
10,291,365.340456
10,292,365.340456
10,293,365.340456
10,294,365.340456
10,295,365.340456
10,296,365.340456
10,297,365.340456
10,298,365.340456
10,299,365.340456
10,300,365.340456
10,301,365.340456
10,302,365.340456
10,303,365.340456
10,304,365.340456
10,305,365.340456
10,306,365.340456
10,307,365.340456
10,308,365.340456
10,309,365.340456
10,310,365.340456
10,311,365.340456
10,312,365.340456
10,313,365.340456
10,314,365.340456
10,315,365.340456
10,316,365.340456
10,317,365.340456
10,318,365.340456
10,319,365.340456
10,320,365.340456
10,321,365.340456
10,322,365.340456
10,323,365.340456
10,324,365.340456
10,325,365.340456
10,326,365.340456
10,327,365.340456
10,328,365.340456
10,329,365.340456
10,330,365.340456
10,331,365.340456
10,332,365.340456
10,333,365.340456
10,334,365.340456
10,335,365.340456
10,336,365.340456
10,337,365.340456
10,338,365.340456
10,339,365.340456
10,340,365.340456
10,341,365.340456
10,342,365.340456
10,343,365.340456
10,344,365.340456
10,345,365.340456
10,346,365.340456
10,347,365.340456
10,348,365.340456
10,349,365.340456
10,350,365.340456
10,351,365.340456
10,352,365.340456
10,353,365.340456
10,354,365.340456
10,355,365.340456
10,356,365.340456
10,357,365.340456
10,358,365.340456
10,359,365.340456
10,360,365.340456
10,361,365.340456
10,362,365.340456
10,363,365.340456
10,364,365.340456
10,365,365.340456
10,366,365.340456
10,367,365.340456
10,368,365.340456
10,369,365.340456
10,370,365.340456
10,371,365.340456
10,372,365.340456
10,373,365.340456
10,374,365.340456
10,375,365.340456
10,376,365.340456
10,377,365.340456
10,378,365.340456
10,379,365.340456
10,380,365.340456
10,381,365.340456
10,382,365.340456
10,383,365.340456
10,384,365.340456
10,385,365.340456
10,386,365.340456
10,387,365.340456
10,388,365.340456
10,389,365.340456
10,390,365.340456
10,391,365.340456
10,392,365.340456
10,393,365.340456
10,394,365.340456
10,395,365.340456
10,396,365.340456
10,397,365.340456
10,398,365.340456
10,399,365.340456
10,400,365.340456
10,401,365.340456
10,402,365.340456
10,403,365.340456
10,404,365.340456
10,405,365.340456
10,406,365.340456
10,407,365.340456
10,408,365.340456
10,409,365.340456
10,410,365.340456
10,411,365.340456
10,412,365.340456
10,413,365.340456
10,414,365.340456
10,415,365.340456
10,416,365.340456
10,417,365.340456
10,418,365.340456
10,419,365.340456
10,420,365.340456
10,421,365.340456
10,422,365.340456
10,423,365.340456
10,424,365.340456
10,425,365.340456
10,426,365.340456
10,427,365.340456
10,428,365.340456
10,429,365.340456
10,430,365.340456
10,431,365.340456
10,432,365.340456
10,433,365.340456
10,434,365.340456
10,435,365.340456
10,436,365.340456
10,437,365.340456
10,438,365.340456
10,439,365.340456
10,440,365.340456
10,441,365.340456
10,442,373.257433
10,443,373.257433
10,444,373.257433
10,445,373.257433
10,446,373.257433
10,447,373.257433
10,448,373.257433
10,449,373.257433
10,450,373.257433
10,451,373.257433
10,452,373.257433
10,453,373.257433
10,454,373.257433
10,455,373.257433
10,456,373.257433
10,457,373.257433
10,458,373.257433
10,459,373.257433
10,460,373.257433
10,461,373.257433
10,462,373.257433
10,463,373.257433
10,464,373.257433
10,465,373.257433
10,466,373.257433
10,467,373.257433
10,468,373.257433
10,469,373.257433
10,470,373.257433
10,471,373.257433
10,472,373.257433
10,473,373.257433
10,474,373.257433
10,475,373.257433
10,476,373.257433
10,477,373.257433
10,478,373.257433
10,479,373.257433
10,480,373.257433
10,481,373.257433
10,482,373.257433
10,483,373.257433
10,484,373.257433
10,485,373.257433
10,486,373.257433
10,487,373.257433
10,488,373.257433
10,489,373.257433
10,490,373.257433
10,491,373.257433
10,492,373.257433
10,493,373.257433
10,494,373.257433
10,495,373.257433
10,496,373.257433
10,497,373.257433
10,498,373.257433
10,499,373.257433
10,500,373.257433
10,501,373.257433
10,502,373.257433
10,503,373.257433
10,504,373.257433
10,505,373.257433
10,506,373.257433
10,507,373.257433
10,508,383.858709
10,509,383.858709
10,510,383.858709
10,511,383.858709
10,512,383.858709
10,513,383.858709
10,514,383.858709
10,515,383.858709
10,516,383.858709
10,517,383.858709
10,518,383.858709
10,519,383.858709
10,520,383.858709
10,521,383.858709
10,522,383.858709
10,523,383.858709
10,524,383.858709
10,525,383.858709
10,526,383.858709
10,527,383.858709
10,528,383.858709
10,529,383.858709
10,530,383.858709
10,531,383.858709
10,532,383.858709
10,533,383.858709
10,534,383.858709
10,535,383.858709
10,536,383.858709
10,537,383.858709
10,538,383.858709
10,539,383.858709
10,540,383.858709
10,541,383.858709
10,542,383.858709
10,543,383.858709
10,544,383.858709
10,545,383.858709
10,546,383.858709
10,547,383.858709
10,548,383.858709
10,549,383.858709
10,550,383.858709
10,551,383.858709
10,552,383.858709
10,553,383.858709
10,554,383.858709
10,555,383.858709
10,556,383.858709
10,557,383.858709
10,558,383.858709
10,559,383.858709
10,560,383.858709
10,561,383.858709
10,562,383.858709
10,563,383.858709
10,564,383.858709
10,565,383.858709
10,566,383.858709
10,567,383.858709
10,568,383.858709
10,569,383.858709
10,570,383.858709
10,571,383.858709
10,572,383.858709
10,573,383.858709
10,574,383.858709
10,575,383.858709
10,576,383.858709
10,577,383.858709
10,578,383.858709
10,579,383.858709
10,580,383.858709
10,581,383.858709
10,582,383.858709
10,583,383.858709
10,584,383.858709
10,585,383.858709
10,586,383.858709
10,587,383.858709
10,588,383.858709
10,589,383.858709
10,590,383.858709
10,591,383.858709
10,592,383.858709
10,593,383.858709
10,594,383.858709
10,595,383.858709
10,596,383.858709
10,597,383.858709
10,598,383.858709
10,599,383.858709
10,600,383.858709
10,601,383.858709
10,602,383.858709
10,603,383.858709
10,604,383.858709
10,605,383.858709
10,606,383.858709
10,607,383.858709
10,608,383.858709
10,609,383.858709
10,610,383.858709
10,611,383.858709
10,612,383.858709
10,613,383.858709
10,614,383.858709
10,615,383.858709
10,616,383.858709
10,617,383.858709
10,618,383.858709
10,619,383.858709
10,620,383.858709
10,621,383.858709
10,622,383.858709
10,623,383.858709
10,624,383.858709
10,625,383.858709
10,626,383.858709
10,627,383.858709
10,628,383.858709
10,629,383.858709
10,630,383.858709
10,631,383.858709
10,632,383.858709
10,633,383.858709
10,634,383.858709
10,635,383.858709
10,636,383.858709
10,637,383.858709
10,638,383.858709
10,639,383.858709
10,640,383.858709
10,641,383.858709
10,642,383.858709
10,643,383.858709
10,644,383.858709
10,645,383.858709
10,646,383.858709
10,647,383.858709
10,648,383.858709
10,649,383.858709
10,650,383.858709
10,651,383.858709
10,652,383.858709
10,653,383.858709
10,654,383.858709
10,655,383.858709
10,656,383.858709
10,657,383.858709
10,658,383.858709
10,659,383.858709
10,660,383.858709
10,661,383.858709
10,662,383.858709
10,663,383.858709
10,664,383.858709
10,665,383.858709
10,666,383.858709
10,667,383.858709
10,668,383.858709
10,669,383.858709
10,670,383.858709
10,671,383.858709
10,672,383.858709
10,673,383.858709
10,674,383.858709
10,675,383.858709
10,676,383.858709
10,677,383.858709
10,678,383.858709
10,679,383.858709
10,680,383.858709
10,681,383.858709
10,682,383.858709
10,683,383.858709
10,684,383.858709
10,685,383.858709
10,686,383.858709
10,687,383.858709
10,688,383.858709
10,689,383.858709
10,690,383.858709
10,691,383.858709
10,692,383.858709
10,693,383.858709
10,694,383.858709
10,695,383.858709
10,696,383.858709
10,697,383.858709
10,698,383.858709
10,699,383.858709
10,700,383.858709
10,701,383.858709
10,702,383.858709
10,703,383.858709
10,704,383.858709
10,705,383.858709
10,706,383.858709
10,707,383.858709
10,708,383.858709
10,709,383.858709
10,710,383.858709
10,711,383.858709
10,712,383.858709
10,713,383.858709
10,714,383.858709
10,715,383.858709
10,716,383.858709
10,717,383.858709
10,718,383.858709
10,719,383.858709
10,720,383.858709
10,721,383.858709
10,722,383.858709
10,723,383.858709
10,724,383.858709
10,725,383.858709
10,726,383.858709
10,727,383.858709
10,728,383.858709
10,729,383.858709
10,730,383.858709
10,731,383.858709
10,732,383.858709
10,733,383.858709
10,734,383.858709
10,735,383.858709
10,736,383.858709
10,737,432.720403
10,738,432.720403
10,739,464.225541
10,740,464.225541
10,741,464.225541
10,742,481.113578
10,743,481.113578
10,744,481.113578
10,745,481.113578
10,746,481.113578
10,747,513.790005
10,748,513.790005
10,749,513.790005
10,750,513.790005
10,751,513.790005
10,752,513.790005
10,753,513.790005
10,754,513.790005
10,755,513.790005
10,756,513.790005
10,757,513.790005
10,758,513.790005
10,759,513.790005
10,760,513.790005
10,761,513.790005
10,762,513.790005
10,763,513.790005
10,764,513.790005
10,765,513.790005
10,766,513.790005
10,767,513.790005
10,768,513.790005
10,769,513.790005
10,770,513.790005
10,771,513.790005
10,772,513.790005
10,773,513.790005
10,774,513.790005
10,775,513.790005
10,776,513.790005
10,777,513.790005
10,778,513.790005
10,779,513.790005
10,780,513.790005
10,781,513.790005
10,782,513.790005
10,783,513.790005
10,784,513.790005
10,785,513.790005
10,786,513.790005
10,787,513.790005
10,788,513.790005
10,789,513.790005
10,790,513.790005
10,791,513.790005
10,792,513.790005
10,793,513.790005
10,794,513.790005
10,795,513.790005
10,796,513.790005
10,797,513.790005
10,798,545.835171
10,799,545.835171
10,800,545.835171
10,801,545.835171
10,802,545.835171
10,803,545.835171
10,804,545.835171
10,805,545.835171
10,806,545.835171
10,807,545.835171
10,808,545.835171
10,809,545.835171
10,810,545.835171
10,811,545.835171
10,812,545.835171
10,813,545.835171
10,814,545.835171
10,815,545.835171
10,816,545.835171
10,817,545.835171
10,818,545.835171
10,819,545.835171
10,820,545.835171
10,821,545.835171
10,822,545.835171
10,823,545.835171
10,824,545.835171
10,825,545.835171
10,826,545.835171
10,827,545.835171
10,828,545.835171
10,829,545.835171
10,830,545.835171
10,831,545.835171
10,832,545.835171
10,833,545.835171
10,834,545.835171
10,835,545.835171
10,836,545.835171
10,837,545.835171
10,838,545.835171
10,839,545.835171
10,840,545.835171
10,841,545.835171
10,842,545.835171
10,843,545.835171
10,844,545.835171
10,845,545.835171
10,846,545.835171
10,847,545.835171
10,848,545.835171
10,849,545.835171
10,850,545.835171
10,851,545.835171
10,852,545.835171
10,853,545.835171
10,854,545.835171
10,855,545.835171
10,856,545.835171
10,857,545.835171
10,858,545.835171
10,859,545.835171
10,860,545.835171
10,861,545.835171
10,862,545.835171
10,863,545.835171
10,864,545.835171
10,865,545.835171
10,866,545.835171
10,867,545.835171
10,868,545.835171
10,869,545.835171
10,870,545.835171
10,871,545.835171
10,872,545.835171
10,873,545.835171
10,874,545.835171
10,875,545.835171
10,876,545.835171
10,877,545.835171
10,878,545.835171
10,879,545.835171
10,880,545.835171
10,881,545.835171
10,882,545.835171
10,883,545.835171
10,884,545.835171
10,885,545.835171
10,886,545.835171
10,887,545.835171
10,888,545.835171
10,889,545.835171
10,890,545.835171
10,891,545.835171
10,892,545.835171
10,893,545.835171
10,894,545.835171
10,895,545.835171
10,896,545.835171
10,897,545.835171
10,898,545.835171
10,899,545.835171
10,900,545.835171
10,901,545.835171
10,902,545.835171
10,903,545.835171
10,904,545.835171
10,905,545.835171
10,906,545.835171
10,907,545.835171
10,908,545.835171
10,909,545.835171
10,910,545.835171
10,911,545.835171
10,912,545.835171
10,913,545.835171
10,914,545.835171
10,915,545.835171
10,916,545.835171
10,917,545.835171
10,918,545.835171
10,919,545.835171
10,920,545.835171
10,921,545.835171
10,922,545.835171
10,923,545.835171
10,924,545.835171
10,925,545.835171
10,926,545.835171
10,927,545.835171
10,928,545.835171
10,929,545.835171
10,930,545.835171
10,931,545.835171
10,932,545.835171
10,933,545.835171
10,934,545.835171
10,935,545.835171
10,936,545.835171
10,937,545.835171
10,938,545.835171
10,939,545.835171
10,940,545.835171
10,941,545.835171
10,942,545.835171
10,943,545.835171
10,944,545.835171
10,945,545.835171
10,946,545.835171
10,947,545.835171
10,948,545.835171
10,949,545.835171
10,950,545.835171
10,951,545.835171
10,952,545.835171
10,953,545.835171
10,954,545.835171
10,955,545.835171
10,956,545.835171
10,957,545.835171
10,958,545.835171
10,959,545.835171
10,960,545.835171
10,961,545.835171
10,962,545.835171
10,963,545.835171
10,964,545.835171
10,965,545.835171
10,966,545.835171
10,967,545.835171
10,968,545.835171
10,969,545.835171
10,970,545.835171
10,971,545.835171
10,972,545.835171
10,973,545.835171
10,974,545.835171
10,975,545.835171
10,976,545.835171
10,977,545.835171
10,978,545.835171
10,979,545.835171
10,980,545.835171
10,981,545.835171
10,982,545.835171
10,983,545.835171
10,984,545.835171
10,985,545.835171
10,986,545.835171
10,987,545.835171
10,988,545.835171
10,989,545.835171
10,990,545.835171
10,991,545.835171
10,992,545.835171
10,993,545.835171
10,994,545.835171
10,995,545.835171
10,996,545.835171
10,997,545.835171
10,998,545.835171
10,999,545.835171
11,0,106.640208
11,1,106.640208
11,2,106.640208
11,3,106.640208
11,4,106.640208
11,5,106.640208
11,6,106.640208
11,7,106.640208
11,8,106.640208
11,9,106.640208
11,10,106.640208
11,11,106.640208
11,12,106.640208
11,13,106.640208
11,14,106.640208
11,15,106.640208
11,16,106.640208
11,17,106.640208
11,18,106.640208
11,19,106.640208
11,20,106.640208
11,21,106.640208
11,22,106.640208
11,23,106.640208
11,24,114.550910
11,25,114.550910
11,26,114.550910
11,27,114.550910
11,28,114.550910
11,29,114.550910
11,30,114.550910
11,31,114.550910
11,32,114.550910
11,33,114.550910
11,34,114.550910
11,35,114.550910
11,36,114.550910
11,37,114.550910
11,38,114.550910
11,39,114.550910
11,40,114.550910
11,41,114.550910
11,42,114.550910
11,43,114.550910
11,44,114.550910
11,45,114.550910
11,46,114.550910
11,47,114.550910
11,48,114.550910
11,49,114.550910
11,50,114.550910
11,51,114.550910
11,52,114.550910
11,53,114.550910
11,54,114.550910
11,55,114.550910
11,56,114.550910
11,57,114.550910
11,58,114.550910
11,59,114.550910
11,60,114.550910
11,61,114.550910
11,62,114.550910
11,63,114.550910
11,64,114.550910
11,65,114.550910
11,66,114.550910
11,67,114.550910
11,68,114.550910
11,69,114.550910
11,70,114.550910
11,71,114.550910
11,72,114.550910
11,73,114.550910
11,74,114.550910
11,75,114.550910
11,76,114.550910
11,77,114.550910
11,78,114.550910
11,79,114.550910
11,80,114.550910
11,81,118.465716
11,82,118.465716
11,83,119.270901
11,84,119.270901
11,85,119.270901
11,86,120.183515
11,87,120.183515
11,88,142.792119
11,89,151.400809
11,90,168.442826
11,91,168.442826
11,92,181.046400
11,93,181.046400
11,94,193.251922
11,95,193.251922
11,96,193.251922
11,97,193.251922
11,98,193.251922
11,99,205.791736
11,100,210.848018
11,101,238.831215
11,102,257.055618
11,103,257.055618
11,104,257.055618
11,105,257.055618
11,106,257.055618
11,107,257.055618
11,108,274.082711
11,109,274.082711
11,110,274.082711
11,111,274.082711
11,112,274.082711
11,113,274.082711
11,114,279.299158
11,115,279.299158
11,116,279.299158
11,117,279.299158
11,118,279.299158
11,119,279.299158
11,120,279.299158
11,121,279.299158
11,122,279.299158
11,123,279.299158
11,124,279.299158
11,125,279.299158
11,126,279.299158
11,127,279.299158
11,128,279.299158
11,129,279.299158
11,130,279.299158
11,131,279.299158
11,132,279.299158
11,133,279.299158
11,134,279.299158
11,135,279.299158
11,136,279.299158
11,137,279.299158
11,138,279.299158
11,139,279.299158
11,140,279.299158
11,141,279.299158
11,142,279.299158
11,143,279.299158
11,144,279.299158
11,145,279.299158
11,146,279.299158
11,147,279.299158
11,148,279.299158
11,149,279.299158
11,150,279.299158
11,151,279.299158
11,152,279.299158
11,153,303.207244
11,154,303.207244
11,155,303.207244
11,156,303.207244
11,157,303.207244
11,158,303.207244
11,159,303.207244
11,160,303.207244
11,161,303.207244
11,162,303.207244
11,163,325.642354
11,164,325.642354
11,165,325.642354
11,166,325.642354
11,167,325.642354
11,168,325.642354
11,169,325.642354
11,170,330.503442
11,171,330.503442
11,172,330.503442
11,173,335.528761
11,174,335.528761
11,175,335.528761
11,176,335.528761
11,177,347.011088
11,178,347.011088
11,179,347.011088
11,180,347.011088
11,181,347.011088
11,182,347.011088
11,183,347.011088
11,184,347.011088
11,185,347.011088
11,186,347.011088
11,187,347.011088
11,188,347.011088
11,189,347.011088
11,190,347.011088
11,191,347.011088
11,192,347.011088
11,193,347.011088
11,194,347.011088
11,195,347.011088
11,196,347.011088
11,197,347.011088
11,198,347.011088
11,199,347.011088
11,200,347.011088
11,201,347.011088
11,202,347.011088
11,203,347.011088
11,204,347.011088
11,205,347.011088
11,206,356.941470
11,207,356.941470
11,208,356.941470
11,209,356.941470
11,210,356.941470
11,211,356.941470
11,212,356.941470
11,213,356.941470
11,214,356.941470
11,215,356.941470
11,216,356.941470
11,217,356.941470
11,218,356.941470
11,219,356.941470
11,220,356.941470
11,221,356.941470
11,222,356.941470
11,223,356.941470
11,224,356.941470
11,225,356.941470
11,226,363.637902
11,227,363.637902
11,228,363.637902
11,229,363.637902
11,230,363.637902
11,231,363.637902
11,232,363.637902
11,233,363.637902
11,234,363.637902
11,235,363.637902
11,236,363.637902
11,237,363.637902
11,238,363.637902
11,239,363.637902
11,240,363.637902
11,241,363.637902
11,242,363.637902
11,243,363.637902
11,244,363.637902
11,245,363.637902
11,246,363.637902
11,247,363.637902
11,248,363.637902
11,249,363.637902
11,250,363.637902
11,251,363.637902
11,252,363.637902
11,253,365.902870
11,254,365.902870
11,255,365.902870
11,256,365.902870
11,257,365.902870
11,258,365.902870
11,259,365.902870
11,260,366.142014
11,261,366.142014
11,262,366.142014
11,263,366.142014
11,264,393.381666
11,265,393.381666
11,266,399.224510
11,267,399.224510
11,268,399.224510
11,269,420.008047
11,270,420.008047
11,271,433.114164
11,272,433.114164
11,273,433.114164
11,274,443.637867
11,275,443.637867
11,276,462.382515
11,277,462.382515
11,278,475.412767
11,279,495.919937
11,280,495.919937
11,281,495.919937
11,282,495.919937
11,283,495.919937
11,284,509.853805
11,285,509.853805
11,286,509.853805
11,287,509.853805
11,288,509.853805
11,289,509.853805
11,290,509.853805
11,291,509.853805
11,292,509.853805
11,293,509.853805
11,294,509.853805
11,295,520.268151
11,296,520.268151
11,297,520.268151
11,298,520.268151
11,299,520.268151
11,300,520.268151
11,301,520.268151
11,302,520.268151
11,303,520.268151
11,304,520.268151
11,305,520.268151
11,306,520.268151
11,307,520.268151
11,308,520.268151
11,309,520.268151
11,310,520.268151
11,311,520.268151
11,312,520.268151
11,313,520.268151
11,314,520.268151
11,315,520.268151
11,316,520.268151
11,317,520.268151
11,318,520.268151
11,319,520.268151
11,320,520.268151
11,321,520.268151
11,322,520.268151
11,323,520.268151
11,324,520.268151
11,325,520.268151
11,326,520.268151
11,327,520.268151
11,328,520.268151
11,329,520.268151
11,330,520.268151
11,331,520.268151
11,332,520.268151
11,333,520.268151
11,334,520.268151
11,335,520.268151
11,336,520.268151
11,337,520.268151
11,338,520.268151
11,339,520.268151
11,340,521.670591
11,341,521.670591
11,342,521.670591
11,343,521.670591
11,344,521.670591
11,345,521.670591
11,346,521.670591
11,347,521.670591
11,348,521.670591
11,349,521.670591
11,350,521.670591
11,351,521.670591
11,352,521.670591
11,353,521.670591
11,354,521.670591
11,355,521.670591
11,356,521.670591
11,357,521.670591
11,358,521.670591
11,359,521.670591
11,360,521.670591
11,361,521.670591
11,362,521.670591
11,363,521.670591
11,364,521.670591
11,365,521.670591
11,366,521.670591
11,367,521.670591
11,368,521.670591
11,369,521.670591
11,370,521.670591
11,371,521.670591
11,372,521.670591
11,373,521.670591
11,374,521.670591
11,375,521.670591
11,376,521.670591
11,377,521.670591
11,378,521.670591
11,379,521.670591
11,380,521.670591
11,381,521.670591
11,382,521.670591
11,383,521.670591
11,384,521.670591
11,385,521.670591
11,386,521.670591
11,387,521.670591
11,388,521.670591
11,389,521.670591
11,390,521.670591
11,391,521.670591
11,392,521.670591
11,393,521.670591
11,394,521.670591
11,395,521.670591
11,396,521.670591
11,397,521.670591
11,398,521.670591
11,399,521.670591
11,400,521.670591
11,401,521.670591
11,402,521.670591
11,403,527.324552
11,404,527.324552
11,405,527.324552
11,406,527.324552
11,407,527.324552
11,408,527.324552
11,409,527.324552
11,410,527.324552
11,411,527.324552
11,412,527.324552
11,413,527.324552
11,414,527.324552
11,415,527.324552
11,416,527.324552
11,417,527.324552
11,418,527.324552
11,419,527.324552
11,420,527.324552
11,421,527.324552
11,422,527.324552
11,423,527.324552
11,424,527.324552
11,425,527.324552
11,426,527.324552
11,427,527.324552
11,428,527.324552
11,429,527.324552
11,430,527.324552
11,431,527.324552
11,432,527.324552
11,433,527.324552
11,434,527.324552
11,435,527.324552
11,436,527.324552
11,437,527.324552
11,438,527.324552
11,439,527.324552
11,440,527.324552
11,441,527.324552
11,442,527.324552
11,443,527.324552
11,444,527.324552
11,445,527.324552
11,446,527.324552
11,447,527.324552
11,448,527.324552
11,449,527.324552
11,450,527.324552
11,451,527.324552
11,452,527.324552
11,453,527.324552
11,454,527.324552
11,455,527.324552
11,456,527.324552
11,457,527.324552
11,458,527.324552
11,459,527.324552
11,460,527.324552
11,461,527.324552
11,462,527.324552
11,463,527.324552
11,464,527.324552
11,465,527.324552
11,466,527.324552
11,467,527.324552
11,468,527.324552
11,469,527.324552
11,470,527.324552
11,471,527.324552
11,472,527.324552
11,473,527.324552
11,474,527.324552
11,475,527.324552
11,476,527.324552
11,477,527.324552
11,478,527.324552
11,479,527.324552
11,480,527.324552
11,481,527.324552
11,482,527.324552
11,483,527.324552
11,484,527.324552
11,485,527.324552
11,486,527.324552
11,487,527.324552
11,488,527.324552
11,489,527.324552
11,490,527.324552
11,491,527.324552
11,492,527.324552
11,493,527.324552
11,494,527.324552
11,495,527.324552
11,496,527.324552
11,497,527.324552
11,498,527.324552
11,499,527.324552
11,500,527.324552
11,501,527.324552
11,502,527.324552
11,503,527.324552
11,504,527.324552
11,505,527.324552
11,506,527.324552
11,507,527.324552
11,508,527.324552
11,509,527.324552
11,510,527.324552
11,511,527.324552
11,512,527.324552
11,513,527.324552
11,514,527.324552
11,515,527.324552
11,516,527.324552
11,517,527.324552
11,518,527.324552
11,519,527.324552
11,520,527.324552
11,521,527.324552
11,522,548.612418
11,523,548.612418
11,524,548.612418
11,525,548.612418
11,526,548.612418
11,527,548.612418
11,528,548.612418
11,529,548.612418
11,530,548.612418
11,531,548.612418
11,532,548.612418
11,533,548.612418
11,534,548.612418
11,535,548.612418
11,536,548.612418
11,537,548.612418
11,538,548.612418
11,539,548.612418
11,540,548.612418
11,541,548.612418
11,542,548.612418
11,543,548.612418
11,544,548.612418
11,545,548.612418
11,546,548.612418
11,547,548.612418
11,548,548.612418
11,549,548.612418
11,550,548.612418
11,551,548.612418
11,552,548.612418
11,553,548.612418
11,554,548.612418
11,555,548.612418
11,556,548.612418
11,557,548.612418
11,558,548.612418
11,559,548.612418
11,560,548.612418
11,561,548.612418
11,562,548.612418
11,563,548.612418
11,564,548.612418
11,565,548.612418
11,566,548.612418
11,567,548.612418
11,568,548.612418
11,569,548.612418
11,570,548.612418
11,571,548.612418
11,572,548.612418
11,573,548.612418
11,574,548.612418
11,575,548.612418
11,576,548.612418
11,577,548.612418
11,578,548.612418
11,579,548.612418
11,580,548.612418
11,581,548.612418
11,582,548.612418
11,583,548.612418
11,584,548.612418
11,585,548.612418
11,586,548.612418
11,587,548.612418
11,588,548.612418
11,589,548.612418
11,590,548.612418
11,591,548.612418
11,592,548.612418
11,593,548.612418
11,594,548.612418
11,595,548.612418
11,596,548.612418
11,597,548.612418
11,598,548.612418
11,599,548.612418
11,600,548.612418
11,601,548.612418
11,602,548.612418
11,603,548.612418
11,604,548.612418
11,605,548.612418
11,606,548.612418
11,607,548.612418
11,608,548.612418
11,609,548.612418
11,610,548.612418
11,611,548.612418
11,612,548.612418
11,613,548.612418
11,614,548.612418
11,615,548.612418
11,616,548.612418
11,617,548.612418
11,618,548.612418
11,619,548.612418
11,620,548.612418
11,621,548.612418
11,622,548.612418
11,623,548.612418
11,624,548.612418
11,625,548.612418
11,626,548.612418
11,627,548.612418
11,628,548.612418
11,629,548.612418
11,630,548.612418
11,631,548.612418
11,632,548.612418
11,633,548.612418
11,634,548.612418
11,635,548.612418
11,636,548.612418
11,637,548.612418
11,638,548.612418
11,639,548.612418
11,640,548.612418
11,641,548.612418
11,642,548.612418
11,643,548.612418
11,644,548.612418
11,645,548.612418
11,646,548.612418
11,647,548.612418
11,648,548.612418
11,649,548.612418
11,650,548.612418
11,651,548.612418
11,652,548.612418
11,653,548.612418
11,654,548.612418
11,655,548.612418
11,656,548.612418
11,657,548.612418
11,658,548.612418
11,659,548.612418
11,660,548.612418
11,661,548.612418
11,662,548.612418
11,663,548.612418
11,664,548.612418
11,665,548.612418
11,666,548.612418
11,667,548.612418
11,668,548.612418
11,669,548.612418
11,670,548.612418
11,671,548.612418
11,672,548.612418
11,673,548.612418
11,674,548.612418
11,675,548.612418
11,676,548.612418
11,677,548.612418
11,678,548.612418
11,679,548.612418
11,680,548.612418
11,681,548.612418
11,682,548.612418
11,683,548.612418
11,684,548.612418
11,685,548.612418
11,686,548.612418
11,687,548.612418
11,688,548.612418
11,689,548.612418
11,690,548.612418
11,691,548.612418
11,692,548.612418
11,693,548.612418
11,694,548.612418
11,695,548.612418
11,696,548.612418
11,697,548.612418
11,698,548.612418
11,699,548.612418
11,700,548.612418
11,701,548.612418
11,702,548.612418
11,703,548.612418
11,704,548.612418
11,705,548.612418
11,706,548.612418
11,707,548.612418
11,708,548.612418
11,709,548.612418
11,710,548.612418
11,711,548.612418
11,712,548.612418
11,713,548.612418
11,714,548.612418
11,715,548.612418
11,716,548.612418
11,717,548.612418
11,718,548.612418
11,719,548.612418
11,720,548.612418
11,721,548.612418
11,722,548.612418
11,723,548.612418
11,724,548.612418
11,725,548.612418
11,726,548.612418
11,727,548.612418
11,728,548.612418
11,729,548.612418
11,730,548.612418
11,731,548.612418
11,732,548.612418
11,733,548.612418
11,734,548.612418
11,735,548.612418
11,736,548.612418
11,737,548.612418
11,738,548.612418
11,739,548.612418
11,740,548.612418
11,741,548.612418
11,742,548.612418
11,743,548.612418
11,744,548.612418
11,745,548.612418
11,746,548.612418
11,747,548.612418
11,748,548.612418
11,749,548.612418
11,750,548.612418
11,751,548.612418
11,752,548.612418
11,753,548.612418
11,754,548.612418
11,755,548.612418
11,756,548.612418
11,757,548.612418
11,758,548.612418
11,759,548.612418
11,760,548.612418
11,761,548.612418
11,762,548.612418
11,763,548.612418
11,764,548.612418
11,765,548.612418
11,766,548.612418
11,767,548.612418
11,768,548.612418
11,769,548.612418
11,770,548.612418
11,771,548.612418
11,772,548.612418
11,773,548.612418
11,774,548.612418
11,775,548.612418
11,776,548.612418
11,777,548.612418
11,778,548.612418
11,779,548.612418
11,780,548.612418
11,781,548.612418
11,782,548.612418
11,783,548.612418
11,784,548.612418
11,785,548.612418
11,786,548.612418
11,787,548.612418
11,788,548.612418
11,789,548.612418
11,790,548.612418
11,791,548.612418
11,792,548.612418
11,793,548.612418
11,794,548.612418
11,795,548.612418
11,796,548.612418
11,797,548.612418
11,798,548.612418
11,799,548.612418
11,800,548.612418
11,801,548.612418
11,802,548.612418
11,803,548.612418
11,804,548.612418
11,805,548.612418
11,806,548.612418
11,807,548.612418
11,808,548.612418
11,809,548.612418
11,810,548.612418
11,811,548.612418
11,812,548.612418
11,813,548.612418
11,814,548.612418
11,815,548.612418
11,816,548.612418
11,817,548.612418
11,818,548.612418
11,819,548.612418
11,820,548.612418
11,821,548.612418
11,822,548.612418
11,823,548.612418
11,824,548.612418
11,825,548.612418
11,826,548.612418
11,827,548.612418
11,828,548.612418
11,829,548.612418
11,830,548.612418
11,831,548.612418
11,832,548.612418
11,833,548.612418
11,834,548.612418
11,835,548.612418
11,836,548.612418
11,837,548.612418
11,838,548.612418
11,839,548.612418
11,840,548.612418
11,841,548.612418
11,842,548.612418
11,843,548.612418
11,844,548.612418
11,845,548.612418
11,846,548.612418
11,847,548.612418
11,848,548.612418
11,849,548.612418
11,850,548.612418
11,851,548.612418
11,852,548.612418
11,853,548.612418
11,854,548.612418
11,855,548.612418
11,856,548.612418
11,857,548.612418
11,858,548.612418
11,859,548.612418
11,860,548.612418
11,861,548.612418
11,862,548.612418
11,863,548.612418
11,864,548.612418
11,865,548.612418
11,866,548.612418
11,867,548.612418
11,868,548.612418
11,869,548.612418
11,870,548.612418
11,871,548.612418
11,872,548.612418
11,873,548.612418
11,874,548.612418
11,875,548.612418
11,876,548.612418
11,877,548.612418
11,878,548.612418
11,879,548.612418
11,880,548.612418
11,881,548.612418
11,882,548.612418
11,883,548.612418
11,884,548.612418
11,885,548.612418
11,886,548.612418
11,887,548.612418
11,888,548.612418
11,889,548.612418
11,890,548.612418
11,891,548.612418
11,892,548.612418
11,893,548.612418
11,894,548.612418
11,895,548.612418
11,896,548.612418
11,897,548.612418
11,898,548.612418
11,899,548.612418
11,900,548.612418
11,901,548.612418
11,902,548.612418
11,903,548.612418
11,904,548.612418
11,905,548.612418
11,906,548.612418
11,907,548.612418
11,908,548.612418
11,909,548.612418
11,910,548.612418
11,911,548.612418
11,912,548.612418
11,913,548.612418
11,914,548.612418
11,915,548.612418
11,916,548.612418
11,917,548.612418
11,918,548.612418
11,919,548.612418
11,920,548.612418
11,921,548.612418
11,922,548.612418
11,923,548.612418
11,924,548.612418
11,925,548.612418
11,926,548.612418
11,927,548.612418
11,928,548.612418
11,929,548.612418
11,930,548.612418
11,931,548.612418
11,932,548.612418
11,933,548.612418
11,934,548.612418
11,935,548.612418
11,936,548.612418
11,937,548.612418
11,938,548.612418
11,939,548.612418
11,940,548.612418
11,941,548.612418
11,942,548.612418
11,943,548.612418
11,944,548.612418
11,945,548.612418
11,946,548.612418
11,947,548.612418
11,948,548.612418
11,949,548.612418
11,950,548.612418
11,951,548.612418
11,952,548.612418
11,953,548.612418
11,954,548.612418
11,955,548.612418
11,956,548.612418
11,957,548.612418
11,958,548.612418
11,959,548.612418
11,960,548.612418
11,961,548.612418
11,962,548.612418
11,963,548.612418
11,964,548.612418
11,965,548.612418
11,966,548.612418
11,967,548.612418
11,968,548.612418
11,969,548.612418
11,970,548.612418
11,971,548.612418
11,972,548.612418
11,973,548.612418
11,974,548.612418
11,975,548.612418
11,976,548.612418
11,977,548.612418
11,978,548.612418
11,979,548.612418
11,980,548.612418
11,981,548.612418
11,982,548.612418
11,983,548.612418
11,984,548.612418
11,985,548.612418
11,986,548.612418
11,987,548.612418
11,988,548.612418
11,989,548.612418
11,990,548.612418
11,991,548.612418
11,992,548.612418
11,993,548.612418
11,994,548.612418
11,995,548.612418
11,996,548.612418
11,997,548.612418
11,998,548.612418
11,999,548.612418
12,0,107.787826
12,1,107.787826
12,2,107.787826
12,3,107.787826
12,4,107.787826
12,5,107.787826
12,6,107.787826
12,7,107.787826
12,8,107.787826
12,9,107.787826
12,10,107.787826
12,11,111.636014
12,12,117.260764
12,13,117.260764
12,14,118.128252
12,15,138.337969
12,16,138.337969
12,17,138.337969
12,18,138.337969
12,19,138.337969
12,20,138.337969
12,21,138.337969
12,22,138.337969
12,23,138.337969
12,24,138.337969
12,25,138.337969
12,26,138.337969
12,27,138.337969
12,28,138.337969
12,29,154.844513
12,30,168.847004
12,31,213.262585
12,32,213.262585
12,33,213.262585
12,34,213.262585
12,35,213.262585
12,36,213.262585
12,37,213.262585
12,38,248.794659
12,39,248.794659
12,40,248.794659
12,41,248.794659
12,42,248.794659
12,43,248.794659
12,44,248.794659
12,45,248.794659
12,46,248.794659
12,47,248.794659
12,48,248.794659
12,49,248.794659
12,50,248.794659
12,51,248.794659
12,52,248.794659
12,53,248.794659
12,54,248.794659
12,55,248.794659
12,56,248.794659
12,57,248.794659
12,58,248.794659
12,59,248.794659
12,60,248.794659
12,61,248.794659
12,62,275.809559
12,63,275.809559
12,64,275.809559
12,65,275.809559
12,66,275.809559
12,67,297.966030
12,68,297.966030
12,69,297.966030
12,70,297.966030
12,71,297.966030
12,72,303.783668
12,73,305.094309
12,74,305.094309
12,75,305.094309
12,76,305.094309
12,77,308.464534
12,78,329.833121
12,79,329.833121
12,80,329.833121
12,81,407.755095
12,82,407.755095
12,83,407.755095
12,84,407.755095
12,85,444.679417
12,86,444.679417
12,87,444.679417
12,88,444.679417
12,89,444.679417
12,90,444.679417
12,91,444.679417
12,92,444.679417
12,93,444.679417
12,94,449.936127
12,95,468.160736
12,96,468.160736
12,97,468.160736
12,98,468.160736
12,99,468.160736
12,100,468.160736
12,101,468.160736
12,102,468.160736
12,103,468.160736
12,104,490.921109
12,105,490.921109
12,106,490.921109
12,107,490.921109
12,108,490.921109
12,109,490.921109
12,110,490.921109
12,111,490.921109
12,112,490.921109
12,113,490.921109
12,114,490.921109
12,115,490.921109
12,116,490.921109
12,117,490.921109
12,118,490.921109
12,119,490.921109
12,120,490.921109
12,121,490.921109
12,122,490.921109
12,123,490.921109
12,124,490.921109
12,125,490.921109
12,126,490.921109
12,127,490.921109
12,128,490.921109
12,129,490.921109
12,130,490.921109
12,131,490.921109
12,132,490.921109
12,133,490.921109
12,134,490.921109
12,135,490.921109
12,136,490.921109
12,137,490.921109
12,138,490.921109
12,139,490.921109
12,140,490.921109
12,141,490.921109
12,142,490.921109
12,143,490.921109
12,144,490.921109
12,145,490.921109
12,146,490.921109
12,147,490.921109
12,148,490.921109
12,149,490.921109
12,150,490.921109
12,151,490.921109
12,152,490.921109
12,153,490.921109
12,154,490.921109
12,155,490.921109
12,156,490.921109
12,157,490.921109
12,158,490.921109
12,159,490.921109
12,160,490.921109
12,161,490.921109
12,162,490.921109
12,163,490.921109
12,164,490.921109
12,165,490.921109
12,166,490.921109
12,167,490.921109
12,168,490.921109
12,169,490.921109
12,170,490.921109
12,171,490.921109
12,172,490.921109
12,173,490.921109
12,174,490.921109
12,175,490.921109
12,176,490.921109
12,177,490.921109
12,178,490.921109
12,179,490.921109
12,180,490.921109
12,181,490.921109
12,182,490.921109
12,183,490.921109
12,184,490.921109
12,185,490.921109
12,186,490.921109
12,187,490.921109
12,188,490.921109
12,189,490.921109
12,190,490.921109
12,191,490.921109
12,192,490.921109
12,193,490.921109
12,194,490.921109
12,195,490.921109
12,196,490.921109
12,197,490.921109
12,198,490.921109
12,199,490.921109
12,200,490.921109
12,201,490.921109
12,202,490.921109
12,203,490.921109
12,204,490.921109
12,205,490.921109
12,206,490.921109
12,207,490.921109
12,208,490.921109
12,209,490.921109
12,210,490.921109
12,211,490.921109
12,212,490.921109
12,213,490.921109
12,214,490.921109
12,215,490.921109
12,216,490.921109
12,217,490.921109
12,218,490.921109
12,219,490.921109
12,220,490.921109
12,221,490.921109
12,222,490.921109
12,223,490.921109
12,224,490.921109
12,225,490.921109
12,226,490.921109
12,227,490.921109
12,228,490.921109
12,229,490.921109
12,230,490.921109
12,231,490.921109
12,232,490.921109
12,233,490.921109
12,234,490.921109
12,235,490.921109
12,236,490.921109
12,237,490.921109
12,238,490.921109
12,239,490.921109
12,240,490.921109
12,241,490.921109
12,242,490.921109
12,243,490.921109
12,244,490.921109
12,245,490.921109
12,246,490.921109
12,247,490.921109
12,248,490.921109
12,249,490.921109
12,250,490.921109
12,251,490.921109
12,252,490.921109
12,253,490.921109
12,254,490.921109
12,255,490.921109
12,256,490.921109
12,257,490.921109
12,258,490.921109
12,259,490.921109
12,260,490.921109
12,261,490.921109
12,262,490.921109
12,263,490.921109
12,264,490.921109
12,265,490.921109
12,266,490.921109
12,267,490.921109
12,268,490.921109
12,269,490.921109
12,270,490.921109
12,271,490.921109
12,272,490.921109
12,273,490.921109
12,274,490.921109
12,275,490.921109
12,276,490.921109
12,277,490.921109
12,278,490.921109
12,279,490.921109
12,280,490.921109
12,281,490.921109
12,282,490.921109
12,283,490.921109
12,284,490.921109
12,285,490.921109
12,286,490.921109
12,287,490.921109
12,288,490.921109
12,289,490.921109
12,290,490.921109
12,291,490.921109
12,292,490.921109
12,293,490.921109
12,294,490.921109
12,295,490.921109
12,296,490.921109
12,297,490.921109
12,298,490.921109
12,299,490.921109
12,300,490.921109
12,301,490.921109
12,302,490.921109
12,303,490.921109
12,304,490.921109
12,305,490.921109
12,306,490.921109
12,307,490.921109
12,308,490.921109
12,309,490.921109
12,310,490.921109
12,311,490.921109
12,312,490.921109
12,313,490.921109
12,314,490.921109
12,315,490.921109
12,316,490.921109
12,317,490.921109
12,318,490.921109
12,319,490.921109
12,320,490.921109
12,321,490.921109
12,322,490.921109
12,323,490.921109
12,324,490.921109
12,325,490.921109
12,326,490.921109
12,327,490.921109
12,328,490.921109
12,329,490.921109
12,330,490.921109
12,331,490.921109
12,332,490.921109
12,333,490.921109
12,334,490.921109
12,335,490.921109
12,336,490.921109
12,337,490.921109
12,338,490.921109
12,339,490.921109
12,340,490.921109
12,341,490.921109
12,342,490.921109
12,343,490.921109
12,344,490.921109
12,345,490.921109
12,346,490.921109
12,347,490.921109
12,348,490.921109
12,349,490.921109
12,350,490.921109
12,351,490.921109
12,352,490.921109
12,353,490.921109
12,354,490.921109
12,355,490.921109
12,356,490.921109
12,357,490.921109
12,358,490.921109
12,359,490.921109
12,360,490.921109
12,361,490.921109
12,362,490.921109
12,363,490.921109
12,364,490.921109
12,365,490.921109
12,366,490.921109
12,367,490.921109
12,368,490.921109
12,369,490.921109
12,370,490.921109
12,371,490.921109
12,372,490.921109
12,373,490.921109
12,374,490.921109
12,375,490.921109
12,376,490.921109
12,377,490.921109
12,378,490.921109
12,379,490.921109
12,380,490.921109
12,381,490.921109
12,382,490.921109
12,383,490.921109
12,384,490.921109
12,385,490.921109
12,386,490.921109
12,387,490.921109
12,388,490.921109
12,389,490.921109
12,390,490.921109
12,391,490.921109
12,392,490.921109
12,393,490.921109
12,394,490.921109
12,395,490.921109
12,396,490.921109
12,397,490.921109
12,398,490.921109
12,399,490.921109
12,400,490.921109
12,401,490.921109
12,402,490.921109
12,403,490.921109
12,404,490.921109
12,405,490.921109
12,406,490.921109
12,407,490.921109
12,408,490.921109
12,409,490.921109
12,410,490.921109
12,411,490.921109
12,412,490.921109
12,413,490.921109
12,414,490.921109
12,415,490.921109
12,416,490.921109
12,417,490.921109
12,418,490.921109
12,419,490.921109
12,420,490.921109
12,421,490.921109
12,422,490.921109
12,423,490.921109
12,424,490.921109
12,425,490.921109
12,426,490.921109
12,427,490.921109
12,428,490.921109
12,429,490.921109
12,430,490.921109
12,431,490.921109
12,432,490.921109
12,433,490.921109
12,434,490.921109
12,435,490.921109
12,436,490.921109
12,437,490.921109
12,438,490.921109
12,439,490.921109
12,440,490.921109
12,441,490.921109
12,442,490.921109
12,443,490.921109
12,444,490.921109
12,445,490.921109
12,446,490.921109
12,447,490.921109
12,448,490.921109
12,449,490.921109
12,450,490.921109
12,451,490.921109
12,452,490.921109
12,453,490.921109
12,454,490.921109
12,455,490.921109
12,456,494.470656
12,457,494.470656
12,458,494.470656
12,459,494.470656
12,460,494.470656
12,461,494.470656
12,462,494.470656
12,463,494.470656
12,464,494.470656
12,465,494.470656
12,466,494.470656
12,467,494.470656
12,468,494.470656
12,469,494.470656
12,470,494.470656
12,471,494.470656
12,472,494.470656
12,473,494.470656
12,474,494.470656
12,475,494.470656
12,476,494.470656
12,477,494.470656
12,478,494.470656
12,479,494.470656
12,480,494.470656
12,481,494.470656
12,482,494.470656
12,483,494.470656
12,484,494.470656
12,485,494.470656
12,486,494.470656
12,487,494.470656
12,488,494.470656
12,489,494.470656
12,490,494.470656
12,491,494.470656
12,492,494.470656
12,493,494.470656
12,494,494.470656
12,495,494.470656
12,496,494.470656
12,497,494.470656
12,498,494.470656
12,499,494.470656
12,500,494.470656
12,501,494.470656
12,502,494.470656
12,503,494.470656
12,504,494.470656
12,505,494.470656
12,506,494.470656
12,507,494.470656
12,508,494.470656
12,509,494.470656
12,510,502.797704
12,511,502.797704
12,512,502.797704
12,513,502.797704
12,514,502.797704
12,515,502.797704
12,516,502.797704
12,517,502.797704
12,518,502.797704
12,519,502.797704
12,520,502.797704
12,521,502.797704
12,522,502.797704
12,523,502.797704
12,524,502.797704
12,525,502.797704
12,526,502.797704
12,527,502.797704
12,528,502.797704
12,529,502.797704
12,530,502.797704
12,531,502.797704
12,532,502.797704
12,533,502.797704
12,534,502.797704
12,535,502.797704
12,536,502.797704
12,537,502.975968
12,538,502.975968
12,539,502.975968
12,540,502.975968
12,541,502.975968
12,542,502.975968
12,543,502.975968
12,544,502.975968
12,545,502.975968
12,546,502.975968
12,547,502.975968
12,548,502.975968
12,549,502.975968
12,550,502.975968
12,551,502.975968
12,552,502.975968
12,553,502.975968
12,554,502.975968
12,555,502.975968
12,556,502.975968
12,557,502.975968
12,558,502.975968
12,559,502.975968
12,560,502.975968
12,561,502.975968
12,562,502.975968
12,563,502.975968
12,564,502.975968
12,565,502.975968
12,566,502.975968
12,567,502.975968
12,568,502.975968
12,569,502.975968
12,570,502.975968
12,571,502.975968
12,572,502.975968
12,573,502.975968
12,574,502.975968
12,575,502.975968
12,576,502.975968
12,577,502.975968
12,578,502.975968
12,579,502.975968
12,580,502.975968
12,581,502.975968
12,582,502.975968
12,583,502.975968
12,584,502.975968
12,585,502.975968
12,586,502.975968
12,587,502.975968
12,588,502.975968
12,589,502.975968
12,590,502.975968
12,591,502.975968
12,592,502.975968
12,593,502.975968
12,594,502.975968
12,595,502.975968
12,596,502.975968
12,597,502.975968
12,598,502.975968
12,599,502.975968
12,600,502.975968
12,601,502.975968
12,602,502.975968
12,603,502.975968
12,604,502.975968
12,605,502.975968
12,606,502.975968
12,607,502.975968
12,608,502.975968
12,609,502.975968
12,610,502.975968
12,611,502.975968
12,612,502.975968
12,613,502.975968
12,614,502.975968
12,615,502.975968
12,616,502.975968
12,617,502.975968
12,618,502.975968
12,619,502.975968
12,620,502.975968
12,621,502.975968
12,622,502.975968
12,623,502.975968
12,624,502.975968
12,625,502.975968
12,626,502.975968
12,627,502.975968
12,628,502.975968
12,629,502.975968
12,630,502.975968
12,631,502.975968
12,632,502.975968
12,633,502.975968
12,634,502.975968
12,635,502.975968
12,636,502.975968
12,637,502.975968
12,638,502.975968
12,639,502.975968
12,640,502.975968
12,641,502.975968
12,642,502.975968
12,643,502.975968
12,644,502.975968
12,645,502.975968
12,646,502.975968
12,647,502.975968
12,648,502.975968
12,649,502.975968
12,650,502.975968
12,651,502.975968
12,652,502.975968
12,653,502.975968
12,654,502.975968
12,655,502.975968
12,656,502.975968
12,657,502.975968
12,658,502.975968
12,659,502.975968
12,660,502.975968
12,661,502.975968
12,662,502.975968
12,663,502.975968
12,664,502.975968
12,665,502.975968
12,666,502.975968
12,667,502.975968
12,668,502.975968
12,669,502.975968
12,670,502.975968
12,671,502.975968
12,672,502.975968
12,673,502.975968
12,674,502.975968
12,675,502.975968
12,676,502.975968
12,677,502.975968
12,678,502.975968
12,679,502.975968
12,680,502.975968
12,681,502.975968
12,682,502.975968
12,683,502.975968
12,684,502.975968
12,685,502.975968
12,686,502.975968
12,687,502.975968
12,688,502.975968
12,689,502.975968
12,690,502.975968
12,691,502.975968
12,692,502.975968
12,693,502.975968
12,694,502.975968
12,695,502.975968
12,696,502.975968
12,697,502.975968
12,698,502.975968
12,699,502.975968
12,700,502.975968
12,701,502.975968
12,702,502.975968
12,703,502.975968
12,704,502.975968
12,705,502.975968
12,706,502.975968
12,707,502.975968
12,708,502.975968
12,709,502.975968
12,710,502.975968
12,711,502.975968
12,712,502.975968
12,713,502.975968
12,714,502.975968
12,715,502.975968
12,716,502.975968
12,717,502.975968
12,718,502.975968
12,719,502.975968
12,720,502.975968
12,721,502.975968
12,722,502.975968
12,723,502.975968
12,724,502.975968
12,725,502.975968
12,726,505.055585
12,727,505.055585
12,728,505.055585
12,729,516.452772
12,730,516.452772
12,731,516.452772
12,732,516.452772
12,733,516.452772
12,734,516.452772
12,735,516.452772
12,736,516.452772
12,737,516.452772
12,738,517.310502
12,739,517.310502
12,740,517.310502
12,741,517.310502
12,742,517.310502
12,743,520.092911
12,744,520.092911
12,745,520.092911
12,746,520.092911
12,747,520.092911
12,748,520.092911
12,749,520.092911
12,750,520.092911
12,751,520.092911
12,752,520.092911
12,753,520.092911
12,754,520.092911
12,755,520.092911
12,756,520.092911
12,757,520.092911
12,758,520.092911
12,759,520.092911
12,760,520.092911
12,761,520.092911
12,762,520.092911
12,763,520.092911
12,764,520.092911
12,765,520.092911
12,766,520.092911
12,767,520.092911
12,768,520.092911
12,769,520.092911
12,770,520.092911
12,771,520.092911
12,772,520.092911
12,773,520.092911
12,774,520.092911
12,775,520.092911
12,776,520.092911
12,777,520.092911
12,778,520.092911
12,779,520.092911
12,780,520.092911
12,781,520.092911
12,782,520.092911
12,783,520.092911
12,784,520.092911
12,785,520.092911
12,786,520.092911
12,787,520.092911
12,788,520.092911
12,789,520.092911
12,790,520.092911
12,791,520.092911
12,792,520.092911
12,793,520.092911
12,794,520.092911
12,795,520.092911
12,796,520.092911
12,797,520.092911
12,798,520.092911
12,799,520.092911
12,800,520.092911
12,801,520.092911
12,802,520.092911
12,803,520.092911
12,804,520.092911
12,805,520.092911
12,806,520.092911
12,807,520.092911
12,808,520.092911
12,809,520.092911
12,810,520.092911
12,811,520.092911
12,812,520.092911
12,813,520.092911
12,814,520.092911
12,815,520.092911
12,816,520.092911
12,817,520.092911
12,818,520.092911
12,819,520.092911
12,820,520.092911
12,821,520.092911
12,822,520.092911
12,823,520.092911
12,824,520.092911
12,825,520.092911
12,826,520.092911
12,827,520.092911
12,828,520.092911
12,829,520.092911
12,830,520.092911
12,831,520.092911
12,832,520.092911
12,833,520.092911
12,834,520.092911
12,835,520.092911
12,836,520.092911
12,837,520.092911
12,838,520.092911
12,839,520.092911
12,840,520.092911
12,841,520.092911
12,842,520.092911
12,843,520.092911
12,844,520.092911
12,845,520.092911
12,846,520.092911
12,847,520.092911
12,848,520.092911
12,849,520.092911
12,850,520.092911
12,851,520.092911
12,852,520.092911
12,853,520.092911
12,854,520.092911
12,855,520.092911
12,856,520.092911
12,857,520.092911
12,858,520.092911
12,859,520.092911
12,860,520.092911
12,861,520.092911
12,862,520.092911
12,863,520.092911
12,864,520.092911
12,865,520.092911
12,866,520.092911
12,867,520.092911
12,868,520.092911
12,869,520.092911
12,870,520.092911
12,871,520.092911
12,872,520.092911
12,873,520.092911
12,874,520.092911
12,875,520.092911
12,876,520.092911
12,877,520.092911
12,878,520.092911
12,879,520.092911
12,880,520.092911
12,881,520.092911
12,882,520.092911
12,883,520.092911
12,884,520.092911
12,885,520.092911
12,886,520.092911
12,887,520.092911
12,888,520.092911
12,889,520.092911
12,890,520.092911
12,891,520.092911
12,892,520.092911
12,893,520.092911
12,894,520.092911
12,895,520.092911
12,896,520.092911
12,897,520.092911
12,898,520.092911
12,899,520.092911
12,900,520.092911
12,901,520.092911
12,902,520.092911
12,903,520.092911
12,904,520.092911
12,905,520.092911
12,906,520.092911
12,907,520.092911
12,908,520.092911
12,909,520.092911
12,910,520.092911
12,911,520.092911
12,912,520.092911
12,913,520.092911
12,914,520.092911
12,915,520.092911
12,916,520.092911
12,917,520.092911
12,918,520.092911
12,919,520.092911
12,920,520.092911
12,921,520.092911
12,922,520.092911
12,923,520.092911
12,924,520.092911
12,925,520.092911
12,926,520.092911
12,927,520.092911
12,928,520.092911
12,929,520.092911
12,930,520.092911
12,931,520.092911
12,932,520.092911
12,933,520.092911
12,934,520.092911
12,935,520.092911
12,936,520.092911
12,937,520.092911
12,938,520.092911
12,939,520.092911
12,940,520.092911
12,941,520.092911
12,942,520.092911
12,943,520.092911
12,944,520.092911
12,945,520.092911
12,946,520.092911
12,947,520.092911
12,948,520.092911
12,949,520.092911
12,950,520.092911
12,951,520.092911
12,952,520.092911
12,953,520.092911
12,954,520.092911
12,955,520.092911
12,956,520.092911
12,957,520.092911
12,958,520.092911
12,959,520.092911
12,960,520.092911
12,961,520.092911
12,962,520.092911
12,963,520.092911
12,964,520.092911
12,965,520.092911
12,966,520.092911
12,967,520.092911
12,968,520.092911
12,969,520.092911
12,970,520.092911
12,971,520.092911
12,972,520.092911
12,973,520.092911
12,974,520.092911
12,975,520.092911
12,976,520.092911
12,977,520.092911
12,978,520.092911
12,979,520.092911
12,980,520.092911
12,981,520.092911
12,982,520.092911
12,983,520.092911
12,984,520.092911
12,985,520.092911
12,986,520.092911
12,987,520.092911
12,988,520.092911
12,989,520.092911
12,990,520.092911
12,991,520.092911
12,992,520.092911
12,993,520.092911
12,994,520.092911
12,995,520.092911
12,996,520.092911
12,997,520.092911
12,998,520.092911
12,999,520.092911
13,0,125.130929
13,1,125.130929
13,2,125.130929
13,3,125.130929
13,4,125.130929
13,5,125.130929
13,6,125.130929
13,7,125.130929
13,8,125.130929
13,9,125.130929
13,10,125.130929
13,11,125.130929
13,12,125.130929
13,13,125.130929
13,14,125.130929
13,15,125.130929
13,16,125.130929
13,17,125.130929
13,18,125.130929
13,19,125.130929
13,20,125.130929
13,21,125.130929
13,22,125.130929
13,23,125.130929
13,24,125.130929
13,25,125.130929
13,26,125.130929
13,27,125.130929
13,28,125.130929
13,29,125.130929
13,30,125.130929
13,31,125.130929
13,32,125.130929
13,33,125.130929
13,34,125.130929
13,35,125.130929
13,36,125.130929
13,37,125.130929
13,38,125.130929
13,39,125.130929
13,40,125.130929
13,41,125.130929
13,42,125.130929
13,43,125.130929
13,44,125.130929
13,45,125.130929
13,46,125.130929
13,47,125.130929
13,48,141.221395
13,49,162.437173
13,50,162.437173
13,51,162.437173
13,52,162.437173
13,53,162.437173
13,54,162.437173
13,55,162.437173
13,56,162.437173
13,57,162.437173
13,58,162.437173
13,59,162.437173
13,60,162.437173
13,61,162.437173
13,62,162.437173
13,63,162.437173
13,64,162.437173
13,65,162.437173
13,66,162.437173
13,67,162.437173
13,68,162.437173
13,69,162.437173
13,70,162.437173
13,71,162.437173
13,72,162.437173
13,73,183.430231
13,74,183.430231
13,75,183.430231
13,76,183.430231
13,77,183.754288
13,78,201.567315
13,79,208.432091
13,80,208.432091
13,81,208.432091
13,82,247.946843
13,83,247.946843
13,84,247.946843
13,85,247.946843
13,86,247.946843
13,87,263.426116
13,88,292.094673
13,89,292.094673
13,90,292.094673
13,91,292.094673
13,92,292.094673
13,93,292.094673
13,94,292.094673
13,95,292.094673
13,96,297.906850
13,97,297.906850
13,98,305.118703
13,99,305.118703
13,100,305.118703
13,101,318.387480
13,102,318.387480
13,103,329.308117
13,104,329.308117
13,105,329.308117
13,106,413.753699
13,107,413.753699
13,108,413.753699
13,109,413.753699
13,110,413.753699
13,111,413.753699
13,112,413.753699
13,113,413.753699
13,114,413.753699
13,115,413.753699
13,116,413.753699
13,117,413.753699
13,118,413.753699
13,119,413.753699
13,120,413.753699
13,121,413.753699
13,122,413.753699
13,123,413.753699
13,124,413.753699
13,125,413.753699
13,126,413.753699
13,127,413.753699
13,128,413.753699
13,129,413.753699
13,130,413.753699
13,131,413.753699
13,132,413.753699
13,133,413.753699
13,134,413.753699
13,135,413.753699
13,136,413.753699
13,137,413.753699
13,138,413.753699
13,139,413.753699
13,140,413.753699
13,141,413.753699
13,142,413.753699
13,143,413.753699
13,144,413.753699
13,145,413.753699
13,146,413.753699
13,147,413.753699
13,148,413.753699
13,149,413.753699
13,150,413.753699
13,151,413.753699
13,152,413.753699
13,153,413.753699
13,154,413.753699
13,155,413.753699
13,156,413.753699
13,157,413.753699
13,158,413.753699
13,159,413.753699
13,160,413.753699
13,161,413.753699
13,162,413.753699
13,163,413.753699
13,164,413.753699
13,165,413.753699
13,166,413.753699
13,167,413.753699
13,168,413.753699
13,169,413.753699
13,170,413.753699
13,171,413.753699
13,172,413.753699
13,173,413.753699
13,174,413.753699
13,175,413.753699
13,176,413.753699
13,177,413.753699
13,178,413.753699
13,179,413.753699
13,180,413.753699
13,181,413.753699
13,182,413.753699
13,183,413.753699
13,184,413.753699
13,185,413.753699
13,186,413.753699
13,187,413.753699
13,188,413.753699
13,189,413.753699
13,190,413.753699
13,191,413.753699
13,192,413.753699
13,193,413.753699
13,194,413.753699
13,195,413.753699
13,196,413.753699
13,197,413.753699
13,198,413.753699
13,199,413.753699
13,200,413.753699
13,201,413.753699
13,202,413.753699
13,203,413.753699
13,204,413.753699
13,205,413.753699
13,206,413.753699
13,207,413.753699
13,208,413.753699
13,209,413.753699
13,210,413.753699
13,211,413.753699
13,212,413.753699
13,213,413.753699
13,214,413.753699
13,215,413.753699
13,216,413.753699
13,217,413.753699
13,218,413.753699
13,219,413.753699
13,220,413.753699
13,221,413.753699
13,222,413.753699
13,223,413.753699
13,224,413.753699
13,225,413.753699
13,226,413.753699
13,227,413.753699
13,228,413.753699
13,229,413.753699
13,230,413.753699
13,231,413.753699
13,232,413.753699
13,233,413.753699
13,234,413.753699
13,235,413.753699
13,236,413.753699
13,237,413.753699
13,238,413.753699
13,239,413.753699
13,240,413.753699
13,241,413.753699
13,242,413.753699
13,243,413.753699
13,244,413.753699
13,245,413.753699
13,246,413.753699
13,247,413.753699
13,248,413.753699
13,249,413.753699
13,250,413.753699
13,251,413.753699
13,252,413.753699
13,253,413.753699
13,254,413.753699
13,255,413.753699
13,256,413.753699
13,257,413.753699
13,258,413.753699
13,259,413.753699
13,260,413.753699
13,261,413.753699
13,262,413.753699
13,263,413.753699
13,264,413.753699
13,265,413.753699
13,266,413.753699
13,267,413.753699
13,268,413.753699
13,269,413.753699
13,270,413.753699
13,271,413.753699
13,272,413.753699
13,273,413.753699
13,274,413.753699
13,275,413.753699
13,276,413.753699
13,277,413.753699
13,278,413.753699
13,279,413.753699
13,280,413.753699
13,281,413.753699
13,282,413.753699
13,283,413.753699
13,284,413.753699
13,285,413.753699
13,286,413.753699
13,287,413.753699
13,288,413.753699
13,289,413.753699
13,290,413.753699
13,291,413.753699
13,292,413.753699
13,293,413.753699
13,294,413.753699
13,295,413.753699
13,296,413.753699
13,297,413.753699
13,298,413.753699
13,299,413.753699
13,300,413.753699
13,301,413.753699
13,302,413.753699
13,303,413.753699
13,304,413.753699
13,305,413.753699
13,306,413.753699
13,307,413.753699
13,308,413.753699
13,309,413.753699
13,310,413.753699
13,311,413.753699
13,312,413.753699
13,313,413.753699
13,314,413.753699
13,315,413.753699
13,316,413.753699
13,317,413.753699
13,318,413.753699
13,319,413.753699
13,320,413.753699
13,321,413.753699
13,322,413.753699
13,323,413.753699
13,324,413.753699
13,325,413.753699
13,326,413.753699
13,327,413.753699
13,328,413.753699
13,329,413.753699
13,330,413.753699
13,331,413.753699
13,332,413.753699
13,333,413.753699
13,334,413.753699
13,335,413.753699
13,336,413.753699
13,337,413.753699
13,338,413.753699
13,339,413.753699
13,340,413.753699
13,341,413.753699
13,342,413.753699
13,343,413.753699
13,344,413.753699
13,345,413.753699
13,346,413.753699
13,347,413.753699
13,348,413.753699
13,349,413.753699
13,350,413.753699
13,351,413.753699
13,352,413.753699
13,353,413.753699
13,354,413.753699
13,355,413.753699
13,356,413.753699
13,357,413.753699
13,358,413.753699
13,359,413.753699
13,360,413.753699
13,361,413.753699
13,362,413.753699
13,363,413.753699
13,364,413.753699
13,365,413.753699
13,366,413.753699
13,367,413.753699
13,368,413.753699
13,369,413.753699
13,370,413.753699
13,371,413.753699
13,372,413.753699
13,373,413.753699
13,374,413.753699
13,375,413.753699
13,376,439.797376
13,377,439.797376
13,378,439.797376
13,379,439.797376
13,380,439.797376
13,381,439.797376
13,382,439.797376
13,383,439.797376
13,384,439.797376
13,385,439.797376
13,386,439.797376
13,387,439.797376
13,388,439.797376
13,389,439.797376
13,390,439.797376
13,391,439.797376
13,392,439.797376
13,393,439.797376
13,394,439.797376
13,395,439.797376
13,396,439.797376
13,397,439.797376
13,398,439.797376
13,399,439.797376
13,400,439.797376
13,401,439.797376
13,402,439.797376
13,403,439.797376
13,404,439.797376
13,405,439.797376
13,406,439.797376
13,407,439.797376
13,408,439.797376
13,409,439.797376
13,410,439.797376
13,411,439.797376
13,412,439.797376
13,413,439.797376
13,414,439.797376
13,415,439.797376
13,416,439.797376
13,417,439.797376
13,418,439.797376
13,419,439.797376
13,420,439.797376
13,421,439.797376
13,422,439.797376
13,423,439.797376
13,424,439.797376
13,425,439.797376
13,426,439.797376
13,427,439.797376
13,428,439.797376
13,429,439.797376
13,430,439.797376
13,431,439.797376
13,432,439.797376
13,433,439.797376
13,434,439.797376
13,435,439.797376
13,436,439.797376
13,437,439.797376
13,438,439.797376
13,439,439.797376
13,440,439.797376
13,441,439.797376
13,442,439.797376
13,443,439.797376
13,444,439.797376
13,445,439.797376
13,446,439.797376
13,447,439.797376
13,448,439.797376
13,449,439.797376
13,450,439.797376
13,451,439.797376
13,452,439.797376
13,453,439.797376
13,454,439.797376
13,455,439.797376
13,456,439.797376
13,457,439.797376
13,458,439.797376
13,459,439.797376
13,460,439.797376
13,461,439.797376
13,462,439.797376
13,463,439.797376
13,464,439.797376
13,465,439.797376
13,466,439.797376
13,467,439.797376
13,468,439.797376
13,469,439.797376
13,470,439.797376
13,471,439.797376
13,472,439.797376
13,473,439.797376
13,474,439.797376
13,475,439.797376
13,476,439.797376
13,477,439.797376
13,478,439.797376
13,479,439.797376
13,480,439.797376
13,481,439.797376
13,482,439.797376
13,483,439.797376
13,484,439.797376
13,485,439.797376
13,486,439.797376
13,487,439.797376
13,488,439.797376
13,489,439.797376
13,490,439.797376
13,491,439.797376
13,492,439.797376
13,493,439.797376
13,494,439.797376
13,495,439.797376
13,496,439.797376
13,497,439.797376
13,498,439.797376
13,499,439.797376
13,500,439.797376
13,501,439.797376
13,502,439.797376
13,503,439.797376
13,504,439.797376
13,505,439.797376
13,506,439.797376
13,507,439.797376
13,508,439.797376
13,509,439.797376
13,510,439.797376
13,511,439.797376
13,512,439.797376
13,513,439.797376
13,514,439.797376
13,515,439.797376
13,516,439.797376
13,517,439.797376
13,518,439.797376
13,519,439.797376
13,520,439.797376
13,521,439.797376
13,522,439.797376
13,523,439.797376
13,524,439.797376
13,525,439.797376
13,526,439.797376
13,527,439.797376
13,528,439.797376
13,529,439.797376
13,530,439.797376
13,531,439.797376
13,532,439.797376
13,533,439.797376
13,534,439.797376
13,535,439.797376
13,536,439.797376
13,537,439.797376
13,538,439.797376
13,539,439.797376
13,540,439.797376
13,541,439.797376
13,542,439.797376
13,543,439.797376
13,544,439.797376
13,545,439.797376
13,546,439.797376
13,547,439.797376
13,548,439.797376
13,549,439.797376
13,550,439.797376
13,551,439.797376
13,552,439.797376
13,553,439.797376
13,554,439.797376
13,555,439.797376
13,556,439.797376
13,557,439.797376
13,558,439.797376
13,559,439.797376
13,560,439.797376
13,561,439.797376
13,562,439.797376
13,563,439.797376
13,564,439.797376
13,565,439.797376
13,566,439.797376
13,567,439.797376
13,568,439.797376
13,569,439.797376
13,570,439.797376
13,571,439.797376
13,572,439.797376
13,573,439.797376
13,574,439.797376
13,575,439.797376
13,576,439.797376
13,577,439.797376
13,578,439.797376
13,579,439.797376
13,580,439.797376
13,581,439.797376
13,582,439.797376
13,583,439.797376
13,584,439.797376
13,585,439.797376
13,586,439.797376
13,587,439.797376
13,588,439.797376
13,589,439.797376
13,590,439.797376
13,591,439.797376
13,592,439.797376
13,593,439.797376
13,594,439.797376
13,595,439.797376
13,596,439.797376
13,597,439.797376
13,598,439.797376
13,599,439.797376
13,600,439.797376
13,601,439.797376
13,602,439.797376
13,603,439.797376
13,604,439.797376
13,605,439.797376
13,606,439.797376
13,607,439.797376
13,608,439.797376
13,609,439.797376
13,610,439.797376
13,611,439.797376
13,612,439.797376
13,613,439.797376
13,614,439.797376
13,615,439.797376
13,616,439.797376
13,617,439.797376
13,618,439.797376
13,619,439.797376
13,620,439.797376
13,621,439.797376
13,622,439.797376
13,623,439.797376
13,624,439.797376
13,625,439.797376
13,626,439.797376
13,627,439.797376
13,628,439.797376
13,629,439.797376
13,630,439.797376
13,631,439.797376
13,632,439.797376
13,633,439.797376
13,634,439.797376
13,635,439.797376
13,636,439.797376
13,637,439.797376
13,638,439.797376
13,639,439.797376
13,640,439.797376
13,641,439.797376
13,642,439.797376
13,643,439.797376
13,644,439.797376
13,645,439.797376
13,646,439.797376
13,647,439.797376
13,648,439.797376
13,649,439.797376
13,650,439.797376
13,651,439.797376
13,652,439.797376
13,653,439.797376
13,654,439.797376
13,655,439.797376
13,656,439.797376
13,657,439.797376
13,658,439.797376
13,659,439.797376
13,660,454.160622
13,661,454.160622
13,662,454.160622
13,663,454.160622
13,664,454.160622
13,665,460.424599
13,666,460.424599
13,667,460.424599
13,668,460.424599
13,669,489.650564
13,670,489.650564
13,671,489.650564
13,672,489.650564
13,673,489.650564
13,674,489.650564
13,675,489.650564
13,676,489.650564
13,677,489.650564
13,678,490.095488
13,679,490.095488
13,680,490.095488
13,681,490.095488
13,682,490.095488
13,683,490.095488
13,684,490.095488
13,685,490.095488
13,686,490.095488
13,687,490.095488
13,688,490.095488
13,689,490.095488
13,690,490.095488
13,691,490.095488
13,692,490.095488
13,693,490.095488
13,694,490.095488
13,695,490.095488
13,696,490.095488
13,697,490.095488
13,698,490.095488
13,699,490.095488
13,700,490.095488
13,701,490.095488
13,702,490.095488
13,703,490.095488
13,704,490.095488
13,705,490.095488
13,706,490.095488
13,707,490.095488
13,708,490.095488
13,709,490.095488
13,710,490.095488
13,711,490.095488
13,712,490.095488
13,713,490.095488
13,714,490.095488
13,715,490.095488
13,716,529.918697
13,717,529.918697
13,718,529.918697
13,719,529.918697
13,720,529.918697
13,721,529.918697
13,722,529.918697
13,723,529.918697
13,724,529.918697
13,725,529.918697
13,726,529.918697
13,727,529.918697
13,728,529.918697
13,729,529.918697
13,730,529.918697
13,731,529.918697
13,732,529.918697
13,733,529.918697
13,734,529.918697
13,735,529.918697
13,736,529.918697
13,737,529.918697
13,738,529.918697
13,739,529.918697
13,740,529.918697
13,741,529.918697
13,742,529.918697
13,743,529.918697
13,744,529.918697
13,745,529.918697
13,746,529.918697
13,747,529.918697
13,748,529.918697
13,749,529.918697
13,750,529.918697
13,751,529.918697
13,752,529.918697
13,753,529.918697
13,754,529.918697
13,755,529.918697
13,756,529.918697
13,757,529.918697
13,758,529.918697
13,759,529.918697
13,760,529.918697
13,761,529.918697
13,762,529.918697
13,763,534.905146
13,764,534.905146
13,765,534.905146
13,766,534.905146
13,767,534.905146
13,768,534.905146
13,769,534.905146
13,770,534.905146
13,771,534.905146
13,772,534.905146
13,773,534.905146
13,774,534.905146
13,775,534.905146
13,776,534.905146
13,777,534.905146
13,778,534.905146
13,779,534.905146
13,780,534.905146
13,781,534.905146
13,782,534.905146
13,783,534.905146
13,784,534.905146
13,785,534.905146
13,786,534.905146
13,787,534.905146
13,788,534.905146
13,789,534.905146
13,790,534.905146
13,791,534.905146
13,792,534.905146
13,793,534.905146
13,794,534.905146
13,795,534.905146
13,796,534.905146
13,797,534.905146
13,798,534.905146
13,799,534.905146
13,800,534.905146
13,801,534.905146
13,802,534.905146
13,803,534.905146
13,804,534.905146
13,805,534.905146
13,806,534.905146
13,807,534.905146
13,808,534.905146
13,809,534.905146
13,810,534.905146
13,811,534.905146
13,812,534.905146
13,813,534.905146
13,814,534.905146
13,815,534.905146
13,816,534.905146
13,817,534.905146
13,818,534.905146
13,819,534.905146
13,820,534.905146
13,821,534.905146
13,822,534.905146
13,823,534.905146
13,824,534.905146
13,825,534.905146
13,826,534.905146
13,827,534.905146
13,828,534.905146
13,829,534.905146
13,830,534.905146
13,831,534.905146
13,832,534.905146
13,833,534.905146
13,834,534.905146
13,835,534.905146
13,836,534.905146
13,837,534.905146
13,838,534.905146
13,839,534.905146
13,840,534.905146
13,841,534.905146
13,842,534.905146
13,843,534.905146
13,844,534.905146
13,845,534.905146
13,846,534.905146
13,847,534.905146
13,848,534.905146
13,849,534.905146
13,850,534.905146
13,851,534.905146
13,852,534.905146
13,853,534.905146
13,854,534.905146
13,855,534.905146
13,856,534.905146
13,857,534.905146
13,858,534.905146
13,859,534.905146
13,860,534.905146
13,861,534.905146
13,862,534.905146
13,863,534.905146
13,864,534.905146
13,865,534.905146
13,866,534.905146
13,867,534.905146
13,868,534.905146
13,869,534.905146
13,870,534.905146
13,871,534.905146
13,872,534.905146
13,873,534.905146
13,874,534.905146
13,875,534.905146
13,876,534.905146
13,877,534.905146
13,878,534.905146
13,879,534.905146
13,880,534.905146
13,881,534.905146
13,882,534.905146
13,883,534.905146
13,884,534.905146
13,885,534.905146
13,886,534.905146
13,887,534.905146
13,888,534.905146
13,889,534.905146
13,890,534.905146
13,891,534.905146
13,892,534.905146
13,893,534.905146
13,894,534.905146
13,895,534.905146
13,896,534.905146
13,897,534.905146
13,898,534.905146
13,899,534.905146
13,900,534.905146
13,901,534.905146
13,902,534.905146
13,903,534.905146
13,904,534.905146
13,905,534.905146
13,906,534.905146
13,907,534.905146
13,908,534.905146
13,909,534.905146
13,910,534.905146
13,911,534.905146
13,912,534.905146
13,913,534.905146
13,914,534.905146
13,915,534.905146
13,916,534.905146
13,917,534.905146
13,918,534.905146
13,919,534.905146
13,920,534.905146
13,921,534.905146
13,922,534.905146
13,923,534.905146
13,924,534.905146
13,925,534.905146
13,926,534.905146
13,927,534.905146
13,928,534.905146
13,929,534.905146
13,930,534.905146
13,931,534.905146
13,932,534.905146
13,933,534.905146
13,934,534.905146
13,935,534.905146
13,936,534.905146
13,937,534.905146
13,938,534.905146
13,939,534.905146
13,940,534.905146
13,941,534.905146
13,942,534.905146
13,943,534.905146
13,944,534.905146
13,945,534.905146
13,946,534.905146
13,947,534.905146
13,948,534.905146
13,949,534.905146
13,950,534.905146
13,951,534.905146
13,952,534.905146
13,953,534.905146
13,954,534.905146
13,955,534.905146
13,956,534.905146
13,957,534.905146
13,958,534.905146
13,959,534.905146
13,960,534.905146
13,961,534.905146
13,962,534.905146
13,963,534.905146
13,964,534.905146
13,965,534.905146
13,966,534.905146
13,967,534.905146
13,968,534.905146
13,969,534.905146
13,970,534.905146
13,971,534.905146
13,972,534.905146
13,973,534.905146
13,974,534.905146
13,975,534.905146
13,976,534.905146
13,977,534.905146
13,978,534.905146
13,979,534.905146
13,980,534.905146
13,981,534.905146
13,982,534.905146
13,983,534.905146
13,984,534.905146
13,985,534.905146
13,986,534.905146
13,987,534.905146
13,988,534.905146
13,989,534.905146
13,990,534.905146
13,991,534.905146
13,992,534.905146
13,993,534.905146
13,994,534.905146
13,995,534.905146
13,996,534.905146
13,997,534.905146
13,998,534.905146
13,999,534.905146
14,0,114.326701
14,1,114.326701
14,2,117.451826
14,3,117.451826
14,4,117.451826
14,5,117.451826
14,6,117.451826
14,7,117.451826
14,8,117.451826
14,9,117.451826
14,10,117.451826
14,11,117.451826
14,12,117.451826
14,13,117.451826
14,14,117.451826
14,15,117.451826
14,16,117.451826
14,17,117.451826
14,18,117.451826
14,19,117.451826
14,20,117.451826
14,21,117.451826
14,22,117.451826
14,23,117.451826
14,24,117.451826
14,25,117.451826
14,26,117.451826
14,27,117.451826
14,28,117.451826
14,29,117.451826
14,30,117.451826
14,31,117.451826
14,32,117.451826
14,33,118.577199
14,34,118.577199
14,35,118.577199
14,36,118.577199
14,37,118.577199
14,38,118.577199
14,39,118.577199
14,40,118.577199
14,41,118.577199
14,42,118.577199
14,43,118.577199
14,44,118.577199
14,45,118.577199
14,46,118.577199
14,47,118.577199
14,48,118.577199
14,49,118.577199
14,50,118.577199
14,51,118.577199
14,52,118.577199
14,53,118.577199
14,54,118.577199
14,55,118.577199
14,56,118.577199
14,57,118.577199
14,58,118.577199
14,59,118.577199
14,60,118.577199
14,61,118.577199
14,62,118.577199
14,63,118.577199
14,64,118.577199
14,65,118.577199
14,66,118.577199
14,67,118.577199
14,68,118.577199
14,69,118.577199
14,70,118.577199
14,71,118.577199
14,72,118.577199
14,73,118.577199
14,74,118.577199
14,75,118.577199
14,76,118.577199
14,77,118.577199
14,78,118.577199
14,79,118.577199
14,80,118.577199
14,81,118.577199
14,82,118.577199
14,83,118.577199
14,84,118.577199
14,85,118.577199
14,86,118.577199
14,87,118.577199
14,88,118.577199
14,89,118.577199
14,90,118.577199
14,91,118.577199
14,92,118.577199
14,93,118.577199
14,94,118.577199
14,95,118.619104
14,96,129.508007
14,97,129.508007
14,98,129.508007
14,99,129.508007
14,100,129.508007
14,101,130.015918
14,102,172.912151
14,103,175.124918
14,104,175.124918
14,105,175.124918
14,106,175.124918
14,107,175.124918
14,108,175.124918
14,109,175.124918
14,110,175.124918
14,111,175.124918
14,112,175.124918
14,113,175.124918
14,114,175.124918
14,115,187.537842
14,116,191.151894
14,117,196.818661
14,118,196.818661
14,119,247.236798
14,120,247.236798
14,121,247.236798
14,122,247.236798
14,123,253.983569
14,124,253.983569
14,125,253.983569
14,126,253.983569
14,127,253.983569
14,128,253.983569
14,129,253.983569
14,130,253.983569
14,131,255.277298
14,132,255.277298
14,133,255.277298
14,134,255.277298
14,135,255.277298
14,136,255.277298
14,137,255.277298
14,138,255.277298
14,139,268.499924
14,140,288.101322
14,141,288.101322
14,142,311.160864
14,143,311.160864
14,144,311.160864
14,145,311.160864
14,146,311.160864
14,147,311.160864
14,148,311.160864
14,149,311.160864
14,150,311.160864
14,151,311.160864
14,152,311.160864
14,153,311.160864
14,154,311.160864
14,155,311.160864
14,156,311.160864
14,157,311.160864
14,158,311.160864
14,159,311.160864
14,160,311.160864
14,161,311.160864
14,162,311.160864
14,163,311.160864
14,164,311.160864
14,165,311.160864
14,166,311.160864
14,167,311.160864
14,168,311.160864
14,169,311.160864
14,170,311.160864
14,171,311.160864
14,172,311.160864
14,173,311.160864
14,174,311.160864
14,175,311.160864
14,176,311.160864
14,177,311.160864
14,178,311.160864
14,179,311.160864
14,180,311.160864
14,181,311.160864
14,182,311.160864
14,183,311.160864
14,184,311.160864
14,185,311.160864
14,186,311.160864
14,187,311.160864
14,188,311.160864
14,189,311.160864
14,190,311.160864
14,191,311.160864
14,192,311.160864
14,193,311.160864
14,194,311.160864
14,195,311.160864
14,196,311.160864
14,197,311.160864
14,198,311.160864
14,199,311.160864
14,200,311.160864
14,201,311.160864
14,202,311.160864
14,203,311.160864
14,204,311.160864
14,205,311.160864
14,206,311.160864
14,207,311.160864
14,208,324.750577
14,209,324.750577
14,210,324.750577
14,211,324.750577
14,212,324.750577
14,213,324.750577
14,214,324.750577
14,215,324.750577
14,216,324.750577
14,217,324.750577
14,218,324.750577
14,219,324.750577
14,220,324.750577
14,221,324.750577
14,222,324.750577
14,223,324.750577
14,224,324.750577
14,225,324.750577
14,226,324.750577
14,227,324.750577
14,228,324.750577
14,229,324.750577
14,230,324.750577
14,231,324.750577
14,232,324.750577
14,233,324.750577
14,234,324.750577
14,235,324.750577
14,236,324.750577
14,237,324.750577
14,238,324.750577
14,239,324.750577
14,240,324.750577
14,241,324.750577
14,242,324.750577
14,243,324.750577
14,244,324.750577
14,245,324.750577
14,246,324.750577
14,247,324.750577
14,248,324.750577
14,249,324.750577
14,250,324.750577
14,251,324.750577
14,252,324.750577
14,253,324.750577
14,254,324.750577
14,255,324.750577
14,256,324.750577
14,257,324.750577
14,258,324.750577
14,259,324.750577
14,260,324.750577
14,261,324.750577
14,262,324.750577
14,263,324.750577
14,264,324.750577
14,265,324.750577
14,266,324.750577
14,267,324.750577
14,268,324.750577
14,269,324.750577
14,270,324.750577
14,271,324.750577
14,272,324.750577
14,273,324.750577
14,274,324.750577
14,275,324.750577
14,276,324.750577
14,277,324.750577
14,278,324.750577
14,279,324.750577
14,280,324.750577
14,281,324.750577
14,282,324.750577
14,283,324.750577
14,284,324.750577
14,285,324.750577
14,286,324.750577
14,287,324.750577
14,288,324.750577
14,289,324.750577
14,290,324.750577
14,291,324.750577
14,292,324.750577
14,293,324.750577
14,294,324.750577
14,295,324.750577
14,296,324.750577
14,297,324.750577
14,298,324.750577
14,299,324.750577
14,300,324.750577
14,301,324.750577
14,302,324.750577
14,303,324.750577
14,304,324.750577
14,305,324.750577
14,306,335.254079
14,307,335.254079
14,308,335.254079
14,309,335.254079
14,310,335.254079
14,311,335.254079
14,312,335.254079
14,313,335.254079
14,314,335.254079
14,315,335.254079
14,316,335.254079
14,317,335.254079
14,318,335.254079
14,319,335.254079
14,320,335.254079
14,321,335.254079
14,322,335.254079
14,323,335.254079
14,324,335.254079
14,325,335.254079
14,326,335.254079
14,327,335.254079
14,328,335.254079
14,329,335.254079
14,330,335.254079
14,331,335.254079
14,332,335.254079
14,333,335.254079
14,334,335.254079
14,335,335.254079
14,336,335.254079
14,337,335.254079
14,338,335.254079
14,339,335.254079
14,340,335.254079
14,341,335.254079
14,342,335.254079
14,343,335.254079
14,344,335.254079
14,345,335.254079
14,346,335.254079
14,347,335.254079
14,348,335.254079
14,349,335.254079
14,350,335.254079
14,351,335.254079
14,352,335.254079
14,353,335.254079
14,354,335.254079
14,355,335.254079
14,356,335.254079
14,357,335.254079
14,358,335.254079
14,359,335.254079
14,360,335.254079
14,361,335.254079
14,362,335.254079
14,363,335.254079
14,364,335.254079
14,365,335.254079
14,366,335.254079
14,367,335.254079
14,368,335.254079
14,369,335.254079
14,370,347.267530
14,371,347.267530
14,372,347.267530
14,373,347.267530
14,374,347.267530
14,375,347.267530
14,376,347.267530
14,377,347.267530
14,378,347.267530
14,379,347.267530
14,380,347.267530
14,381,347.267530
14,382,347.267530
14,383,347.267530
14,384,347.267530
14,385,347.267530
14,386,347.267530
14,387,347.267530
14,388,347.267530
14,389,347.267530
14,390,347.267530
14,391,347.267530
14,392,347.267530
14,393,347.267530
14,394,347.267530
14,395,347.267530
14,396,347.267530
14,397,347.267530
14,398,347.267530
14,399,347.267530
14,400,347.267530
14,401,347.267530
14,402,347.267530
14,403,347.267530
14,404,347.267530
14,405,347.267530
14,406,347.267530
14,407,347.267530
14,408,347.267530
14,409,347.267530
14,410,347.267530
14,411,347.267530
14,412,347.267530
14,413,347.267530
14,414,347.267530
14,415,347.267530
14,416,347.267530
14,417,347.267530
14,418,347.267530
14,419,347.267530
14,420,347.267530
14,421,347.267530
14,422,347.267530
14,423,347.267530
14,424,347.267530
14,425,347.267530
14,426,347.267530
14,427,373.512817
14,428,373.512817
14,429,373.512817
14,430,373.512817
14,431,376.546383
14,432,376.546383
14,433,376.546383
14,434,376.546383
14,435,376.546383
14,436,376.546383
14,437,376.546383
14,438,376.546383
14,439,376.546383
14,440,376.546383
14,441,376.546383
14,442,376.546383
14,443,376.546383
14,444,376.546383
14,445,376.546383
14,446,376.546383
14,447,376.546383
14,448,376.546383
14,449,376.546383
14,450,376.546383
14,451,376.546383
14,452,376.546383
14,453,376.546383
14,454,376.546383
14,455,376.546383
14,456,376.546383
14,457,376.546383
14,458,376.546383
14,459,376.546383
14,460,376.546383
14,461,376.546383
14,462,376.546383
14,463,376.546383
14,464,376.546383
14,465,376.546383
14,466,376.546383
14,467,376.546383
14,468,376.546383
14,469,376.546383
14,470,376.546383
14,471,376.546383
14,472,376.546383
14,473,376.546383
14,474,376.546383
14,475,376.546383
14,476,376.546383
14,477,376.546383
14,478,376.546383
14,479,376.546383
14,480,376.546383
14,481,376.546383
14,482,376.546383
14,483,376.546383
14,484,376.546383
14,485,376.546383
14,486,376.546383
14,487,376.546383
14,488,376.546383
14,489,376.546383
14,490,376.546383
14,491,376.546383
14,492,376.546383
14,493,376.546383
14,494,376.546383
14,495,376.546383
14,496,376.546383
14,497,376.546383
14,498,376.546383
14,499,376.546383
14,500,376.546383
14,501,376.546383
14,502,376.546383
14,503,376.546383
14,504,376.546383
14,505,376.546383
14,506,376.546383
14,507,376.546383
14,508,376.546383
14,509,376.546383
14,510,376.546383
14,511,376.546383
14,512,376.546383
14,513,376.546383
14,514,376.546383
14,515,376.546383
14,516,376.546383
14,517,376.546383
14,518,376.546383
14,519,376.546383
14,520,376.546383
14,521,376.546383
14,522,376.546383
14,523,376.546383
14,524,376.546383
14,525,376.546383
14,526,376.546383
14,527,376.546383
14,528,376.546383
14,529,376.546383
14,530,376.546383
14,531,376.546383
14,532,376.546383
14,533,376.546383
14,534,376.546383
14,535,376.546383
14,536,376.546383
14,537,376.546383
14,538,376.546383
14,539,376.546383
14,540,376.546383
14,541,376.546383
14,542,376.546383
14,543,376.546383
14,544,376.546383
14,545,376.546383
14,546,376.546383
14,547,376.546383
14,548,376.546383
14,549,376.546383
14,550,376.546383
14,551,376.546383
14,552,376.546383
14,553,376.546383
14,554,376.546383
14,555,376.546383
14,556,385.621460
14,557,385.621460
14,558,385.621460
14,559,385.621460
14,560,385.621460
14,561,385.621460
14,562,385.621460
14,563,385.621460
14,564,385.621460
14,565,385.621460
14,566,385.621460
14,567,385.621460
14,568,385.621460
14,569,385.621460
14,570,385.621460
14,571,385.621460
14,572,385.621460
14,573,385.621460
14,574,385.621460
14,575,385.621460
14,576,385.621460
14,577,385.621460
14,578,385.621460
14,579,385.621460
14,580,385.621460
14,581,385.621460
14,582,385.621460
14,583,385.621460
14,584,385.621460
14,585,385.621460
14,586,385.621460
14,587,385.621460
14,588,385.621460
14,589,385.621460
14,590,385.621460
14,591,385.621460
14,592,385.621460
14,593,385.621460
14,594,385.621460
14,595,385.621460
14,596,385.621460
14,597,385.621460
14,598,385.621460
14,599,385.621460
14,600,385.621460
14,601,385.621460
14,602,385.621460
14,603,385.621460
14,604,385.621460
14,605,385.621460
14,606,385.621460
14,607,385.621460
14,608,385.621460
14,609,385.621460
14,610,385.621460
14,611,385.621460
14,612,385.621460
14,613,385.621460
14,614,385.621460
14,615,385.621460
14,616,385.621460
14,617,385.621460
14,618,385.621460
14,619,385.621460
14,620,385.621460
14,621,385.621460
14,622,385.621460
14,623,385.621460
14,624,385.621460
14,625,385.621460
14,626,385.621460
14,627,385.621460
14,628,385.621460
14,629,385.621460
14,630,385.621460
14,631,385.621460
14,632,385.621460
14,633,385.621460
14,634,385.621460
14,635,385.621460
14,636,385.621460
14,637,385.621460
14,638,385.621460
14,639,385.621460
14,640,385.621460
14,641,385.621460
14,642,385.621460
14,643,385.621460
14,644,385.621460
14,645,385.621460
14,646,385.621460
14,647,385.621460
14,648,385.621460
14,649,385.621460
14,650,385.621460
14,651,385.621460
14,652,385.621460
14,653,385.621460
14,654,385.621460
14,655,385.621460
14,656,385.621460
14,657,385.621460
14,658,385.621460
14,659,385.621460
14,660,385.621460
14,661,385.621460
14,662,385.621460
14,663,385.621460
14,664,385.621460
14,665,385.621460
14,666,385.621460
14,667,385.621460
14,668,385.621460
14,669,385.621460
14,670,385.621460
14,671,385.621460
14,672,385.621460
14,673,385.621460
14,674,385.621460
14,675,385.621460
14,676,385.621460
14,677,385.621460
14,678,385.621460
14,679,385.621460
14,680,385.621460
14,681,385.621460
14,682,385.621460
14,683,385.621460
14,684,385.621460
14,685,385.621460
14,686,385.621460
14,687,385.621460
14,688,385.621460
14,689,385.621460
14,690,385.621460
14,691,385.621460
14,692,385.621460
14,693,385.621460
14,694,385.621460
14,695,385.621460
14,696,385.621460
14,697,404.270458
14,698,404.270458
14,699,404.270458
14,700,404.270458
14,701,421.987237
14,702,421.987237
14,703,421.987237
14,704,421.987237
14,705,421.987237
14,706,421.987237
14,707,421.987237
14,708,421.987237
14,709,421.987237
14,710,421.987237
14,711,421.987237
14,712,421.987237
14,713,421.987237
14,714,421.987237
14,715,421.987237
14,716,421.987237
14,717,421.987237
14,718,421.987237
14,719,421.987237
14,720,421.987237
14,721,421.987237
14,722,421.987237
14,723,421.987237
14,724,421.987237
14,725,424.414494
14,726,424.414494
14,727,424.414494
14,728,436.188704
14,729,436.188704
14,730,436.188704
14,731,436.188704
14,732,436.188704
14,733,436.188704
14,734,436.188704
14,735,436.188704
14,736,436.188704
14,737,436.188704
14,738,436.188704
14,739,436.188704
14,740,436.188704
14,741,436.188704
14,742,436.188704
14,743,436.188704
14,744,436.188704
14,745,436.188704
14,746,463.604376
14,747,463.604376
14,748,463.604376
14,749,463.604376
14,750,463.604376
14,751,463.604376
14,752,463.604376
14,753,463.604376
14,754,463.604376
14,755,463.604376
14,756,463.604376
14,757,463.604376
14,758,463.604376
14,759,463.604376
14,760,463.604376
14,761,463.604376
14,762,463.604376
14,763,463.604376
14,764,463.604376
14,765,463.604376
14,766,463.604376
14,767,463.604376
14,768,463.604376
14,769,463.604376
14,770,463.604376
14,771,463.604376
14,772,463.604376
14,773,463.604376
14,774,463.604376
14,775,463.604376
14,776,499.884642
14,777,499.884642
14,778,499.884642
14,779,499.884642
14,780,499.884642
14,781,499.884642
14,782,499.884642
14,783,499.884642
14,784,507.350312
14,785,507.350312
14,786,507.350312
14,787,507.350312
14,788,507.350312
14,789,507.350312
14,790,507.350312
14,791,507.350312
14,792,507.350312
14,793,507.350312
14,794,507.350312
14,795,507.350312
14,796,507.350312
14,797,507.350312
14,798,507.350312
14,799,507.350312
14,800,507.350312
14,801,507.350312
14,802,507.350312
14,803,507.350312
14,804,507.350312
14,805,507.350312
14,806,507.350312
14,807,507.350312
14,808,507.350312
14,809,507.350312
14,810,507.350312
14,811,507.350312
14,812,507.350312
14,813,510.838778
14,814,510.838778
14,815,510.838778
14,816,510.838778
14,817,510.838778
14,818,510.838778
14,819,510.838778
14,820,510.838778
14,821,510.838778
14,822,510.838778
14,823,510.838778
14,824,510.838778
14,825,510.838778
14,826,510.838778
14,827,510.838778
14,828,510.838778
14,829,510.838778
14,830,510.838778
14,831,510.838778
14,832,510.838778
14,833,510.838778
14,834,510.838778
14,835,510.838778
14,836,510.838778
14,837,524.273648
14,838,524.273648
14,839,524.273648
14,840,524.273648
14,841,524.273648
14,842,524.273648
14,843,524.273648
14,844,524.273648
14,845,524.273648
14,846,524.273648
14,847,524.273648
14,848,524.273648
14,849,524.273648
14,850,524.273648
14,851,524.273648
14,852,524.273648
14,853,524.273648
14,854,524.273648
14,855,524.273648
14,856,524.273648
14,857,524.273648
14,858,524.273648
14,859,524.273648
14,860,524.273648
14,861,524.273648
14,862,524.273648
14,863,524.273648
14,864,524.273648
14,865,524.273648
14,866,524.273648
14,867,524.273648
14,868,524.273648
14,869,524.273648
14,870,524.273648
14,871,524.273648
14,872,524.273648
14,873,524.273648
14,874,524.273648
14,875,524.273648
14,876,524.273648
14,877,524.273648
14,878,524.273648
14,879,524.273648
14,880,524.273648
14,881,524.273648
14,882,524.273648
14,883,524.273648
14,884,524.273648
14,885,524.273648
14,886,524.273648
14,887,524.273648
14,888,524.273648
14,889,524.273648
14,890,524.273648
14,891,524.273648
14,892,524.273648
14,893,524.273648
14,894,524.273648
14,895,524.273648
14,896,524.273648
14,897,524.273648
14,898,524.273648
14,899,524.273648
14,900,524.273648
14,901,529.715253
14,902,529.715253
14,903,529.715253
14,904,529.715253
14,905,529.715253
14,906,529.715253
14,907,529.715253
14,908,529.715253
14,909,529.715253
14,910,529.715253
14,911,529.715253
14,912,529.715253
14,913,529.715253
14,914,529.715253
14,915,529.715253
14,916,529.715253
14,917,529.715253
14,918,529.715253
14,919,529.715253
14,920,529.715253
14,921,529.715253
14,922,529.715253
14,923,529.715253
14,924,529.715253
14,925,529.715253
14,926,529.715253
14,927,529.715253
14,928,529.715253
14,929,529.715253
14,930,529.715253
14,931,529.715253
14,932,529.715253
14,933,529.715253
14,934,529.715253
14,935,529.715253
14,936,529.715253
14,937,529.715253
14,938,529.715253
14,939,529.715253
14,940,529.715253
14,941,529.715253
14,942,529.715253
14,943,529.715253
14,944,529.715253
14,945,529.715253
14,946,529.715253
14,947,529.715253
14,948,529.715253
14,949,529.715253
14,950,529.715253
14,951,529.715253
14,952,529.715253
14,953,529.715253
14,954,529.715253
14,955,529.715253
14,956,529.715253
14,957,529.715253
14,958,529.715253
14,959,529.715253
14,960,529.715253
14,961,529.715253
14,962,529.715253
14,963,529.715253
14,964,529.715253
14,965,529.715253
14,966,529.715253
14,967,529.715253
14,968,529.715253
14,969,529.715253
14,970,529.715253
14,971,529.715253
14,972,529.715253
14,973,529.715253
14,974,529.715253
14,975,529.715253
14,976,529.715253
14,977,529.715253
14,978,529.715253
14,979,529.715253
14,980,529.715253
14,981,529.715253
14,982,529.715253
14,983,529.715253
14,984,529.715253
14,985,529.715253
14,986,529.715253
14,987,529.715253
14,988,529.715253
14,989,529.715253
14,990,529.715253
14,991,529.715253
14,992,529.715253
14,993,529.715253
14,994,529.715253
14,995,529.715253
14,996,529.715253
14,997,529.715253
14,998,529.715253
14,999,529.715253
15,0,104.894859
15,1,116.400996
15,2,116.400996
15,3,116.400996
15,4,116.400996
15,5,116.400996
15,6,116.400996
15,7,116.400996
15,8,116.400996
15,9,116.400996
15,10,116.400996
15,11,116.400996
15,12,116.400996
15,13,116.400996
15,14,116.400996
15,15,116.400996
15,16,116.400996
15,17,116.400996
15,18,122.479301
15,19,139.993165
15,20,139.993165
15,21,139.993165
15,22,139.993165
15,23,139.993165
15,24,139.993165
15,25,139.993165
15,26,139.993165
15,27,139.993165
15,28,139.993165
15,29,139.993165
15,30,139.993165
15,31,139.993165
15,32,139.993165
15,33,139.993165
15,34,139.993165
15,35,139.993165
15,36,139.993165
15,37,139.993165
15,38,139.993165
15,39,139.993165
15,40,139.993165
15,41,139.993165
15,42,139.993165
15,43,139.993165
15,44,139.993165
15,45,139.993165
15,46,139.993165
15,47,139.993165
15,48,139.993165
15,49,139.993165
15,50,139.993165
15,51,139.993165
15,52,139.993165
15,53,139.993165
15,54,139.993165
15,55,139.993165
15,56,139.993165
15,57,139.993165
15,58,139.993165
15,59,139.993165
15,60,139.993165
15,61,143.069323
15,62,164.782832
15,63,164.782832
15,64,164.782832
15,65,195.261557
15,66,195.261557
15,67,195.261557
15,68,195.261557
15,69,195.261557
15,70,202.490929
15,71,202.490929
15,72,202.490929
15,73,202.490929
15,74,202.490929
15,75,202.490929
15,76,202.490929
15,77,202.490929
15,78,202.490929
15,79,216.739350
15,80,216.739350
15,81,216.739350
15,82,216.739350
15,83,216.739350
15,84,216.739350
15,85,221.329916
15,86,221.329916
15,87,221.329916
15,88,246.691530
15,89,273.778365
15,90,273.778365
15,91,273.778365
15,92,273.778365
15,93,273.778365
15,94,273.778365
15,95,273.884311
15,96,274.301192
15,97,274.301192
15,98,274.301192
15,99,279.066308
15,100,279.066308
15,101,279.066308
15,102,279.066308
15,103,279.066308
15,104,279.066308
15,105,279.066308
15,106,279.066308
15,107,279.066308
15,108,279.066308
15,109,279.066308
15,110,279.066308
15,111,279.066308
15,112,279.066308
15,113,279.066308
15,114,279.066308
15,115,279.066308
15,116,279.066308
15,117,279.066308
15,118,279.066308
15,119,279.066308
15,120,279.066308
15,121,279.066308
15,122,279.066308
15,123,279.066308
15,124,279.066308
15,125,279.066308
15,126,279.066308
15,127,279.066308
15,128,279.066308
15,129,279.066308
15,130,279.066308
15,131,279.066308
15,132,279.066308
15,133,279.066308
15,134,279.066308
15,135,279.066308
15,136,279.066308
15,137,279.066308
15,138,279.066308
15,139,279.066308
15,140,279.066308
15,141,279.066308
15,142,279.066308
15,143,279.066308
15,144,279.066308
15,145,279.066308
15,146,279.066308
15,147,279.066308
15,148,279.066308
15,149,279.066308
15,150,279.066308
15,151,279.066308
15,152,279.066308
15,153,279.066308
15,154,279.066308
15,155,279.066308
15,156,279.066308
15,157,279.066308
15,158,279.066308
15,159,279.066308
15,160,279.066308
15,161,283.585787
15,162,288.717335
15,163,288.717335
15,164,288.717335
15,165,288.717335
15,166,288.717335
15,167,288.717335
15,168,300.102253
15,169,300.102253
15,170,300.102253
15,171,300.102253
15,172,300.102253
15,173,300.102253
15,174,300.102253
15,175,300.102253
15,176,300.102253
15,177,300.102253
15,178,300.102253
15,179,300.102253
15,180,300.102253
15,181,300.102253
15,182,300.102253
15,183,300.102253
15,184,300.102253
15,185,300.102253
15,186,300.102253
15,187,300.102253
15,188,300.102253
15,189,300.102253
15,190,300.102253
15,191,300.102253
15,192,300.466289
15,193,300.466289
15,194,300.466289
15,195,300.466289
15,196,322.236365
15,197,322.236365
15,198,322.236365
15,199,322.236365
15,200,322.236365
15,201,322.236365
15,202,322.236365
15,203,322.236365
15,204,322.236365
15,205,322.236365
15,206,322.236365
15,207,322.236365
15,208,322.236365
15,209,322.236365
15,210,322.236365
15,211,322.236365
15,212,322.236365
15,213,322.236365
15,214,322.236365
15,215,322.236365
15,216,322.236365
15,217,322.236365
15,218,322.236365
15,219,322.236365
15,220,337.878605
15,221,337.878605
15,222,337.878605
15,223,359.828712
15,224,359.828712
15,225,359.828712
15,226,359.828712
15,227,359.828712
15,228,359.828712
15,229,359.828712
15,230,359.828712
15,231,359.828712
15,232,359.828712
15,233,359.828712
15,234,359.828712
15,235,359.828712
15,236,359.828712
15,237,359.828712
15,238,359.828712
15,239,359.828712
15,240,359.828712
15,241,359.828712
15,242,359.828712
15,243,359.828712
15,244,359.828712
15,245,359.828712
15,246,359.828712
15,247,359.828712
15,248,359.828712
15,249,359.828712
15,250,370.085264
15,251,370.085264
15,252,370.085264
15,253,370.085264
15,254,370.085264
15,255,370.085264
15,256,370.085264
15,257,370.085264
15,258,370.085264
15,259,370.085264
15,260,370.085264
15,261,370.085264
15,262,370.085264
15,263,370.085264
15,264,370.085264
15,265,370.085264
15,266,370.085264
15,267,370.085264
15,268,370.085264
15,269,370.085264
15,270,370.085264
15,271,370.085264
15,272,370.085264
15,273,370.085264
15,274,370.085264
15,275,370.085264
15,276,370.085264
15,277,370.085264
15,278,370.085264
15,279,370.085264
15,280,370.085264
15,281,370.085264
15,282,370.085264
15,283,370.085264
15,284,383.443115
15,285,383.443115
15,286,383.443115
15,287,383.443115
15,288,383.443115
15,289,383.443115
15,290,383.443115
15,291,383.443115
15,292,383.443115
15,293,383.443115
15,294,383.443115
15,295,383.443115
15,296,383.443115
15,297,383.443115
15,298,383.443115
15,299,383.443115
15,300,383.443115
15,301,383.443115
15,302,383.443115
15,303,383.443115
15,304,383.443115
15,305,383.443115
15,306,383.443115
15,307,383.443115
15,308,383.443115
15,309,383.443115
15,310,383.443115
15,311,383.443115
15,312,383.443115
15,313,383.443115
15,314,383.443115
15,315,383.443115
15,316,383.443115
15,317,383.443115
15,318,383.443115
15,319,383.443115
15,320,383.802794
15,321,383.802794
15,322,384.222974
15,323,384.222974
15,324,384.222974
15,325,384.222974
15,326,384.222974
15,327,384.222974
15,328,384.222974
15,329,384.222974
15,330,384.222974
15,331,384.222974
15,332,384.222974
15,333,384.222974
15,334,384.222974
15,335,384.222974
15,336,384.222974
15,337,384.222974
15,338,384.222974
15,339,384.222974
15,340,384.222974
15,341,384.222974
15,342,384.222974
15,343,384.222974
15,344,384.222974
15,345,384.222974
15,346,384.222974
15,347,384.222974
15,348,384.222974
15,349,384.222974
15,350,384.222974
15,351,384.222974
15,352,384.222974
15,353,384.222974
15,354,384.222974
15,355,384.222974
15,356,384.222974
15,357,384.222974
15,358,384.222974
15,359,384.222974
15,360,384.222974
15,361,384.222974
15,362,384.222974
15,363,384.222974
15,364,384.222974
15,365,384.222974
15,366,384.222974
15,367,384.222974
15,368,384.222974
15,369,384.222974
15,370,384.222974
15,371,384.222974
15,372,384.222974
15,373,384.222974
15,374,384.222974
15,375,384.222974
15,376,384.222974
15,377,384.222974
15,378,384.222974
15,379,384.222974
15,380,384.222974
15,381,384.222974
15,382,384.222974
15,383,384.222974
15,384,384.222974
15,385,384.222974
15,386,384.222974
15,387,384.222974
15,388,384.222974
15,389,384.222974
15,390,384.222974
15,391,384.222974
15,392,384.222974
15,393,384.222974
15,394,422.999735
15,395,422.999735
15,396,422.999735
15,397,422.999735
15,398,422.999735
15,399,422.999735
15,400,422.999735
15,401,422.999735
15,402,422.999735
15,403,422.999735
15,404,422.999735
15,405,422.999735
15,406,422.999735
15,407,422.999735
15,408,422.999735
15,409,422.999735
15,410,422.999735
15,411,422.999735
15,412,422.999735
15,413,422.999735
15,414,422.999735
15,415,422.999735
15,416,422.999735
15,417,422.999735
15,418,422.999735
15,419,422.999735
15,420,422.999735
15,421,422.999735
15,422,422.999735
15,423,422.999735
15,424,422.999735
15,425,422.999735
15,426,422.999735
15,427,422.999735
15,428,422.999735
15,429,422.999735
15,430,422.999735
15,431,422.999735
15,432,422.999735
15,433,422.999735
15,434,422.999735
15,435,422.999735
15,436,422.999735
15,437,422.999735
15,438,422.999735
15,439,422.999735
15,440,422.999735
15,441,422.999735
15,442,422.999735
15,443,422.999735
15,444,422.999735
15,445,422.999735
15,446,422.999735
15,447,422.999735
15,448,422.999735
15,449,422.999735
15,450,422.999735
15,451,422.999735
15,452,422.999735
15,453,422.999735
15,454,422.999735
15,455,422.999735
15,456,422.999735
15,457,422.999735
15,458,422.999735
15,459,422.999735
15,460,422.999735
15,461,422.999735
15,462,422.999735
15,463,422.999735
15,464,422.999735
15,465,422.999735
15,466,422.999735
15,467,422.999735
15,468,422.999735
15,469,422.999735
15,470,422.999735
15,471,422.999735
15,472,422.999735
15,473,422.999735
15,474,422.999735
15,475,422.999735
15,476,422.999735
15,477,422.999735
15,478,422.999735
15,479,422.999735
15,480,422.999735
15,481,422.999735
15,482,422.999735
15,483,422.999735
15,484,422.999735
15,485,422.999735
15,486,422.999735
15,487,422.999735
15,488,426.395777
15,489,426.395777
15,490,426.395777
15,491,426.395777
15,492,426.395777
15,493,426.395777
15,494,426.395777
15,495,426.395777
15,496,426.395777
15,497,426.395777
15,498,426.395777
15,499,426.395777
15,500,426.395777
15,501,426.395777
15,502,426.395777
15,503,426.395777
15,504,426.395777
15,505,426.395777
15,506,426.395777
15,507,426.395777
15,508,426.395777
15,509,426.395777
15,510,426.395777
15,511,426.395777
15,512,426.395777
15,513,426.395777
15,514,426.395777
15,515,426.395777
15,516,426.395777
15,517,426.395777
15,518,426.395777
15,519,426.395777
15,520,426.395777
15,521,426.395777
15,522,426.395777
15,523,426.395777
15,524,426.395777
15,525,426.395777
15,526,426.395777
15,527,426.395777
15,528,426.395777
15,529,426.395777
15,530,426.395777
15,531,426.395777
15,532,426.395777
15,533,426.395777
15,534,426.395777
15,535,426.395777
15,536,426.395777
15,537,426.395777
15,538,426.395777
15,539,426.395777
15,540,426.395777
15,541,426.395777
15,542,426.395777
15,543,426.395777
15,544,426.395777
15,545,426.395777
15,546,426.395777
15,547,426.395777
15,548,426.395777
15,549,426.395777
15,550,426.395777
15,551,426.395777
15,552,426.395777
15,553,426.395777
15,554,426.395777
15,555,426.395777
15,556,426.395777
15,557,426.395777
15,558,426.395777
15,559,426.395777
15,560,426.395777
15,561,426.395777
15,562,426.395777
15,563,426.395777
15,564,426.395777
15,565,426.395777
15,566,426.395777
15,567,426.395777
15,568,426.395777
15,569,426.395777
15,570,426.395777
15,571,426.395777
15,572,426.395777
15,573,426.395777
15,574,426.395777
15,575,426.395777
15,576,426.395777
15,577,426.395777
15,578,426.395777
15,579,426.395777
15,580,426.395777
15,581,426.395777
15,582,426.395777
15,583,426.395777
15,584,426.395777
15,585,426.395777
15,586,426.395777
15,587,426.395777
15,588,426.395777
15,589,426.395777
15,590,426.395777
15,591,426.395777
15,592,426.395777
15,593,426.395777
15,594,426.395777
15,595,426.395777
15,596,426.395777
15,597,426.395777
15,598,426.395777
15,599,426.395777
15,600,426.395777
15,601,426.395777
15,602,426.395777
15,603,426.395777
15,604,426.395777
15,605,426.395777
15,606,426.395777
15,607,426.395777
15,608,426.395777
15,609,426.395777
15,610,426.395777
15,611,426.395777
15,612,426.395777
15,613,426.395777
15,614,426.395777
15,615,426.395777
15,616,426.395777
15,617,426.395777
15,618,426.395777
15,619,426.395777
15,620,426.395777
15,621,426.395777
15,622,426.395777
15,623,426.395777
15,624,426.395777
15,625,426.395777
15,626,426.395777
15,627,426.395777
15,628,426.395777
15,629,426.395777
15,630,426.395777
15,631,426.395777
15,632,426.395777
15,633,426.395777
15,634,426.395777
15,635,426.395777
15,636,426.395777
15,637,426.395777
15,638,426.395777
15,639,426.395777
15,640,426.395777
15,641,426.395777
15,642,426.395777
15,643,426.395777
15,644,426.395777
15,645,426.395777
15,646,426.395777
15,647,426.395777
15,648,426.395777
15,649,426.395777
15,650,426.395777
15,651,426.395777
15,652,426.395777
15,653,426.395777
15,654,426.395777
15,655,426.395777
15,656,426.395777
15,657,426.395777
15,658,474.332521
15,659,497.076152
15,660,497.076152
15,661,497.076152
15,662,497.076152
15,663,497.076152
15,664,497.076152
15,665,497.076152
15,666,497.076152
15,667,497.076152
15,668,497.076152
15,669,497.076152
15,670,497.076152
15,671,497.076152
15,672,497.076152
15,673,497.076152
15,674,497.076152
15,675,497.076152
15,676,497.076152
15,677,497.076152
15,678,497.076152
15,679,497.076152
15,680,497.076152
15,681,497.076152
15,682,497.076152
15,683,497.076152
15,684,497.076152
15,685,497.076152
15,686,497.076152
15,687,497.076152
15,688,497.076152
15,689,497.076152
15,690,497.076152
15,691,497.076152
15,692,497.076152
15,693,497.076152
15,694,497.076152
15,695,497.076152
15,696,497.076152
15,697,497.076152
15,698,497.076152
15,699,497.076152
15,700,497.076152
15,701,497.076152
15,702,497.076152
15,703,497.076152
15,704,497.076152
15,705,497.076152
15,706,497.076152
15,707,497.076152
15,708,497.076152
15,709,497.076152
15,710,497.076152
15,711,497.076152
15,712,497.076152
15,713,497.076152
15,714,497.076152
15,715,497.076152
15,716,497.076152
15,717,497.076152
15,718,502.692879
15,719,502.692879
15,720,502.692879
15,721,502.692879
15,722,502.692879
15,723,502.692879
15,724,502.692879
15,725,502.692879
15,726,502.692879
15,727,502.692879
15,728,502.692879
15,729,502.692879
15,730,502.692879
15,731,502.692879
15,732,502.692879
15,733,502.692879
15,734,502.692879
15,735,502.692879
15,736,502.692879
15,737,502.692879
15,738,502.692879
15,739,502.692879
15,740,502.692879
15,741,502.692879
15,742,502.692879
15,743,502.692879
15,744,502.692879
15,745,502.692879
15,746,502.692879
15,747,502.692879
15,748,502.692879
15,749,502.692879
15,750,502.692879
15,751,502.692879
15,752,502.692879
15,753,502.692879
15,754,502.692879
15,755,502.692879
15,756,502.692879
15,757,502.692879
15,758,502.692879
15,759,502.692879
15,760,502.692879
15,761,502.692879
15,762,502.692879
15,763,502.692879
15,764,502.692879
15,765,502.692879
15,766,502.692879
15,767,502.692879
15,768,502.692879
15,769,502.692879
15,770,502.692879
15,771,502.692879
15,772,502.692879
15,773,502.692879
15,774,502.692879
15,775,502.692879
15,776,502.692879
15,777,502.692879
15,778,502.692879
15,779,502.692879
15,780,502.692879
15,781,502.692879
15,782,502.692879
15,783,502.692879
15,784,502.692879
15,785,502.692879
15,786,502.692879
15,787,502.692879
15,788,502.692879
15,789,504.587402
15,790,504.587402
15,791,504.587402
15,792,504.587402
15,793,504.587402
15,794,504.587402
15,795,504.587402
15,796,504.587402
15,797,504.587402
15,798,504.587402
15,799,504.587402
15,800,504.587402
15,801,504.587402
15,802,504.587402
15,803,504.587402
15,804,504.587402
15,805,504.587402
15,806,504.587402
15,807,504.587402
15,808,504.587402
15,809,504.587402
15,810,504.587402
15,811,504.587402
15,812,504.587402
15,813,504.587402
15,814,504.587402
15,815,504.587402
15,816,504.587402
15,817,504.587402
15,818,504.587402
15,819,504.587402
15,820,504.587402
15,821,504.587402
15,822,504.587402
15,823,504.587402
15,824,504.587402
15,825,504.587402
15,826,504.587402
15,827,509.954719
15,828,509.954719
15,829,509.954719
15,830,509.954719
15,831,509.954719
15,832,509.954719
15,833,509.954719
15,834,509.954719
15,835,509.954719
15,836,509.954719
15,837,509.954719
15,838,509.954719
15,839,509.954719
15,840,509.954719
15,841,509.954719
15,842,509.954719
15,843,509.954719
15,844,509.954719
15,845,509.954719
15,846,509.954719
15,847,509.954719
15,848,509.954719
15,849,509.954719
15,850,509.954719
15,851,509.954719
15,852,509.954719
15,853,509.954719
15,854,509.954719
15,855,509.954719
15,856,509.954719
15,857,509.954719
15,858,509.954719
15,859,509.954719
15,860,509.954719
15,861,509.954719
15,862,509.954719
15,863,509.954719
15,864,509.954719
15,865,509.954719
15,866,509.954719
15,867,509.954719
15,868,509.954719
15,869,509.954719
15,870,509.954719
15,871,509.954719
15,872,509.954719
15,873,509.954719
15,874,509.954719
15,875,509.954719
15,876,509.954719
15,877,509.954719
15,878,509.954719
15,879,509.954719
15,880,509.954719
15,881,509.954719
15,882,509.954719
15,883,509.954719
15,884,509.954719
15,885,509.954719
15,886,509.954719
15,887,509.954719
15,888,509.954719
15,889,509.954719
15,890,509.954719
15,891,509.954719
15,892,509.954719
15,893,509.954719
15,894,509.954719
15,895,509.954719
15,896,509.954719
15,897,509.954719
15,898,509.954719
15,899,509.954719
15,900,509.954719
15,901,509.954719
15,902,509.954719
15,903,509.954719
15,904,509.954719
15,905,509.954719
15,906,509.954719
15,907,509.954719
15,908,509.954719
15,909,509.954719
15,910,509.954719
15,911,509.954719
15,912,509.954719
15,913,509.954719
15,914,509.954719
15,915,509.954719
15,916,509.954719
15,917,509.954719
15,918,509.954719
15,919,509.954719
15,920,509.954719
15,921,509.954719
15,922,509.954719
15,923,509.954719
15,924,509.954719
15,925,509.954719
15,926,509.954719
15,927,509.954719
15,928,509.954719
15,929,509.954719
15,930,509.954719
15,931,509.954719
15,932,509.954719
15,933,509.954719
15,934,509.954719
15,935,509.954719
15,936,509.954719
15,937,509.954719
15,938,509.954719
15,939,509.954719
15,940,509.954719
15,941,509.954719
15,942,509.954719
15,943,509.954719
15,944,509.954719
15,945,509.954719
15,946,509.954719
15,947,509.954719
15,948,509.954719
15,949,509.954719
15,950,509.954719
15,951,509.954719
15,952,509.954719
15,953,509.954719
15,954,509.954719
15,955,509.954719
15,956,509.954719
15,957,509.954719
15,958,509.954719
15,959,509.954719
15,960,509.954719
15,961,509.954719
15,962,509.954719
15,963,509.954719
15,964,509.954719
15,965,509.954719
15,966,509.954719
15,967,509.954719
15,968,509.954719
15,969,509.954719
15,970,509.954719
15,971,509.954719
15,972,509.954719
15,973,509.954719
15,974,509.954719
15,975,509.954719
15,976,509.954719
15,977,509.954719
15,978,509.954719
15,979,509.954719
15,980,509.954719
15,981,509.954719
15,982,509.954719
15,983,509.954719
15,984,509.954719
15,985,509.954719
15,986,509.954719
15,987,509.954719
15,988,509.954719
15,989,509.954719
15,990,509.954719
15,991,509.954719
15,992,509.954719
15,993,509.954719
15,994,509.954719
15,995,509.954719
15,996,509.954719
15,997,509.954719
15,998,509.954719
15,999,509.954719
16,0,114.829058
16,1,114.829058
16,2,114.829058
16,3,138.379793
16,4,153.913569
16,5,153.913569
16,6,153.913569
16,7,153.913569
16,8,153.913569
16,9,153.913569
16,10,157.870173
16,11,162.395898
16,12,180.903117
16,13,180.903117
16,14,180.903117
16,15,180.903117
16,16,180.903117
16,17,180.903117
16,18,180.903117
16,19,180.903117
16,20,180.903117
16,21,180.903117
16,22,180.903117
16,23,180.903117
16,24,180.903117
16,25,180.903117
16,26,180.903117
16,27,180.903117
16,28,180.903117
16,29,180.903117
16,30,180.903117
16,31,180.903117
16,32,180.903117
16,33,180.903117
16,34,180.903117
16,35,180.903117
16,36,180.903117
16,37,180.903117
16,38,180.903117
16,39,180.903117
16,40,180.903117
16,41,180.903117
16,42,180.903117
16,43,180.903117
16,44,180.903117
16,45,180.903117
16,46,180.903117
16,47,180.903117
16,48,180.903117
16,49,180.903117
16,50,180.903117
16,51,180.903117
16,52,180.903117
16,53,180.903117
16,54,180.903117
16,55,180.903117
16,56,180.903117
16,57,180.903117
16,58,180.903117
16,59,180.903117
16,60,180.903117
16,61,180.903117
16,62,180.903117
16,63,180.903117
16,64,180.903117
16,65,180.903117
16,66,180.903117
16,67,180.903117
16,68,180.903117
16,69,180.903117
16,70,180.903117
16,71,180.903117
16,72,180.903117
16,73,180.903117
16,74,180.903117
16,75,180.903117
16,76,180.903117
16,77,180.903117
16,78,180.903117
16,79,180.903117
16,80,180.903117
16,81,180.903117
16,82,180.903117
16,83,180.903117
16,84,180.903117
16,85,180.903117
16,86,180.903117
16,87,180.903117
16,88,180.903117
16,89,180.903117
16,90,180.903117
16,91,180.903117
16,92,180.903117
16,93,180.903117
16,94,180.903117
16,95,180.903117
16,96,180.903117
16,97,180.903117
16,98,180.903117
16,99,180.903117
16,100,180.903117
16,101,180.903117
16,102,180.903117
16,103,180.903117
16,104,180.903117
16,105,180.903117
16,106,180.903117
16,107,180.903117
16,108,180.903117
16,109,180.903117
16,110,180.903117
16,111,180.903117
16,112,180.903117
16,113,180.903117
16,114,180.903117
16,115,180.903117
16,116,180.903117
16,117,180.903117
16,118,180.903117
16,119,180.903117
16,120,180.903117
16,121,180.903117
16,122,180.903117
16,123,180.903117
16,124,190.485152
16,125,190.485152
16,126,190.485152
16,127,190.485152
16,128,190.485152
16,129,190.485152
16,130,190.485152
16,131,190.485152
16,132,190.485152
16,133,190.485152
16,134,190.485152
16,135,190.485152
16,136,190.485152
16,137,190.485152
16,138,190.485152
16,139,198.348737
16,140,198.348737
16,141,203.246075
16,142,213.857174
16,143,213.857174
16,144,218.082074
16,145,218.082074
16,146,218.082074
16,147,249.847998
16,148,249.847998
16,149,249.847998
16,150,249.847998
16,151,249.847998
16,152,249.847998
16,153,249.847998
16,154,249.847998
16,155,249.847998
16,156,255.176204
16,157,255.176204
16,158,255.176204
16,159,255.176204
16,160,256.551988
16,161,256.551988
16,162,256.551988
16,163,256.551988
16,164,256.551988
16,165,256.551988
16,166,256.551988
16,167,256.688584
16,168,256.688584
16,169,256.688584
16,170,256.688584
16,171,264.836630
16,172,264.836630
16,173,264.836630
16,174,264.836630
16,175,264.836630
16,176,264.836630
16,177,267.605007
16,178,286.125202
16,179,286.125202
16,180,286.125202
16,181,286.125202
16,182,286.125202
16,183,288.937727
16,184,288.937727
16,185,288.937727
16,186,288.937727
16,187,291.777206
16,188,291.777206
16,189,291.777206
16,190,291.777206
16,191,291.777206
16,192,293.988023
16,193,293.988023
16,194,293.988023
16,195,293.988023
16,196,293.988023
16,197,344.059743
16,198,344.059743
16,199,344.059743
16,200,344.059743
16,201,344.059743
16,202,344.059743
16,203,344.059743
16,204,370.350525
16,205,370.350525
16,206,370.350525
16,207,374.175429
16,208,385.752764
16,209,385.752764
16,210,385.752764
16,211,385.752764
16,212,385.752764
16,213,385.752764
16,214,385.752764
16,215,385.752764
16,216,392.085562
16,217,392.085562
16,218,392.085562
16,219,392.085562
16,220,392.085562
16,221,409.932610
16,222,409.932610
16,223,409.932610
16,224,409.932610
16,225,409.932610
16,226,409.932610
16,227,409.932610
16,228,409.932610
16,229,409.932610
16,230,409.932610
16,231,409.932610
16,232,409.932610
16,233,409.932610
16,234,409.932610
16,235,409.932610
16,236,432.979238
16,237,432.979238
16,238,432.979238
16,239,432.979238
16,240,432.979238
16,241,432.979238
16,242,432.979238
16,243,432.979238
16,244,432.979238
16,245,432.979238
16,246,432.979238
16,247,432.979238
16,248,432.979238
16,249,432.979238
16,250,432.979238
16,251,432.979238
16,252,432.979238
16,253,432.979238
16,254,432.979238
16,255,432.979238
16,256,432.979238
16,257,432.979238
16,258,432.979238
16,259,432.979238
16,260,432.979238
16,261,432.979238
16,262,432.979238
16,263,432.979238
16,264,432.979238
16,265,432.979238
16,266,432.979238
16,267,432.979238
16,268,432.979238
16,269,432.979238
16,270,432.979238
16,271,432.979238
16,272,446.845807
16,273,446.845807
16,274,446.845807
16,275,446.845807
16,276,446.845807
16,277,446.845807
16,278,446.845807
16,279,446.845807
16,280,446.845807
16,281,446.845807
16,282,446.845807
16,283,446.845807
16,284,446.845807
16,285,446.845807
16,286,446.845807
16,287,446.845807
16,288,446.845807
16,289,446.845807
16,290,446.845807
16,291,446.845807
16,292,446.845807
16,293,446.845807
16,294,446.845807
16,295,446.845807
16,296,446.845807
16,297,446.845807
16,298,446.845807
16,299,446.845807
16,300,446.845807
16,301,458.234857
16,302,458.234857
16,303,458.234857
16,304,458.234857
16,305,458.234857
16,306,458.234857
16,307,458.234857
16,308,458.234857
16,309,458.234857
16,310,458.234857
16,311,458.234857
16,312,458.234857
16,313,458.234857
16,314,458.234857
16,315,458.234857
16,316,458.234857
16,317,458.234857
16,318,458.234857
16,319,458.234857
16,320,458.234857
16,321,458.234857
16,322,458.234857
16,323,458.234857
16,324,499.410997
16,325,499.410997
16,326,499.410997
16,327,499.410997
16,328,502.847312
16,329,502.847312
16,330,502.847312
16,331,502.847312
16,332,502.847312
16,333,502.847312
16,334,502.847312
16,335,502.847312
16,336,502.847312
16,337,502.847312
16,338,502.847312
16,339,502.847312
16,340,502.847312
16,341,502.847312
16,342,502.847312
16,343,502.847312
16,344,502.847312
16,345,502.847312
16,346,502.847312
16,347,502.847312
16,348,502.847312
16,349,502.847312
16,350,502.847312
16,351,502.847312
16,352,502.847312
16,353,502.847312
16,354,502.847312
16,355,502.847312
16,356,502.847312
16,357,502.847312
16,358,502.847312
16,359,502.847312
16,360,502.847312
16,361,502.847312
16,362,502.847312
16,363,502.847312
16,364,502.847312
16,365,502.847312
16,366,502.847312
16,367,502.847312
16,368,502.847312
16,369,502.847312
16,370,502.847312
16,371,502.847312
16,372,502.847312
16,373,502.847312
16,374,502.847312
16,375,502.847312
16,376,502.847312
16,377,502.847312
16,378,502.847312
16,379,502.847312
16,380,502.847312
16,381,502.847312
16,382,502.847312
16,383,502.847312
16,384,502.847312
16,385,502.847312
16,386,502.847312
16,387,502.847312
16,388,502.847312
16,389,502.847312
16,390,502.847312
16,391,502.847312
16,392,507.652405
16,393,507.652405
16,394,507.652405
16,395,507.652405
16,396,507.652405
16,397,507.652405
16,398,507.652405
16,399,507.652405
16,400,507.652405
16,401,507.652405
16,402,507.652405
16,403,507.652405
16,404,507.652405
16,405,507.652405
16,406,507.652405
16,407,507.652405
16,408,507.652405
16,409,507.652405
16,410,507.652405
16,411,507.652405
16,412,507.652405
16,413,507.652405
16,414,507.652405
16,415,507.652405
16,416,507.652405
16,417,507.652405
16,418,507.652405
16,419,507.652405
16,420,507.652405
16,421,507.652405
16,422,507.652405
16,423,507.652405
16,424,507.652405
16,425,507.652405
16,426,507.652405
16,427,507.652405
16,428,507.652405
16,429,507.652405
16,430,507.652405
16,431,507.652405
16,432,507.652405
16,433,507.652405
16,434,507.652405
16,435,507.652405
16,436,507.652405
16,437,507.652405
16,438,507.652405
16,439,507.652405
16,440,507.652405
16,441,507.652405
16,442,507.652405
16,443,507.652405
16,444,507.652405
16,445,507.652405
16,446,507.652405
16,447,507.652405
16,448,507.652405
16,449,507.652405
16,450,507.652405
16,451,507.652405
16,452,507.652405
16,453,507.652405
16,454,507.652405
16,455,507.652405
16,456,507.652405
16,457,507.652405
16,458,507.652405
16,459,507.652405
16,460,507.652405
16,461,507.652405
16,462,507.652405
16,463,507.652405
16,464,507.652405
16,465,507.652405
16,466,507.652405
16,467,507.652405
16,468,507.652405
16,469,507.652405
16,470,507.652405
16,471,507.652405
16,472,507.652405
16,473,507.652405
16,474,507.652405
16,475,507.652405
16,476,507.652405
16,477,507.652405
16,478,507.652405
16,479,507.652405
16,480,507.652405
16,481,507.652405
16,482,507.652405
16,483,507.652405
16,484,507.652405
16,485,507.652405
16,486,507.652405
16,487,507.652405
16,488,507.652405
16,489,507.652405
16,490,507.652405
16,491,507.652405
16,492,507.652405
16,493,507.652405
16,494,507.652405
16,495,507.652405
16,496,507.652405
16,497,507.652405
16,498,507.652405
16,499,507.652405
16,500,507.652405
16,501,507.652405
16,502,507.652405
16,503,507.652405
16,504,507.652405
16,505,507.652405
16,506,507.652405
16,507,507.652405
16,508,507.652405
16,509,507.652405
16,510,507.652405
16,511,507.652405
16,512,507.652405
16,513,507.652405
16,514,507.652405
16,515,507.652405
16,516,507.652405
16,517,507.652405
16,518,507.652405
16,519,507.652405
16,520,507.652405
16,521,507.652405
16,522,507.652405
16,523,507.652405
16,524,507.652405
16,525,507.652405
16,526,507.652405
16,527,507.652405
16,528,507.652405
16,529,507.652405
16,530,507.652405
16,531,507.652405
16,532,507.652405
16,533,507.652405
16,534,507.652405
16,535,507.652405
16,536,507.652405
16,537,507.652405
16,538,507.652405
16,539,507.652405
16,540,507.652405
16,541,507.652405
16,542,507.652405
16,543,507.652405
16,544,507.652405
16,545,507.652405
16,546,507.652405
16,547,507.652405
16,548,507.652405
16,549,507.652405
16,550,507.652405
16,551,507.652405
16,552,507.652405
16,553,507.652405
16,554,507.652405
16,555,507.652405
16,556,507.652405
16,557,507.652405
16,558,507.652405
16,559,507.652405
16,560,507.652405
16,561,507.652405
16,562,507.652405
16,563,507.652405
16,564,507.652405
16,565,507.652405
16,566,507.652405
16,567,507.652405
16,568,507.652405
16,569,507.652405
16,570,507.652405
16,571,507.652405
16,572,507.652405
16,573,507.652405
16,574,507.652405
16,575,507.652405
16,576,507.652405
16,577,507.652405
16,578,507.652405
16,579,507.652405
16,580,507.652405
16,581,507.652405
16,582,507.652405
16,583,507.652405
16,584,507.652405
16,585,507.652405
16,586,507.652405
16,587,507.652405
16,588,507.652405
16,589,507.652405
16,590,507.652405
16,591,507.652405
16,592,507.652405
16,593,507.652405
16,594,507.652405
16,595,507.652405
16,596,507.652405
16,597,507.652405
16,598,507.652405
16,599,507.652405
16,600,507.652405
16,601,507.652405
16,602,507.652405
16,603,507.652405
16,604,507.652405
16,605,507.652405
16,606,507.652405
16,607,507.652405
16,608,507.652405
16,609,507.652405
16,610,507.652405
16,611,507.652405
16,612,507.652405
16,613,507.652405
16,614,507.652405
16,615,507.652405
16,616,507.652405
16,617,507.652405
16,618,507.652405
16,619,507.652405
16,620,507.652405
16,621,507.652405
16,622,507.652405
16,623,507.652405
16,624,507.652405
16,625,507.652405
16,626,507.652405
16,627,507.652405
16,628,507.652405
16,629,507.652405
16,630,507.652405
16,631,507.652405
16,632,507.652405
16,633,507.652405
16,634,507.652405
16,635,507.652405
16,636,507.652405
16,637,507.652405
16,638,507.652405
16,639,507.652405
16,640,507.652405
16,641,507.652405
16,642,507.652405
16,643,507.652405
16,644,507.652405
16,645,507.652405
16,646,507.652405
16,647,507.652405
16,648,507.652405
16,649,507.652405
16,650,507.652405
16,651,507.652405
16,652,507.652405
16,653,507.652405
16,654,507.652405
16,655,507.652405
16,656,507.652405
16,657,507.652405
16,658,507.652405
16,659,507.652405
16,660,507.652405
16,661,507.652405
16,662,507.652405
16,663,507.652405
16,664,507.652405
16,665,507.652405
16,666,507.652405
16,667,507.652405
16,668,507.652405
16,669,507.652405
16,670,507.652405
16,671,507.652405
16,672,507.652405
16,673,507.652405
16,674,507.652405
16,675,507.652405
16,676,507.652405
16,677,507.652405
16,678,507.652405
16,679,507.652405
16,680,507.652405
16,681,507.652405
16,682,507.652405
16,683,507.652405
16,684,507.652405
16,685,507.652405
16,686,507.652405
16,687,507.652405
16,688,507.652405
16,689,507.652405
16,690,507.652405
16,691,507.652405
16,692,507.652405
16,693,507.652405
16,694,507.652405
16,695,507.652405
16,696,507.652405
16,697,507.652405
16,698,507.652405
16,699,507.652405
16,700,507.652405
16,701,507.652405
16,702,507.652405
16,703,507.652405
16,704,507.652405
16,705,507.652405
16,706,507.652405
16,707,507.652405
16,708,507.652405
16,709,507.652405
16,710,507.652405
16,711,507.652405
16,712,507.652405
16,713,507.652405
16,714,507.652405
16,715,507.652405
16,716,507.652405
16,717,507.652405
16,718,507.652405
16,719,507.652405
16,720,507.652405
16,721,507.652405
16,722,507.652405
16,723,507.652405
16,724,507.652405
16,725,507.652405
16,726,507.652405
16,727,507.652405
16,728,507.652405
16,729,507.652405
16,730,507.652405
16,731,507.652405
16,732,507.652405
16,733,507.652405
16,734,507.652405
16,735,507.652405
16,736,507.652405
16,737,507.652405
16,738,507.652405
16,739,507.652405
16,740,507.652405
16,741,507.652405
16,742,507.652405
16,743,507.652405
16,744,507.652405
16,745,507.652405
16,746,507.652405
16,747,507.652405
16,748,507.652405
16,749,507.652405
16,750,507.652405
16,751,507.652405
16,752,507.652405
16,753,507.652405
16,754,507.652405
16,755,507.652405
16,756,507.652405
16,757,507.652405
16,758,507.652405
16,759,507.652405
16,760,507.652405
16,761,507.652405
16,762,507.652405
16,763,507.652405
16,764,507.652405
16,765,507.652405
16,766,507.652405
16,767,507.652405
16,768,507.652405
16,769,507.652405
16,770,507.652405
16,771,507.652405
16,772,507.652405
16,773,507.652405
16,774,507.652405
16,775,507.652405
16,776,507.652405
16,777,507.652405
16,778,507.652405
16,779,507.652405
16,780,507.652405
16,781,507.652405
16,782,507.652405
16,783,507.652405
16,784,507.652405
16,785,507.652405
16,786,507.652405
16,787,507.652405
16,788,507.652405
16,789,507.652405
16,790,507.652405
16,791,507.652405
16,792,507.652405
16,793,507.652405
16,794,507.652405
16,795,507.652405
16,796,507.652405
16,797,507.652405
16,798,507.652405
16,799,507.652405
16,800,507.652405
16,801,507.652405
16,802,507.652405
16,803,507.652405
16,804,507.652405
16,805,507.652405
16,806,507.652405
16,807,507.652405
16,808,507.652405
16,809,507.652405
16,810,507.652405
16,811,507.652405
16,812,507.652405
16,813,507.652405
16,814,507.652405
16,815,507.652405
16,816,507.652405
16,817,507.652405
16,818,507.652405
16,819,507.652405
16,820,507.652405
16,821,507.652405
16,822,507.652405
16,823,507.652405
16,824,507.652405
16,825,507.652405
16,826,507.652405
16,827,507.652405
16,828,507.652405
16,829,507.652405
16,830,507.652405
16,831,507.652405
16,832,507.652405
16,833,507.652405
16,834,507.652405
16,835,507.652405
16,836,507.652405
16,837,507.652405
16,838,507.652405
16,839,507.652405
16,840,507.652405
16,841,507.652405
16,842,507.652405
16,843,507.652405
16,844,507.652405
16,845,507.652405
16,846,507.652405
16,847,507.652405
16,848,507.652405
16,849,507.652405
16,850,507.652405
16,851,507.652405
16,852,507.652405
16,853,507.652405
16,854,507.652405
16,855,507.652405
16,856,507.652405
16,857,507.652405
16,858,507.652405
16,859,507.652405
16,860,507.652405
16,861,507.652405
16,862,507.652405
16,863,507.652405
16,864,507.652405
16,865,507.652405
16,866,507.652405
16,867,507.652405
16,868,507.652405
16,869,507.652405
16,870,507.652405
16,871,507.652405
16,872,507.652405
16,873,507.652405
16,874,507.652405
16,875,507.652405
16,876,507.652405
16,877,507.652405
16,878,507.652405
16,879,507.652405
16,880,507.652405
16,881,507.652405
16,882,507.652405
16,883,507.652405
16,884,507.652405
16,885,507.652405
16,886,507.652405
16,887,507.652405
16,888,507.652405
16,889,507.652405
16,890,507.652405
16,891,507.652405
16,892,507.652405
16,893,507.652405
16,894,507.652405
16,895,507.652405
16,896,507.652405
16,897,507.652405
16,898,507.652405
16,899,507.652405
16,900,507.652405
16,901,507.652405
16,902,507.652405
16,903,507.652405
16,904,507.652405
16,905,507.652405
16,906,507.652405
16,907,507.652405
16,908,507.652405
16,909,507.652405
16,910,507.652405
16,911,507.652405
16,912,507.652405
16,913,507.652405
16,914,507.652405
16,915,507.652405
16,916,507.652405
16,917,507.652405
16,918,507.652405
16,919,507.652405
16,920,507.652405
16,921,507.652405
16,922,507.652405
16,923,507.652405
16,924,507.652405
16,925,507.652405
16,926,507.652405
16,927,507.652405
16,928,507.652405
16,929,507.652405
16,930,507.652405
16,931,507.652405
16,932,507.652405
16,933,507.652405
16,934,507.652405
16,935,507.652405
16,936,507.652405
16,937,507.652405
16,938,507.652405
16,939,507.652405
16,940,507.652405
16,941,507.652405
16,942,507.652405
16,943,507.652405
16,944,507.652405
16,945,507.652405
16,946,507.652405
16,947,507.652405
16,948,507.652405
16,949,507.652405
16,950,507.652405
16,951,507.652405
16,952,507.652405
16,953,507.652405
16,954,507.652405
16,955,507.652405
16,956,507.652405
16,957,507.652405
16,958,507.652405
16,959,507.652405
16,960,507.652405
16,961,507.652405
16,962,507.652405
16,963,507.652405
16,964,507.652405
16,965,507.652405
16,966,507.652405
16,967,507.652405
16,968,507.652405
16,969,507.652405
16,970,507.652405
16,971,507.652405
16,972,507.652405
16,973,507.652405
16,974,507.652405
16,975,507.652405
16,976,507.652405
16,977,507.652405
16,978,507.652405
16,979,507.652405
16,980,507.652405
16,981,507.652405
16,982,507.652405
16,983,507.652405
16,984,507.652405
16,985,507.652405
16,986,507.652405
16,987,507.652405
16,988,507.652405
16,989,507.652405
16,990,507.652405
16,991,507.652405
16,992,507.652405
16,993,507.652405
16,994,507.652405
16,995,507.652405
16,996,507.652405
16,997,507.652405
16,998,507.652405
16,999,507.652405
17,0,146.946328
17,1,167.285418
17,2,167.285418
17,3,167.285418
17,4,167.285418
17,5,167.285418
17,6,167.285418
17,7,167.285418
17,8,167.285418
17,9,167.285418
17,10,167.285418
17,11,167.285418
17,12,167.285418
17,13,167.285418
17,14,167.285418
17,15,167.285418
17,16,167.285418
17,17,167.285418
17,18,167.285418
17,19,167.285418
17,20,167.285418
17,21,167.285418
17,22,167.285418
17,23,167.285418
17,24,167.285418
17,25,167.285418
17,26,167.285418
17,27,167.285418
17,28,167.285418
17,29,167.285418
17,30,167.285418
17,31,167.285418
17,32,167.285418
17,33,167.285418
17,34,167.285418
17,35,167.285418
17,36,167.285418
17,37,167.285418
17,38,167.285418
17,39,167.285418
17,40,167.285418
17,41,167.285418
17,42,167.285418
17,43,167.285418
17,44,167.285418
17,45,167.285418
17,46,167.285418
17,47,167.285418
17,48,167.285418
17,49,167.285418
17,50,167.285418
17,51,167.285418
17,52,167.285418
17,53,167.285418
17,54,167.285418
17,55,167.285418
17,56,167.285418
17,57,167.285418
17,58,167.285418
17,59,167.285418
17,60,167.285418
17,61,167.285418
17,62,167.285418
17,63,167.285418
17,64,167.285418
17,65,167.285418
17,66,167.285418
17,67,167.285418
17,68,167.285418
17,69,167.285418
17,70,167.285418
17,71,167.285418
17,72,167.285418
17,73,167.285418
17,74,167.285418
17,75,167.285418
17,76,167.285418
17,77,167.285418
17,78,167.285418
17,79,167.285418
17,80,167.285418
17,81,167.285418
17,82,167.285418
17,83,167.285418
17,84,167.285418
17,85,167.285418
17,86,167.285418
17,87,167.285418
17,88,187.519688
17,89,187.519688
17,90,187.519688
17,91,187.519688
17,92,187.519688
17,93,187.519688
17,94,187.519688
17,95,187.519688
17,96,187.519688
17,97,196.426237
17,98,196.426237
17,99,196.426237
17,100,199.326883
17,101,204.833338
17,102,204.833338
17,103,205.937431
17,104,205.937431
17,105,205.937431
17,106,211.120382
17,107,211.120382
17,108,211.120382
17,109,211.120382
17,110,220.343005
17,111,220.343005
17,112,220.343005
17,113,220.343005
17,114,220.343005
17,115,220.343005
17,116,224.585642
17,117,224.585642
17,118,224.585642
17,119,235.377960
17,120,235.377960
17,121,235.377960
17,122,235.377960
17,123,235.377960
17,124,235.377960
17,125,235.377960
17,126,235.377960
17,127,235.377960
17,128,238.259528
17,129,238.259528
17,130,243.172907
17,131,243.172907
17,132,243.172907
17,133,243.172907
17,134,243.172907
17,135,250.965700
17,136,250.965700
17,137,250.965700
17,138,250.965700
17,139,250.965700
17,140,251.965443
17,141,251.965443
17,142,251.965443
17,143,251.965443
17,144,251.965443
17,145,251.965443
17,146,251.965443
17,147,251.965443
17,148,251.965443
17,149,251.965443
17,150,251.965443
17,151,251.965443
17,152,251.965443
17,153,251.965443
17,154,251.965443
17,155,251.965443
17,156,251.965443
17,157,275.930057
17,158,275.930057
17,159,275.930057
17,160,275.930057
17,161,275.930057
17,162,275.930057
17,163,275.930057
17,164,275.930057
17,165,275.930057
17,166,275.930057
17,167,275.930057
17,168,275.930057
17,169,275.930057
17,170,275.930057
17,171,275.930057
17,172,275.930057
17,173,275.930057
17,174,275.930057
17,175,275.930057
17,176,275.930057
17,177,275.930057
17,178,275.930057
17,179,275.930057
17,180,275.930057
17,181,275.930057
17,182,275.930057
17,183,275.930057
17,184,275.930057
17,185,275.930057
17,186,275.930057
17,187,275.930057
17,188,275.930057
17,189,275.930057
17,190,275.930057
17,191,275.930057
17,192,275.930057
17,193,275.930057
17,194,275.930057
17,195,275.930057
17,196,275.930057
17,197,275.930057
17,198,275.930057
17,199,275.930057
17,200,275.930057
17,201,275.930057
17,202,275.930057
17,203,275.930057
17,204,275.930057
17,205,275.930057
17,206,275.930057
17,207,275.930057
17,208,275.930057
17,209,275.930057
17,210,275.930057
17,211,275.930057
17,212,275.930057
17,213,275.930057
17,214,275.930057
17,215,275.930057
17,216,275.930057
17,217,275.930057
17,218,275.930057
17,219,275.930057
17,220,276.598158
17,221,276.598158
17,222,276.598158
17,223,293.907999
17,224,293.907999
17,225,293.907999
17,226,293.907999
17,227,293.907999
17,228,293.907999
17,229,293.907999
17,230,293.907999
17,231,293.907999
17,232,293.907999
17,233,293.907999
17,234,293.907999
17,235,293.907999
17,236,293.907999
17,237,293.907999
17,238,293.907999
17,239,293.907999
17,240,293.907999
17,241,293.907999
17,242,293.907999
17,243,293.907999
17,244,293.907999
17,245,293.907999
17,246,293.907999
17,247,293.907999
17,248,293.907999
17,249,293.907999
17,250,293.907999
17,251,293.907999
17,252,293.907999
17,253,293.907999
17,254,293.907999
17,255,293.907999
17,256,293.907999
17,257,293.907999
17,258,293.907999
17,259,293.907999
17,260,293.907999
17,261,293.907999
17,262,293.907999
17,263,293.907999
17,264,293.907999
17,265,293.907999
17,266,293.907999
17,267,293.907999
17,268,293.907999
17,269,293.907999
17,270,293.907999
17,271,293.907999
17,272,293.907999
17,273,293.907999
17,274,293.907999
17,275,293.907999
17,276,293.907999
17,277,293.907999
17,278,293.907999
17,279,293.907999
17,280,293.907999
17,281,293.907999
17,282,293.907999
17,283,293.907999
17,284,293.907999
17,285,293.907999
17,286,293.907999
17,287,293.907999
17,288,293.907999
17,289,293.907999
17,290,293.907999
17,291,293.907999
17,292,293.907999
17,293,293.907999
17,294,293.907999
17,295,293.907999
17,296,293.907999
17,297,293.907999
17,298,293.907999
17,299,293.907999
17,300,293.907999
17,301,293.907999
17,302,293.907999
17,303,293.907999
17,304,296.355917
17,305,296.355917
17,306,296.355917
17,307,296.355917
17,308,296.355917
17,309,296.355917
17,310,296.355917
17,311,296.355917
17,312,296.355917
17,313,296.355917
17,314,296.355917
17,315,296.355917
17,316,296.355917
17,317,296.355917
17,318,296.355917
17,319,296.355917
17,320,296.355917
17,321,296.355917
17,322,296.355917
17,323,296.355917
17,324,296.355917
17,325,296.355917
17,326,296.355917
17,327,296.355917
17,328,296.355917
17,329,296.355917
17,330,296.355917
17,331,296.355917
17,332,296.355917
17,333,296.355917
17,334,296.355917
17,335,296.355917
17,336,296.355917
17,337,296.355917
17,338,306.629975
17,339,306.629975
17,340,306.629975
17,341,306.629975
17,342,326.089412
17,343,326.089412
17,344,326.089412
17,345,326.089412
17,346,326.089412
17,347,326.089412
17,348,326.089412
17,349,326.089412
17,350,334.053007
17,351,334.053007
17,352,334.053007
17,353,334.053007
17,354,334.053007
17,355,334.053007
17,356,334.053007
17,357,334.053007
17,358,334.053007
17,359,334.053007
17,360,334.053007
17,361,334.053007
17,362,334.053007
17,363,334.053007
17,364,339.420881
17,365,339.420881
17,366,367.792487
17,367,367.792487
17,368,367.792487
17,369,367.792487
17,370,367.792487
17,371,367.792487
17,372,386.793185
17,373,386.793185
17,374,386.793185
17,375,401.391414
17,376,401.391414
17,377,401.391414
17,378,401.391414
17,379,403.545276
17,380,403.545276
17,381,403.545276
17,382,433.070984
17,383,433.070984
17,384,433.070984
17,385,450.305302
17,386,450.305302
17,387,450.305302
17,388,450.305302
17,389,450.305302
17,390,450.305302
17,391,450.305302
17,392,450.305302
17,393,450.305302
17,394,450.305302
17,395,450.305302
17,396,450.305302
17,397,450.305302
17,398,450.305302
17,399,450.305302
17,400,450.305302
17,401,450.305302
17,402,450.305302
17,403,450.305302
17,404,450.305302
17,405,450.305302
17,406,450.305302
17,407,450.305302
17,408,450.305302
17,409,450.305302
17,410,450.305302
17,411,450.305302
17,412,450.305302
17,413,450.305302
17,414,450.305302
17,415,450.305302
17,416,450.305302
17,417,450.305302
17,418,450.305302
17,419,450.305302
17,420,450.305302
17,421,450.305302
17,422,450.305302
17,423,450.305302
17,424,450.305302
17,425,450.305302
17,426,460.082349
17,427,460.082349
17,428,460.082349
17,429,460.082349
17,430,460.082349
17,431,460.082349
17,432,460.082349
17,433,460.082349
17,434,460.082349
17,435,460.082349
17,436,460.082349
17,437,460.082349
17,438,460.082349
17,439,460.082349
17,440,460.082349
17,441,460.082349
17,442,460.082349
17,443,460.082349
17,444,460.082349
17,445,460.082349
17,446,460.082349
17,447,460.082349
17,448,460.082349
17,449,460.082349
17,450,460.082349
17,451,460.082349
17,452,460.082349
17,453,460.082349
17,454,460.082349
17,455,460.082349
17,456,460.082349
17,457,460.082349
17,458,460.082349
17,459,460.082349
17,460,460.082349
17,461,460.082349
17,462,460.082349
17,463,460.082349
17,464,460.082349
17,465,469.253693
17,466,469.253693
17,467,469.253693
17,468,469.253693
17,469,469.253693
17,470,469.253693
17,471,469.253693
17,472,469.253693
17,473,469.253693
17,474,469.253693
17,475,469.253693
17,476,469.253693
17,477,469.253693
17,478,469.785185
17,479,469.785185
17,480,469.785185
17,481,469.785185
17,482,469.785185
17,483,469.785185
17,484,469.785185
17,485,469.785185
17,486,469.785185
17,487,469.785185
17,488,469.785185
17,489,469.785185
17,490,469.785185
17,491,469.785185
17,492,469.785185
17,493,469.785185
17,494,469.785185
17,495,469.785185
17,496,469.785185
17,497,469.785185
17,498,469.785185
17,499,469.785185
17,500,469.785185
17,501,469.785185
17,502,469.785185
17,503,469.785185
17,504,469.785185
17,505,469.785185
17,506,469.785185
17,507,469.785185
17,508,469.785185
17,509,469.785185
17,510,469.785185
17,511,469.785185
17,512,469.785185
17,513,469.785185
17,514,469.785185
17,515,469.785185
17,516,469.785185
17,517,469.785185
17,518,469.785185
17,519,469.785185
17,520,469.785185
17,521,469.785185
17,522,469.785185
17,523,469.785185
17,524,469.785185
17,525,469.785185
17,526,469.785185
17,527,469.785185
17,528,469.785185
17,529,469.785185
17,530,469.785185
17,531,469.785185
17,532,469.785185
17,533,469.785185
17,534,469.785185
17,535,469.785185
17,536,469.785185
17,537,469.785185
17,538,469.785185
17,539,469.785185
17,540,469.785185
17,541,469.785185
17,542,469.785185
17,543,469.785185
17,544,469.785185
17,545,469.785185
17,546,469.785185
17,547,469.785185
17,548,469.785185
17,549,469.785185
17,550,469.785185
17,551,469.785185
17,552,469.785185
17,553,469.785185
17,554,469.785185
17,555,469.785185
17,556,469.785185
17,557,469.785185
17,558,469.785185
17,559,469.785185
17,560,469.785185
17,561,469.785185
17,562,469.785185
17,563,469.785185
17,564,469.785185
17,565,469.785185
17,566,469.785185
17,567,469.785185
17,568,469.785185
17,569,469.785185
17,570,469.785185
17,571,469.785185
17,572,469.785185
17,573,469.785185
17,574,469.785185
17,575,469.785185
17,576,469.785185
17,577,469.785185
17,578,469.785185
17,579,469.785185
17,580,469.785185
17,581,469.785185
17,582,469.785185
17,583,469.785185
17,584,469.785185
17,585,469.785185
17,586,469.785185
17,587,469.785185
17,588,469.785185
17,589,469.785185
17,590,469.785185
17,591,469.785185
17,592,469.785185
17,593,469.785185
17,594,469.785185
17,595,469.785185
17,596,469.785185
17,597,469.785185
17,598,469.785185
17,599,469.785185
17,600,469.785185
17,601,469.785185
17,602,469.785185
17,603,469.785185
17,604,469.785185
17,605,469.785185
17,606,469.785185
17,607,469.785185
17,608,469.785185
17,609,469.785185
17,610,469.785185
17,611,469.785185
17,612,469.785185
17,613,469.785185
17,614,469.785185
17,615,469.785185
17,616,469.785185
17,617,469.785185
17,618,469.785185
17,619,469.785185
17,620,469.785185
17,621,469.785185
17,622,469.785185
17,623,469.785185
17,624,469.785185
17,625,469.785185
17,626,469.785185
17,627,469.785185
17,628,469.785185
17,629,469.785185
17,630,469.785185
17,631,469.785185
17,632,469.785185
17,633,469.785185
17,634,469.785185
17,635,469.785185
17,636,469.785185
17,637,469.785185
17,638,469.785185
17,639,469.785185
17,640,469.785185
17,641,469.785185
17,642,469.785185
17,643,469.785185
17,644,469.785185
17,645,469.785185
17,646,469.785185
17,647,469.785185
17,648,469.785185
17,649,469.785185
17,650,469.785185
17,651,469.785185
17,652,469.785185
17,653,469.785185
17,654,469.785185
17,655,469.785185
17,656,469.785185
17,657,469.785185
17,658,469.785185
17,659,469.785185
17,660,469.785185
17,661,469.785185
17,662,469.785185
17,663,469.785185
17,664,469.785185
17,665,469.785185
17,666,469.785185
17,667,469.785185
17,668,469.785185
17,669,469.785185
17,670,469.785185
17,671,469.785185
17,672,469.785185
17,673,469.785185
17,674,469.785185
17,675,469.785185
17,676,469.785185
17,677,469.785185
17,678,469.785185
17,679,469.785185
17,680,469.785185
17,681,469.785185
17,682,469.785185
17,683,469.785185
17,684,469.785185
17,685,469.785185
17,686,469.785185
17,687,469.785185
17,688,469.785185
17,689,469.785185
17,690,469.785185
17,691,469.785185
17,692,469.785185
17,693,469.785185
17,694,469.785185
17,695,469.785185
17,696,469.785185
17,697,469.785185
17,698,469.785185
17,699,469.785185
17,700,469.785185
17,701,469.785185
17,702,469.785185
17,703,469.785185
17,704,469.785185
17,705,469.785185
17,706,469.785185
17,707,469.785185
17,708,469.785185
17,709,469.785185
17,710,469.785185
17,711,489.513634
17,712,489.513634
17,713,489.513634
17,714,489.513634
17,715,489.513634
17,716,489.513634
17,717,489.513634
17,718,489.513634
17,719,489.513634
17,720,489.513634
17,721,489.513634
17,722,489.513634
17,723,489.513634
17,724,489.513634
17,725,489.513634
17,726,489.513634
17,727,489.513634
17,728,489.513634
17,729,489.513634
17,730,489.513634
17,731,489.513634
17,732,489.513634
17,733,489.513634
17,734,489.513634
17,735,489.513634
17,736,489.513634
17,737,489.513634
17,738,489.513634
17,739,489.513634
17,740,489.513634
17,741,489.513634
17,742,489.513634
17,743,489.513634
17,744,489.513634
17,745,489.513634
17,746,489.513634
17,747,489.513634
17,748,520.753394
17,749,520.753394
17,750,520.753394
17,751,520.753394
17,752,520.753394
17,753,520.753394
17,754,520.753394
17,755,520.753394
17,756,520.753394
17,757,520.753394
17,758,520.753394
17,759,520.753394
17,760,520.753394
17,761,520.753394
17,762,520.753394
17,763,520.753394
17,764,520.753394
17,765,520.753394
17,766,520.753394
17,767,520.753394
17,768,520.753394
17,769,520.753394
17,770,520.753394
17,771,520.753394
17,772,520.753394
17,773,520.753394
17,774,520.753394
17,775,520.753394
17,776,520.753394
17,777,520.753394
17,778,520.753394
17,779,520.753394
17,780,520.753394
17,781,520.753394
17,782,520.753394
17,783,520.753394
17,784,520.753394
17,785,520.753394
17,786,520.753394
17,787,520.753394
17,788,520.753394
17,789,520.753394
17,790,520.753394
17,791,520.753394
17,792,520.753394
17,793,520.753394
17,794,520.753394
17,795,520.753394
17,796,520.753394
17,797,520.753394
17,798,520.753394
17,799,520.753394
17,800,520.753394
17,801,520.753394
17,802,520.753394
17,803,520.753394
17,804,520.753394
17,805,520.753394
17,806,520.753394
17,807,520.753394
17,808,520.753394
17,809,520.753394
17,810,520.753394
17,811,520.753394
17,812,520.753394
17,813,520.753394
17,814,520.753394
17,815,520.753394
17,816,520.753394
17,817,520.753394
17,818,520.753394
17,819,520.753394
17,820,520.753394
17,821,520.753394
17,822,520.753394
17,823,520.753394
17,824,520.753394
17,825,520.753394
17,826,520.753394
17,827,520.753394
17,828,520.753394
17,829,520.753394
17,830,520.753394
17,831,520.753394
17,832,520.753394
17,833,520.753394
17,834,520.753394
17,835,520.753394
17,836,520.753394
17,837,520.753394
17,838,520.753394
17,839,520.753394
17,840,520.753394
17,841,520.753394
17,842,520.753394
17,843,520.753394
17,844,520.753394
17,845,520.753394
17,846,520.753394
17,847,520.753394
17,848,520.753394
17,849,520.753394
17,850,520.753394
17,851,520.753394
17,852,520.753394
17,853,520.753394
17,854,520.753394
17,855,520.753394
17,856,520.753394
17,857,520.753394
17,858,520.753394
17,859,520.753394
17,860,520.753394
17,861,520.753394
17,862,520.753394
17,863,520.753394
17,864,520.753394
17,865,520.753394
17,866,520.753394
17,867,520.753394
17,868,520.753394
17,869,520.753394
17,870,520.753394
17,871,520.753394
17,872,520.753394
17,873,520.753394
17,874,520.753394
17,875,520.753394
17,876,520.753394
17,877,520.753394
17,878,520.753394
17,879,520.753394
17,880,520.753394
17,881,520.753394
17,882,520.753394
17,883,520.753394
17,884,520.753394
17,885,520.753394
17,886,520.753394
17,887,520.753394
17,888,520.753394
17,889,520.753394
17,890,520.753394
17,891,520.753394
17,892,520.753394
17,893,520.753394
17,894,520.753394
17,895,520.753394
17,896,520.753394
17,897,520.753394
17,898,520.753394
17,899,520.753394
17,900,520.753394
17,901,520.753394
17,902,520.753394
17,903,520.753394
17,904,520.753394
17,905,520.753394
17,906,520.753394
17,907,520.753394
17,908,520.753394
17,909,520.753394
17,910,520.753394
17,911,520.753394
17,912,520.753394
17,913,520.753394
17,914,520.753394
17,915,520.753394
17,916,520.753394
17,917,520.753394
17,918,520.753394
17,919,520.753394
17,920,520.753394
17,921,520.753394
17,922,520.753394
17,923,520.753394
17,924,520.753394
17,925,520.753394
17,926,520.753394
17,927,520.753394
17,928,520.753394
17,929,520.753394
17,930,520.753394
17,931,520.753394
17,932,520.753394
17,933,520.753394
17,934,520.753394
17,935,520.753394
17,936,520.753394
17,937,520.753394
17,938,520.753394
17,939,520.753394
17,940,520.753394
17,941,520.753394
17,942,520.753394
17,943,520.753394
17,944,520.753394
17,945,520.753394
17,946,520.753394
17,947,520.753394
17,948,520.753394
17,949,520.753394
17,950,520.753394
17,951,520.753394
17,952,520.753394
17,953,520.753394
17,954,520.753394
17,955,520.753394
17,956,520.753394
17,957,520.753394
17,958,520.753394
17,959,520.753394
17,960,520.753394
17,961,520.753394
17,962,520.753394
17,963,520.753394
17,964,520.753394
17,965,520.753394
17,966,520.753394
17,967,520.753394
17,968,520.753394
17,969,520.753394
17,970,520.753394
17,971,520.753394
17,972,520.753394
17,973,520.753394
17,974,520.753394
17,975,523.853329
17,976,523.853329
17,977,523.853329
17,978,523.853329
17,979,523.853329
17,980,523.853329
17,981,523.853329
17,982,523.853329
17,983,523.853329
17,984,523.853329
17,985,523.853329
17,986,523.853329
17,987,523.853329
17,988,523.853329
17,989,523.853329
17,990,523.853329
17,991,523.853329
17,992,523.853329
17,993,523.853329
17,994,523.853329
17,995,523.853329
17,996,523.853329
17,997,523.853329
17,998,523.853329
17,999,523.853329
18,0,120.990319
18,1,120.990319
18,2,120.990319
18,3,120.990319
18,4,120.990319
18,5,120.990319
18,6,120.990319
18,7,120.990319
18,8,149.574500
18,9,149.574500
18,10,149.574500
18,11,149.574500
18,12,149.574500
18,13,149.574500
18,14,149.574500
18,15,149.574500
18,16,149.574500
18,17,149.574500
18,18,149.574500
18,19,149.574500
18,20,149.574500
18,21,149.574500
18,22,149.574500
18,23,149.574500
18,24,149.574500
18,25,149.574500
18,26,149.574500
18,27,149.574500
18,28,149.574500
18,29,149.574500
18,30,149.574500
18,31,149.574500
18,32,149.574500
18,33,149.574500
18,34,149.574500
18,35,149.574500
18,36,149.574500
18,37,149.574500
18,38,149.574500
18,39,149.574500
18,40,149.574500
18,41,149.574500
18,42,149.574500
18,43,149.574500
18,44,149.574500
18,45,149.574500
18,46,163.569129
18,47,165.269619
18,48,165.269619
18,49,165.269619
18,50,168.779666
18,51,178.070157
18,52,178.070157
18,53,178.070157
18,54,178.070157
18,55,178.070157
18,56,178.070157
18,57,178.070157
18,58,178.070157
18,59,178.070157
18,60,178.070157
18,61,178.070157
18,62,215.671162
18,63,215.671162
18,64,215.671162
18,65,225.904329
18,66,225.904329
18,67,225.904329
18,68,233.338839
18,69,233.338839
18,70,233.338839
18,71,233.338839
18,72,233.338839
18,73,233.338839
18,74,233.338839
18,75,233.338839
18,76,233.338839
18,77,233.338839
18,78,233.338839
18,79,233.338839
18,80,233.338839
18,81,233.338839
18,82,233.338839
18,83,233.338839
18,84,233.338839
18,85,233.338839
18,86,233.338839
18,87,233.338839
18,88,233.338839
18,89,233.338839
18,90,235.764842
18,91,262.745428
18,92,262.745428
18,93,267.901184
18,94,267.901184
18,95,267.901184
18,96,267.901184
18,97,267.901184
18,98,267.901184
18,99,279.086550
18,100,279.086550
18,101,279.086550
18,102,279.086550
18,103,279.086550
18,104,279.086550
18,105,291.156042
18,106,291.156042
18,107,291.250911
18,108,291.250911
18,109,291.250911
18,110,311.453011
18,111,311.453011
18,112,311.453011
18,113,317.094483
18,114,336.924217
18,115,357.424392
18,116,376.841109
18,117,376.841109
18,118,376.841109
18,119,459.566502
18,120,459.566502
18,121,459.566502
18,122,459.566502
18,123,459.566502
18,124,459.566502
18,125,459.566502
18,126,459.566502
18,127,459.566502
18,128,459.566502
18,129,459.566502
18,130,459.566502
18,131,459.566502
18,132,459.566502
18,133,459.566502
18,134,459.566502
18,135,459.566502
18,136,459.566502
18,137,459.566502
18,138,459.566502
18,139,459.566502
18,140,459.566502
18,141,459.566502
18,142,459.566502
18,143,459.566502
18,144,459.566502
18,145,459.566502
18,146,459.566502
18,147,499.092544
18,148,499.092544
18,149,499.092544
18,150,499.092544
18,151,499.092544
18,152,499.092544
18,153,499.092544
18,154,499.092544
18,155,499.092544
18,156,499.092544
18,157,499.092544
18,158,499.092544
18,159,499.092544
18,160,499.092544
18,161,505.109757
18,162,505.109757
18,163,505.109757
18,164,505.109757
18,165,505.109757
18,166,505.109757
18,167,505.109757
18,168,505.109757
18,169,505.109757
18,170,505.109757
18,171,505.109757
18,172,505.109757
18,173,505.109757
18,174,505.109757
18,175,505.109757
18,176,505.109757
18,177,505.109757
18,178,505.109757
18,179,505.109757
18,180,505.109757
18,181,505.109757
18,182,505.109757
18,183,505.109757
18,184,505.109757
18,185,505.109757
18,186,505.109757
18,187,505.109757
18,188,505.109757
18,189,505.109757
18,190,505.109757
18,191,505.109757
18,192,505.109757
18,193,505.109757
18,194,505.109757
18,195,505.109757
18,196,505.109757
18,197,505.109757
18,198,505.109757
18,199,505.109757
18,200,505.109757
18,201,505.109757
18,202,505.109757
18,203,505.109757
18,204,505.109757
18,205,505.109757
18,206,505.109757
18,207,505.109757
18,208,505.109757
18,209,505.109757
18,210,505.109757
18,211,521.598268
18,212,521.598268
18,213,521.598268
18,214,521.598268
18,215,521.598268
18,216,521.598268
18,217,521.598268
18,218,521.598268
18,219,521.598268
18,220,521.598268
18,221,521.598268
18,222,521.598268
18,223,521.598268
18,224,521.598268
18,225,521.598268
18,226,521.598268
18,227,521.598268
18,228,521.598268
18,229,521.598268
18,230,521.598268
18,231,521.598268
18,232,521.598268
18,233,521.598268
18,234,521.598268
18,235,521.598268
18,236,521.598268
18,237,521.598268
18,238,521.598268
18,239,521.598268
18,240,521.598268
18,241,521.598268
18,242,521.598268
18,243,521.598268
18,244,521.598268
18,245,521.598268
18,246,521.598268
18,247,521.598268
18,248,521.598268
18,249,521.598268
18,250,521.598268
18,251,521.598268
18,252,521.598268
18,253,521.598268
18,254,521.598268
18,255,521.598268
18,256,521.598268
18,257,521.598268
18,258,521.598268
18,259,521.598268
18,260,521.598268
18,261,521.598268
18,262,521.598268
18,263,521.598268
18,264,521.598268
18,265,521.598268
18,266,521.598268
18,267,521.598268
18,268,521.598268
18,269,521.598268
18,270,521.598268
18,271,521.598268
18,272,521.598268
18,273,521.598268
18,274,521.598268
18,275,521.598268
18,276,521.598268
18,277,521.598268
18,278,521.598268
18,279,521.598268
18,280,521.598268
18,281,521.598268
18,282,521.598268
18,283,521.598268
18,284,521.598268
18,285,521.598268
18,286,521.598268
18,287,521.598268
18,288,521.598268
18,289,521.598268
18,290,521.598268
18,291,521.598268
18,292,521.598268
18,293,521.598268
18,294,521.598268
18,295,521.598268
18,296,521.598268
18,297,521.598268
18,298,521.598268
18,299,521.598268
18,300,521.598268
18,301,521.598268
18,302,521.598268
18,303,521.598268
18,304,521.598268
18,305,521.598268
18,306,521.598268
18,307,521.598268
18,308,521.598268
18,309,521.598268
18,310,521.598268
18,311,521.598268
18,312,521.598268
18,313,521.598268
18,314,521.598268
18,315,521.598268
18,316,521.598268
18,317,521.598268
18,318,521.598268
18,319,521.598268
18,320,521.598268
18,321,521.598268
18,322,521.598268
18,323,521.598268
18,324,521.598268
18,325,521.598268
18,326,521.598268
18,327,521.598268
18,328,521.598268
18,329,521.598268
18,330,521.598268
18,331,521.598268
18,332,521.598268
18,333,521.598268
18,334,521.598268
18,335,521.598268
18,336,521.598268
18,337,521.598268
18,338,521.598268
18,339,521.598268
18,340,521.598268
18,341,521.598268
18,342,521.598268
18,343,521.598268
18,344,521.598268
18,345,521.598268
18,346,521.598268
18,347,521.598268
18,348,521.598268
18,349,521.598268
18,350,521.598268
18,351,521.598268
18,352,521.598268
18,353,521.598268
18,354,521.598268
18,355,521.598268
18,356,521.598268
18,357,521.598268
18,358,521.598268
18,359,521.598268
18,360,521.598268
18,361,521.598268
18,362,521.598268
18,363,521.598268
18,364,521.598268
18,365,521.598268
18,366,521.598268
18,367,521.598268
18,368,521.598268
18,369,521.598268
18,370,521.598268
18,371,521.598268
18,372,521.598268
18,373,521.598268
18,374,521.598268
18,375,521.598268
18,376,521.598268
18,377,521.598268
18,378,521.598268
18,379,521.598268
18,380,521.598268
18,381,521.598268
18,382,521.598268
18,383,521.598268
18,384,521.598268
18,385,521.598268
18,386,521.598268
18,387,521.598268
18,388,521.598268
18,389,521.598268
18,390,521.598268
18,391,521.598268
18,392,521.598268
18,393,521.598268
18,394,521.598268
18,395,521.598268
18,396,521.598268
18,397,521.598268
18,398,521.598268
18,399,521.598268
18,400,521.598268
18,401,521.598268
18,402,521.598268
18,403,521.598268
18,404,521.598268
18,405,521.598268
18,406,521.598268
18,407,521.598268
18,408,521.598268
18,409,521.598268
18,410,521.598268
18,411,521.598268
18,412,521.598268
18,413,521.598268
18,414,521.598268
18,415,521.598268
18,416,521.598268
18,417,521.598268
18,418,521.598268
18,419,521.598268
18,420,521.598268
18,421,521.598268
18,422,521.598268
18,423,521.598268
18,424,521.598268
18,425,521.598268
18,426,521.598268
18,427,521.598268
18,428,521.598268
18,429,521.598268
18,430,521.598268
18,431,521.598268
18,432,521.598268
18,433,521.598268
18,434,521.598268
18,435,521.598268
18,436,521.598268
18,437,521.598268
18,438,521.598268
18,439,521.598268
18,440,521.598268
18,441,521.598268
18,442,521.598268
18,443,521.598268
18,444,521.598268
18,445,521.598268
18,446,521.598268
18,447,521.598268
18,448,521.598268
18,449,521.598268
18,450,521.598268
18,451,521.598268
18,452,521.598268
18,453,521.598268
18,454,521.598268
18,455,521.598268
18,456,521.598268
18,457,521.598268
18,458,521.598268
18,459,521.598268
18,460,521.598268
18,461,521.598268
18,462,521.598268
18,463,521.598268
18,464,521.598268
18,465,521.598268
18,466,521.598268
18,467,521.598268
18,468,521.598268
18,469,521.598268
18,470,521.598268
18,471,521.598268
18,472,521.598268
18,473,523.384099
18,474,523.384099
18,475,523.384099
18,476,523.384099
18,477,523.384099
18,478,523.384099
18,479,523.384099
18,480,523.384099
18,481,523.384099
18,482,523.384099
18,483,523.384099
18,484,523.384099
18,485,523.384099
18,486,523.384099
18,487,523.384099
18,488,523.384099
18,489,523.384099
18,490,523.384099
18,491,523.384099
18,492,523.384099
18,493,523.384099
18,494,523.384099
18,495,523.384099
18,496,523.384099
18,497,523.384099
18,498,523.384099
18,499,523.384099
18,500,523.384099
18,501,523.384099
18,502,523.384099
18,503,523.384099
18,504,523.384099
18,505,523.384099
18,506,523.384099
18,507,523.384099
18,508,523.384099
18,509,523.384099
18,510,523.384099
18,511,523.384099
18,512,523.384099
18,513,523.384099
18,514,523.384099
18,515,523.384099
18,516,523.384099
18,517,523.384099
18,518,523.384099
18,519,523.384099
18,520,523.384099
18,521,523.384099
18,522,523.384099
18,523,523.384099
18,524,523.384099
18,525,523.384099
18,526,523.384099
18,527,523.384099
18,528,523.384099
18,529,523.384099
18,530,523.384099
18,531,523.384099
18,532,523.384099
18,533,523.384099
18,534,523.384099
18,535,523.384099
18,536,523.384099
18,537,523.384099
18,538,523.384099
18,539,534.458063
18,540,534.458063
18,541,534.458063
18,542,534.458063
18,543,534.458063
18,544,534.458063
18,545,534.458063
18,546,534.458063
18,547,534.458063
18,548,534.458063
18,549,534.458063
18,550,534.458063
18,551,534.458063
18,552,534.458063
18,553,534.458063
18,554,534.458063
18,555,534.458063
18,556,534.458063
18,557,534.458063
18,558,534.458063
18,559,534.458063
18,560,534.458063
18,561,534.458063
18,562,534.458063
18,563,534.458063
18,564,534.458063
18,565,534.458063
18,566,534.458063
18,567,534.458063
18,568,534.458063
18,569,534.458063
18,570,534.458063
18,571,534.458063
18,572,534.458063
18,573,534.458063
18,574,534.458063
18,575,534.458063
18,576,534.458063
18,577,534.458063
18,578,534.458063
18,579,534.458063
18,580,534.458063
18,581,534.458063
18,582,534.458063
18,583,534.458063
18,584,534.458063
18,585,534.458063
18,586,534.458063
18,587,534.458063
18,588,534.458063
18,589,534.458063
18,590,534.458063
18,591,534.458063
18,592,534.458063
18,593,534.458063
18,594,534.458063
18,595,534.458063
18,596,534.458063
18,597,534.458063
18,598,534.458063
18,599,534.458063
18,600,534.458063
18,601,534.458063
18,602,534.458063
18,603,534.458063
18,604,534.458063
18,605,534.458063
18,606,534.458063
18,607,534.458063
18,608,534.458063
18,609,534.458063
18,610,534.458063
18,611,534.458063
18,612,534.458063
18,613,534.458063
18,614,534.458063
18,615,534.458063
18,616,534.458063
18,617,534.458063
18,618,534.458063
18,619,534.458063
18,620,534.458063
18,621,534.458063
18,622,534.458063
18,623,534.458063
18,624,534.458063
18,625,534.458063
18,626,534.458063
18,627,534.458063
18,628,534.458063
18,629,534.458063
18,630,534.458063
18,631,534.458063
18,632,534.458063
18,633,534.458063
18,634,534.458063
18,635,534.458063
18,636,534.458063
18,637,534.458063
18,638,534.458063
18,639,534.458063
18,640,534.458063
18,641,534.458063
18,642,534.458063
18,643,534.458063
18,644,534.458063
18,645,534.458063
18,646,534.458063
18,647,534.458063
18,648,534.458063
18,649,534.458063
18,650,534.458063
18,651,534.458063
18,652,534.458063
18,653,534.458063
18,654,534.458063
18,655,534.458063
18,656,534.458063
18,657,534.458063
18,658,534.458063
18,659,534.458063
18,660,534.458063
18,661,534.458063
18,662,534.458063
18,663,534.458063
18,664,534.458063
18,665,534.458063
18,666,534.458063
18,667,534.458063
18,668,534.458063
18,669,534.458063
18,670,534.458063
18,671,534.458063
18,672,534.458063
18,673,534.458063
18,674,534.458063
18,675,534.458063
18,676,534.458063
18,677,534.458063
18,678,534.458063
18,679,534.458063
18,680,534.458063
18,681,534.458063
18,682,534.458063
18,683,534.458063
18,684,534.458063
18,685,534.458063
18,686,534.458063
18,687,534.458063
18,688,534.458063
18,689,534.458063
18,690,534.458063
18,691,534.458063
18,692,534.458063
18,693,534.458063
18,694,534.458063
18,695,534.458063
18,696,534.458063
18,697,534.458063
18,698,534.458063
18,699,534.458063
18,700,534.458063
18,701,534.458063
18,702,534.458063
18,703,534.458063
18,704,534.458063
18,705,534.458063
18,706,534.458063
18,707,534.458063
18,708,534.458063
18,709,534.458063
18,710,534.458063
18,711,534.458063
18,712,534.458063
18,713,534.458063
18,714,534.458063
18,715,534.458063
18,716,534.458063
18,717,534.458063
18,718,534.458063
18,719,534.458063
18,720,534.458063
18,721,534.458063
18,722,534.458063
18,723,534.458063
18,724,534.458063
18,725,534.458063
18,726,534.458063
18,727,534.458063
18,728,534.458063
18,729,534.458063
18,730,534.458063
18,731,534.458063
18,732,534.458063
18,733,534.458063
18,734,534.458063
18,735,534.458063
18,736,534.458063
18,737,534.458063
18,738,534.458063
18,739,534.458063
18,740,534.458063
18,741,534.458063
18,742,534.458063
18,743,534.458063
18,744,534.458063
18,745,534.458063
18,746,534.458063
18,747,534.458063
18,748,534.458063
18,749,534.458063
18,750,534.458063
18,751,534.458063
18,752,534.458063
18,753,534.458063
18,754,534.458063
18,755,534.458063
18,756,534.458063
18,757,534.458063
18,758,534.458063
18,759,534.458063
18,760,534.458063
18,761,534.458063
18,762,534.458063
18,763,534.458063
18,764,534.458063
18,765,534.458063
18,766,534.458063
18,767,534.458063
18,768,534.458063
18,769,534.458063
18,770,534.458063
18,771,534.458063
18,772,534.458063
18,773,534.458063
18,774,534.458063
18,775,534.458063
18,776,534.458063
18,777,534.458063
18,778,534.458063
18,779,534.458063
18,780,534.458063
18,781,534.458063
18,782,534.458063
18,783,534.458063
18,784,534.458063
18,785,534.458063
18,786,534.458063
18,787,534.458063
18,788,534.458063
18,789,534.458063
18,790,534.458063
18,791,534.458063
18,792,534.458063
18,793,534.458063
18,794,534.458063
18,795,534.458063
18,796,534.458063
18,797,534.458063
18,798,534.458063
18,799,534.458063
18,800,534.458063
18,801,534.458063
18,802,534.458063
18,803,534.458063
18,804,534.458063
18,805,534.458063
18,806,534.458063
18,807,534.458063
18,808,534.458063
18,809,534.458063
18,810,534.458063
18,811,534.458063
18,812,534.458063
18,813,534.458063
18,814,534.458063
18,815,534.458063
18,816,534.458063
18,817,534.458063
18,818,534.458063
18,819,534.458063
18,820,534.458063
18,821,534.458063
18,822,534.458063
18,823,534.458063
18,824,534.458063
18,825,534.458063
18,826,534.458063
18,827,534.458063
18,828,534.458063
18,829,534.458063
18,830,534.458063
18,831,534.458063
18,832,534.458063
18,833,534.458063
18,834,534.458063
18,835,534.458063
18,836,534.458063
18,837,534.458063
18,838,534.458063
18,839,534.458063
18,840,534.458063
18,841,534.458063
18,842,534.458063
18,843,534.458063
18,844,534.458063
18,845,534.458063
18,846,534.458063
18,847,534.458063
18,848,534.458063
18,849,534.458063
18,850,534.458063
18,851,534.458063
18,852,534.458063
18,853,534.458063
18,854,534.458063
18,855,534.458063
18,856,534.458063
18,857,534.458063
18,858,534.458063
18,859,534.458063
18,860,534.458063
18,861,534.458063
18,862,534.458063
18,863,534.458063
18,864,534.458063
18,865,534.458063
18,866,534.458063
18,867,534.458063
18,868,534.458063
18,869,534.458063
18,870,534.458063
18,871,534.458063
18,872,534.458063
18,873,534.458063
18,874,534.458063
18,875,534.458063
18,876,534.458063
18,877,534.458063
18,878,534.458063
18,879,534.458063
18,880,534.458063
18,881,534.458063
18,882,534.458063
18,883,534.458063
18,884,534.458063
18,885,534.458063
18,886,534.458063
18,887,534.458063
18,888,534.458063
18,889,534.458063
18,890,534.458063
18,891,534.458063
18,892,534.458063
18,893,534.458063
18,894,534.458063
18,895,534.458063
18,896,534.458063
18,897,534.458063
18,898,534.458063
18,899,534.458063
18,900,534.458063
18,901,534.458063
18,902,534.458063
18,903,534.458063
18,904,534.458063
18,905,534.458063
18,906,534.458063
18,907,534.458063
18,908,534.458063
18,909,534.458063
18,910,534.458063
18,911,534.458063
18,912,534.458063
18,913,534.458063
18,914,534.458063
18,915,534.458063
18,916,534.458063
18,917,534.458063
18,918,534.458063
18,919,534.458063
18,920,534.458063
18,921,534.458063
18,922,534.458063
18,923,534.458063
18,924,534.458063
18,925,534.458063
18,926,534.458063
18,927,534.458063
18,928,534.458063
18,929,534.458063
18,930,534.458063
18,931,534.458063
18,932,534.458063
18,933,534.458063
18,934,534.458063
18,935,534.458063
18,936,534.458063
18,937,534.458063
18,938,534.458063
18,939,534.458063
18,940,534.458063
18,941,534.458063
18,942,534.458063
18,943,534.458063
18,944,534.458063
18,945,534.458063
18,946,534.458063
18,947,534.458063
18,948,534.458063
18,949,534.458063
18,950,534.458063
18,951,534.458063
18,952,534.458063
18,953,534.458063
18,954,534.458063
18,955,534.458063
18,956,534.458063
18,957,534.458063
18,958,534.458063
18,959,534.458063
18,960,534.458063
18,961,534.458063
18,962,534.458063
18,963,534.458063
18,964,534.458063
18,965,534.458063
18,966,534.458063
18,967,534.458063
18,968,534.458063
18,969,534.458063
18,970,534.458063
18,971,534.458063
18,972,534.458063
18,973,534.458063
18,974,534.458063
18,975,534.458063
18,976,534.458063
18,977,534.458063
18,978,534.458063
18,979,534.458063
18,980,534.458063
18,981,534.458063
18,982,534.458063
18,983,534.458063
18,984,534.458063
18,985,534.458063
18,986,534.458063
18,987,534.458063
18,988,534.458063
18,989,534.458063
18,990,534.458063
18,991,534.458063
18,992,534.458063
18,993,534.458063
18,994,534.458063
18,995,534.458063
18,996,534.458063
18,997,534.458063
18,998,534.458063
18,999,534.458063
19,0,123.133554
19,1,123.133554
19,2,123.133554
19,3,123.133554
19,4,123.133554
19,5,123.133554
19,6,123.133554
19,7,123.133554
19,8,123.133554
19,9,123.133554
19,10,123.133554
19,11,123.133554
19,12,123.133554
19,13,123.133554
19,14,123.133554
19,15,123.133554
19,16,123.133554
19,17,123.133554
19,18,123.133554
19,19,123.133554
19,20,123.133554
19,21,123.133554
19,22,123.133554
19,23,123.133554
19,24,123.133554
19,25,123.133554
19,26,123.133554
19,27,123.133554
19,28,123.133554
19,29,123.133554
19,30,131.031427
19,31,151.820487
19,32,151.820487
19,33,151.820487
19,34,151.820487
19,35,151.820487
19,36,151.820487
19,37,151.820487
19,38,151.820487
19,39,151.820487
19,40,151.820487
19,41,151.820487
19,42,151.820487
19,43,151.820487
19,44,151.820487
19,45,151.820487
19,46,151.820487
19,47,151.820487
19,48,151.820487
19,49,151.820487
19,50,151.820487
19,51,151.820487
19,52,151.820487
19,53,151.820487
19,54,151.820487
19,55,151.820487
19,56,151.820487
19,57,151.820487
19,58,151.820487
19,59,151.820487
19,60,151.820487
19,61,151.820487
19,62,151.820487
19,63,151.820487
19,64,151.820487
19,65,151.820487
19,66,151.820487
19,67,151.820487
19,68,151.820487
19,69,151.820487
19,70,151.820487
19,71,151.820487
19,72,154.517346
19,73,159.444622
19,74,159.444622
19,75,159.444622
19,76,159.444622
19,77,177.112589
19,78,177.112589
19,79,177.112589
19,80,177.112589
19,81,177.112589
19,82,177.112589
19,83,177.112589
19,84,177.112589
19,85,177.112589
19,86,177.112589
19,87,177.112589
19,88,177.112589
19,89,177.112589
19,90,177.112589
19,91,177.112589
19,92,177.112589
19,93,177.112589
19,94,177.112589
19,95,177.112589
19,96,177.112589
19,97,181.879662
19,98,181.879662
19,99,199.074310
19,100,211.254678
19,101,211.254678
19,102,215.741251
19,103,215.741251
19,104,215.741251
19,105,215.741251
19,106,215.741251
19,107,242.060605
19,108,242.060605
19,109,242.060605
19,110,242.060605
19,111,242.060605
19,112,257.351152
19,113,303.480681
19,114,303.480681
19,115,309.970261
19,116,309.970261
19,117,309.970261
19,118,309.970261
19,119,309.970261
19,120,334.910696
19,121,334.910696
19,122,334.910696
19,123,334.910696
19,124,334.910696
19,125,334.910696
19,126,334.910696
19,127,334.910696
19,128,334.910696
19,129,334.910696
19,130,334.910696
19,131,334.910696
19,132,334.910696
19,133,334.910696
19,134,334.910696
19,135,334.910696
19,136,334.910696
19,137,334.910696
19,138,334.910696
19,139,334.910696
19,140,334.910696
19,141,334.910696
19,142,334.910696
19,143,334.910696
19,144,334.910696
19,145,334.910696
19,146,334.910696
19,147,334.910696
19,148,334.910696
19,149,334.910696
19,150,334.910696
19,151,334.910696
19,152,334.910696
19,153,334.910696
19,154,334.910696
19,155,334.910696
19,156,334.910696
19,157,334.910696
19,158,348.604617
19,159,348.604617
19,160,348.604617
19,161,348.604617
19,162,348.604617
19,163,348.604617
19,164,348.604617
19,165,348.604617
19,166,348.604617
19,167,350.195795
19,168,350.195795
19,169,359.216393
19,170,359.216393
19,171,372.929208
19,172,372.929208
19,173,372.929208
19,174,372.929208
19,175,372.929208
19,176,372.929208
19,177,372.929208
19,178,372.929208
19,179,372.929208
19,180,372.929208
19,181,372.929208
19,182,372.929208
19,183,372.929208
19,184,372.929208
19,185,384.899835
19,186,384.899835
19,187,384.899835
19,188,384.899835
19,189,384.899835
19,190,384.899835
19,191,396.641018
19,192,396.641018
19,193,396.641018
19,194,396.641018
19,195,396.641018
19,196,396.641018
19,197,396.641018
19,198,396.641018
19,199,396.641018
19,200,396.641018
19,201,396.641018
19,202,396.641018
19,203,396.641018
19,204,396.641018
19,205,396.641018
19,206,396.641018
19,207,400.974088
19,208,400.974088
19,209,400.974088
19,210,400.974088
19,211,400.974088
19,212,400.974088
19,213,400.974088
19,214,400.974088
19,215,400.974088
19,216,400.974088
19,217,400.974088
19,218,400.974088
19,219,400.974088
19,220,400.974088
19,221,400.974088
19,222,400.974088
19,223,400.974088
19,224,400.974088
19,225,400.974088
19,226,400.974088
19,227,400.974088
19,228,400.974088
19,229,400.974088
19,230,400.974088
19,231,400.974088
19,232,400.974088
19,233,400.974088
19,234,400.974088
19,235,400.974088
19,236,400.974088
19,237,400.974088
19,238,416.907657
19,239,416.907657
19,240,416.907657
19,241,416.907657
19,242,416.907657
19,243,416.907657
19,244,416.907657
19,245,416.907657
19,246,416.907657
19,247,416.907657
19,248,416.907657
19,249,510.073949
19,250,510.073949
19,251,510.073949
19,252,510.073949
19,253,510.073949
19,254,510.073949
19,255,510.073949
19,256,510.073949
19,257,510.073949
19,258,510.073949
19,259,510.073949
19,260,510.073949
19,261,510.073949
19,262,510.073949
19,263,510.073949
19,264,510.073949
19,265,510.073949
19,266,510.073949
19,267,510.073949
19,268,510.073949
19,269,510.073949
19,270,510.073949
19,271,510.073949
19,272,510.073949
19,273,510.073949
19,274,510.073949
19,275,510.073949
19,276,510.073949
19,277,510.073949
19,278,510.073949
19,279,510.073949
19,280,510.073949
19,281,510.073949
19,282,510.073949
19,283,510.073949
19,284,510.073949
19,285,510.073949
19,286,510.073949
19,287,510.073949
19,288,510.073949
19,289,510.073949
19,290,510.073949
19,291,510.073949
19,292,510.073949
19,293,510.073949
19,294,510.073949
19,295,510.073949
19,296,510.073949
19,297,510.073949
19,298,510.073949
19,299,510.073949
19,300,510.073949
19,301,510.073949
19,302,510.073949
19,303,510.073949
19,304,510.073949
19,305,510.073949
19,306,510.073949
19,307,510.073949
19,308,510.073949
19,309,510.073949
19,310,510.073949
19,311,510.073949
19,312,510.073949
19,313,510.073949
19,314,510.073949
19,315,510.073949
19,316,510.073949
19,317,510.073949
19,318,510.073949
19,319,510.073949
19,320,510.073949
19,321,510.073949
19,322,510.073949
19,323,510.073949
19,324,510.073949
19,325,510.073949
19,326,510.073949
19,327,510.073949
19,328,510.073949
19,329,510.073949
19,330,510.073949
19,331,510.073949
19,332,510.073949
19,333,510.073949
19,334,510.073949
19,335,510.073949
19,336,510.073949
19,337,510.073949
19,338,510.073949
19,339,510.073949
19,340,510.073949
19,341,510.073949
19,342,510.073949
19,343,510.073949
19,344,510.073949
19,345,510.073949
19,346,510.073949
19,347,510.073949
19,348,510.073949
19,349,510.073949
19,350,510.073949
19,351,510.073949
19,352,510.073949
19,353,510.073949
19,354,510.073949
19,355,510.073949
19,356,510.073949
19,357,510.073949
19,358,510.073949
19,359,510.073949
19,360,510.073949
19,361,510.073949
19,362,510.073949
19,363,510.073949
19,364,510.073949
19,365,510.073949
19,366,510.073949
19,367,510.073949
19,368,510.073949
19,369,511.035203
19,370,511.035203
19,371,511.035203
19,372,511.035203
19,373,511.035203
19,374,511.035203
19,375,511.035203
19,376,511.035203
19,377,511.035203
19,378,511.035203
19,379,511.035203
19,380,511.035203
19,381,511.035203
19,382,511.035203
19,383,511.035203
19,384,511.035203
19,385,511.035203
19,386,511.035203
19,387,511.035203
19,388,511.035203
19,389,511.035203
19,390,511.035203
19,391,511.035203
19,392,511.035203
19,393,511.035203
19,394,511.035203
19,395,511.035203
19,396,511.035203
19,397,511.035203
19,398,511.035203
19,399,511.035203
19,400,511.035203
19,401,511.035203
19,402,511.035203
19,403,511.035203
19,404,511.035203
19,405,511.035203
19,406,511.035203
19,407,511.035203
19,408,511.035203
19,409,511.035203
19,410,511.035203
19,411,511.035203
19,412,511.035203
19,413,511.035203
19,414,511.035203
19,415,511.035203
19,416,511.035203
19,417,511.035203
19,418,511.035203
19,419,511.035203
19,420,511.035203
19,421,511.035203
19,422,511.035203
19,423,511.035203
19,424,511.035203
19,425,511.035203
19,426,511.035203
19,427,511.035203
19,428,511.035203
19,429,511.035203
19,430,511.035203
19,431,511.035203
19,432,511.035203
19,433,511.035203
19,434,511.035203
19,435,511.035203
19,436,511.035203
19,437,511.035203
19,438,511.035203
19,439,511.035203
19,440,511.035203
19,441,511.035203
19,442,511.035203
19,443,511.035203
19,444,511.035203
19,445,511.035203
19,446,511.035203
19,447,511.035203
19,448,511.035203
19,449,511.035203
19,450,511.035203
19,451,511.035203
19,452,511.035203
19,453,511.035203
19,454,511.035203
19,455,511.035203
19,456,511.035203
19,457,511.035203
19,458,511.035203
19,459,511.035203
19,460,511.035203
19,461,511.035203
19,462,511.035203
19,463,511.035203
19,464,511.035203
19,465,511.035203
19,466,511.035203
19,467,511.035203
19,468,511.035203
19,469,511.035203
19,470,511.035203
19,471,511.035203
19,472,511.035203
19,473,511.035203
19,474,511.035203
19,475,511.035203
19,476,511.035203
19,477,511.035203
19,478,511.035203
19,479,511.035203
19,480,511.035203
19,481,511.035203
19,482,511.035203
19,483,511.035203
19,484,511.035203
19,485,511.035203
19,486,511.035203
19,487,511.035203
19,488,511.035203
19,489,511.035203
19,490,511.035203
19,491,511.035203
19,492,511.035203
19,493,511.035203
19,494,511.035203
19,495,511.035203
19,496,511.035203
19,497,511.035203
19,498,511.035203
19,499,511.035203
19,500,511.035203
19,501,511.035203
19,502,511.035203
19,503,511.035203
19,504,511.035203
19,505,511.035203
19,506,511.035203
19,507,511.035203
19,508,511.035203
19,509,511.035203
19,510,511.035203
19,511,511.035203
19,512,511.035203
19,513,511.035203
19,514,511.035203
19,515,511.035203
19,516,511.035203
19,517,511.035203
19,518,511.035203
19,519,511.035203
19,520,511.035203
19,521,511.035203
19,522,511.035203
19,523,511.035203
19,524,511.035203
19,525,511.035203
19,526,511.035203
19,527,511.035203
19,528,511.035203
19,529,511.035203
19,530,511.035203
19,531,511.035203
19,532,511.035203
19,533,511.035203
19,534,511.035203
19,535,511.035203
19,536,511.035203
19,537,511.035203
19,538,511.035203
19,539,511.035203
19,540,511.035203
19,541,511.035203
19,542,511.035203
19,543,511.035203
19,544,511.035203
19,545,511.035203
19,546,511.035203
19,547,511.035203
19,548,511.035203
19,549,511.035203
19,550,511.035203
19,551,511.035203
19,552,511.035203
19,553,511.035203
19,554,511.035203
19,555,511.035203
19,556,511.035203
19,557,511.035203
19,558,511.035203
19,559,511.035203
19,560,511.035203
19,561,511.035203
19,562,511.035203
19,563,511.035203
19,564,511.035203
19,565,511.035203
19,566,511.035203
19,567,511.035203
19,568,511.035203
19,569,511.035203
19,570,511.035203
19,571,511.035203
19,572,511.035203
19,573,511.035203
19,574,511.035203
19,575,511.035203
19,576,511.035203
19,577,511.035203
19,578,511.035203
19,579,511.035203
19,580,532.850580
19,581,532.850580
19,582,532.850580
19,583,532.850580
19,584,532.850580
19,585,532.850580
19,586,532.850580
19,587,532.850580
19,588,532.850580
19,589,532.850580
19,590,532.850580
19,591,532.850580
19,592,532.850580
19,593,532.850580
19,594,532.850580
19,595,532.850580
19,596,532.850580
19,597,532.850580
19,598,532.850580
19,599,532.850580
19,600,532.850580
19,601,532.850580
19,602,532.850580
19,603,532.850580
19,604,532.850580
19,605,532.850580
19,606,532.850580
19,607,532.850580
19,608,532.850580
19,609,532.850580
19,610,532.850580
19,611,532.850580
19,612,532.850580
19,613,532.850580
19,614,532.850580
19,615,532.850580
19,616,532.850580
19,617,532.850580
19,618,532.850580
19,619,532.850580
19,620,532.850580
19,621,532.850580
19,622,532.850580
19,623,532.850580
19,624,532.850580
19,625,532.850580
19,626,532.850580
19,627,532.850580
19,628,532.850580
19,629,532.850580
19,630,532.850580
19,631,532.850580
19,632,532.850580
19,633,532.850580
19,634,532.850580
19,635,532.850580
19,636,532.850580
19,637,532.850580
19,638,532.850580
19,639,532.850580
19,640,532.850580
19,641,532.850580
19,642,532.850580
19,643,532.850580
19,644,532.850580
19,645,532.850580
19,646,532.850580
19,647,532.850580
19,648,532.850580
19,649,532.850580
19,650,532.850580
19,651,532.850580
19,652,532.850580
19,653,532.850580
19,654,532.850580
19,655,532.850580
19,656,532.850580
19,657,532.850580
19,658,532.850580
19,659,532.850580
19,660,532.850580
19,661,532.850580
19,662,532.850580
19,663,532.850580
19,664,532.850580
19,665,532.850580
19,666,532.850580
19,667,532.850580
19,668,532.850580
19,669,532.850580
19,670,532.850580
19,671,532.850580
19,672,532.850580
19,673,532.850580
19,674,532.850580
19,675,532.850580
19,676,532.850580
19,677,532.850580
19,678,532.850580
19,679,532.850580
19,680,532.850580
19,681,532.850580
19,682,532.850580
19,683,532.850580
19,684,532.850580
19,685,532.850580
19,686,532.850580
19,687,532.850580
19,688,532.850580
19,689,532.850580
19,690,532.850580
19,691,532.850580
19,692,532.850580
19,693,532.850580
19,694,532.850580
19,695,532.850580
19,696,532.850580
19,697,532.850580
19,698,532.850580
19,699,532.850580
19,700,532.850580
19,701,532.850580
19,702,532.850580
19,703,532.850580
19,704,532.850580
19,705,532.850580
19,706,532.850580
19,707,532.850580
19,708,532.850580
19,709,532.850580
19,710,532.850580
19,711,532.850580
19,712,532.850580
19,713,532.850580
19,714,532.850580
19,715,532.850580
19,716,532.850580
19,717,532.850580
19,718,532.850580
19,719,532.850580
19,720,532.850580
19,721,532.850580
19,722,532.850580
19,723,532.850580
19,724,532.850580
19,725,532.850580
19,726,532.850580
19,727,532.850580
19,728,532.850580
19,729,532.850580
19,730,532.850580
19,731,532.850580
19,732,532.850580
19,733,532.850580
19,734,532.850580
19,735,532.850580
19,736,532.850580
19,737,532.850580
19,738,532.850580
19,739,532.850580
19,740,532.850580
19,741,532.850580
19,742,532.850580
19,743,532.850580
19,744,532.850580
19,745,532.850580
19,746,532.850580
19,747,532.850580
19,748,532.850580
19,749,532.850580
19,750,532.850580
19,751,532.850580
19,752,532.850580
19,753,532.850580
19,754,532.850580
19,755,532.850580
19,756,532.850580
19,757,532.850580
19,758,532.850580
19,759,532.850580
19,760,532.850580
19,761,532.850580
19,762,532.850580
19,763,532.850580
19,764,532.850580
19,765,532.850580
19,766,532.850580
19,767,532.850580
19,768,532.850580
19,769,532.850580
19,770,532.850580
19,771,532.850580
19,772,532.850580
19,773,532.850580
19,774,532.850580
19,775,532.850580
19,776,532.850580
19,777,532.850580
19,778,532.850580
19,779,532.850580
19,780,532.850580
19,781,532.850580
19,782,532.850580
19,783,532.850580
19,784,532.850580
19,785,532.850580
19,786,532.850580
19,787,532.850580
19,788,532.850580
19,789,532.850580
19,790,532.850580
19,791,532.850580
19,792,532.850580
19,793,532.850580
19,794,532.850580
19,795,532.850580
19,796,532.850580
19,797,532.850580
19,798,532.850580
19,799,532.850580
19,800,532.850580
19,801,532.850580
19,802,532.850580
19,803,532.850580
19,804,532.850580
19,805,532.850580
19,806,532.850580
19,807,532.850580
19,808,532.850580
19,809,532.850580
19,810,532.850580
19,811,532.850580
19,812,532.850580
19,813,532.850580
19,814,532.850580
19,815,532.850580
19,816,532.850580
19,817,532.850580
19,818,532.850580
19,819,532.850580
19,820,532.850580
19,821,532.850580
19,822,532.850580
19,823,532.850580
19,824,532.850580
19,825,532.850580
19,826,532.850580
19,827,532.850580
19,828,532.850580
19,829,532.850580
19,830,532.850580
19,831,532.850580
19,832,532.850580
19,833,532.850580
19,834,532.850580
19,835,532.850580
19,836,532.850580
19,837,532.850580
19,838,532.850580
19,839,532.850580
19,840,532.850580
19,841,532.850580
19,842,532.850580
19,843,532.850580
19,844,532.850580
19,845,532.850580
19,846,532.850580
19,847,532.850580
19,848,532.850580
19,849,532.850580
19,850,532.850580
19,851,532.850580
19,852,532.850580
19,853,532.850580
19,854,532.850580
19,855,532.850580
19,856,532.850580
19,857,532.850580
19,858,532.850580
19,859,532.850580
19,860,532.850580
19,861,532.850580
19,862,532.850580
19,863,532.850580
19,864,532.850580
19,865,532.850580
19,866,532.850580
19,867,532.850580
19,868,532.850580
19,869,532.850580
19,870,532.850580
19,871,532.850580
19,872,532.850580
19,873,532.850580
19,874,532.850580
19,875,532.850580
19,876,532.850580
19,877,532.850580
19,878,532.850580
19,879,532.850580
19,880,532.850580
19,881,532.850580
19,882,532.850580
19,883,532.850580
19,884,532.850580
19,885,532.850580
19,886,532.850580
19,887,532.850580
19,888,532.850580
19,889,532.850580
19,890,532.850580
19,891,532.850580
19,892,532.850580
19,893,532.850580
19,894,532.850580
19,895,532.850580
19,896,532.850580
19,897,532.850580
19,898,532.850580
19,899,532.850580
19,900,532.850580
19,901,532.850580
19,902,532.850580
19,903,532.850580
19,904,532.850580
19,905,532.850580
19,906,532.850580
19,907,532.850580
19,908,532.850580
19,909,532.850580
19,910,532.850580
19,911,532.850580
19,912,532.850580
19,913,532.850580
19,914,532.850580
19,915,532.850580
19,916,532.850580
19,917,532.850580
19,918,532.850580
19,919,532.850580
19,920,532.850580
19,921,532.850580
19,922,532.850580
19,923,532.850580
19,924,532.850580
19,925,532.850580
19,926,532.850580
19,927,532.850580
19,928,532.850580
19,929,532.850580
19,930,532.850580
19,931,532.850580
19,932,532.850580
19,933,532.850580
19,934,532.850580
19,935,532.850580
19,936,532.850580
19,937,532.850580
19,938,532.850580
19,939,532.850580
19,940,532.850580
19,941,532.850580
19,942,532.850580
19,943,532.850580
19,944,532.850580
19,945,532.850580
19,946,532.850580
19,947,532.850580
19,948,532.850580
19,949,532.850580
19,950,532.850580
19,951,532.850580
19,952,532.850580
19,953,532.850580
19,954,532.850580
19,955,532.850580
19,956,532.850580
19,957,532.850580
19,958,532.850580
19,959,532.850580
19,960,532.850580
19,961,532.850580
19,962,532.850580
19,963,532.850580
19,964,532.850580
19,965,532.850580
19,966,532.850580
19,967,532.850580
19,968,532.850580
19,969,532.850580
19,970,532.850580
19,971,532.850580
19,972,532.850580
19,973,532.850580
19,974,532.850580
19,975,532.850580
19,976,532.850580
19,977,532.850580
19,978,532.850580
19,979,532.850580
19,980,532.850580
19,981,532.850580
19,982,532.850580
19,983,532.850580
19,984,532.850580
19,985,532.850580
19,986,532.850580
19,987,532.850580
19,988,532.850580
19,989,532.850580
19,990,532.850580
19,991,532.850580
19,992,532.850580
19,993,532.850580
19,994,532.850580
19,995,532.850580
19,996,532.850580
19,997,532.850580
19,998,532.850580
19,999,532.850580
20,0,110.122572
20,1,114.699253
20,2,148.487924
20,3,156.349986
20,4,187.905205
20,5,193.862192
20,6,205.120912
20,7,205.120912
20,8,205.120912
20,9,205.120912
20,10,205.120912
20,11,205.120912
20,12,205.120912
20,13,205.120912
20,14,205.120912
20,15,205.120912
20,16,205.120912
20,17,205.120912
20,18,205.120912
20,19,205.120912
20,20,205.120912
20,21,205.120912
20,22,205.120912
20,23,205.120912
20,24,205.120912
20,25,205.120912
20,26,205.120912
20,27,205.120912
20,28,205.120912
20,29,205.120912
20,30,205.120912
20,31,205.120912
20,32,205.120912
20,33,205.120912
20,34,205.120912
20,35,205.120912
20,36,205.120912
20,37,205.120912
20,38,205.120912
20,39,205.120912
20,40,205.120912
20,41,205.120912
20,42,205.120912
20,43,205.120912
20,44,205.120912
20,45,205.120912
20,46,205.120912
20,47,205.120912
20,48,205.120912
20,49,205.120912
20,50,205.120912
20,51,205.120912
20,52,205.120912
20,53,205.120912
20,54,205.120912
20,55,205.120912
20,56,205.120912
20,57,205.120912
20,58,205.120912
20,59,205.120912
20,60,205.120912
20,61,205.120912
20,62,205.120912
20,63,205.120912
20,64,205.120912
20,65,205.120912
20,66,205.120912
20,67,205.120912
20,68,205.120912
20,69,205.120912
20,70,205.120912
20,71,205.120912
20,72,205.120912
20,73,205.120912
20,74,205.120912
20,75,205.120912
20,76,205.120912
20,77,205.120912
20,78,205.120912
20,79,205.120912
20,80,205.120912
20,81,205.120912
20,82,205.120912
20,83,209.468023
20,84,209.468023
20,85,213.171030
20,86,213.171030
20,87,213.171030
20,88,213.171030
20,89,213.171030
20,90,213.171030
20,91,213.171030
20,92,213.171030
20,93,213.171030
20,94,213.171030
20,95,213.171030
20,96,213.171030
20,97,213.171030
20,98,213.171030
20,99,213.171030
20,100,213.171030
20,101,213.171030
20,102,213.171030
20,103,213.171030
20,104,213.171030
20,105,213.171030
20,106,213.171030
20,107,213.171030
20,108,213.171030
20,109,213.171030
20,110,213.171030
20,111,218.837884
20,112,218.837884
20,113,218.837884
20,114,218.837884
20,115,221.845997
20,116,221.845997
20,117,221.845997
20,118,221.845997
20,119,221.845997
20,120,221.845997
20,121,221.845997
20,122,221.845997
20,123,221.845997
20,124,221.845997
20,125,221.845997
20,126,221.845997
20,127,221.845997
20,128,221.845997
20,129,221.845997
20,130,221.845997
20,131,221.845997
20,132,221.845997
20,133,221.845997
20,134,221.845997
20,135,221.845997
20,136,221.845997
20,137,221.845997
20,138,221.845997
20,139,221.845997
20,140,221.845997
20,141,221.845997
20,142,238.387017
20,143,238.387017
20,144,241.322946
20,145,244.318809
20,146,244.318809
20,147,244.318809
20,148,244.318809
20,149,244.318809
20,150,301.863845
20,151,301.863845
20,152,301.863845
20,153,301.863845
20,154,301.863845
20,155,301.863845
20,156,301.863845
20,157,301.863845
20,158,301.863845
20,159,301.863845
20,160,301.863845
20,161,301.863845
20,162,301.863845
20,163,301.863845
20,164,301.863845
20,165,301.863845
20,166,301.863845
20,167,301.863845
20,168,301.863845
20,169,301.863845
20,170,301.863845
20,171,301.863845
20,172,301.863845
20,173,301.863845
20,174,301.863845
20,175,301.863845
20,176,301.863845
20,177,301.863845
20,178,301.863845
20,179,301.863845
20,180,301.863845
20,181,301.863845
20,182,301.863845
20,183,301.863845
20,184,301.863845
20,185,301.863845
20,186,301.863845
20,187,301.863845
20,188,301.863845
20,189,301.863845
20,190,301.863845
20,191,301.863845
20,192,301.863845
20,193,301.863845
20,194,301.863845
20,195,301.863845
20,196,301.863845
20,197,301.863845
20,198,301.863845
20,199,301.863845
20,200,301.863845
20,201,301.863845
20,202,301.863845
20,203,301.863845
20,204,301.863845
20,205,301.863845
20,206,301.863845
20,207,301.863845
20,208,301.863845
20,209,301.863845
20,210,301.863845
20,211,301.863845
20,212,301.863845
20,213,301.863845
20,214,301.863845
20,215,301.863845
20,216,301.863845
20,217,301.863845
20,218,301.863845
20,219,301.863845
20,220,301.863845
20,221,301.863845
20,222,301.863845
20,223,301.863845
20,224,301.863845
20,225,301.863845
20,226,301.863845
20,227,301.863845
20,228,301.863845
20,229,301.863845
20,230,301.863845
20,231,301.863845
20,232,301.863845
20,233,301.863845
20,234,301.863845
20,235,301.863845
20,236,301.863845
20,237,301.863845
20,238,301.863845
20,239,301.863845
20,240,301.863845
20,241,301.863845
20,242,301.863845
20,243,301.863845
20,244,301.863845
20,245,301.863845
20,246,301.863845
20,247,301.863845
20,248,301.863845
20,249,301.863845
20,250,301.863845
20,251,301.863845
20,252,301.863845
20,253,301.863845
20,254,301.863845
20,255,301.863845
20,256,301.863845
20,257,301.863845
20,258,301.863845
20,259,301.863845
20,260,301.863845
20,261,301.863845
20,262,301.863845
20,263,301.863845
20,264,301.863845
20,265,301.863845
20,266,301.863845
20,267,301.863845
20,268,301.863845
20,269,301.863845
20,270,301.863845
20,271,301.863845
20,272,301.863845
20,273,301.863845
20,274,301.863845
20,275,301.863845
20,276,301.863845
20,277,301.863845
20,278,301.863845
20,279,301.863845
20,280,301.863845
20,281,301.863845
20,282,301.863845
20,283,301.863845
20,284,301.863845
20,285,301.863845
20,286,301.863845
20,287,301.863845
20,288,301.863845
20,289,301.863845
20,290,301.863845
20,291,301.863845
20,292,301.863845
20,293,301.863845
20,294,301.863845
20,295,301.863845
20,296,301.863845
20,297,301.863845
20,298,301.863845
20,299,301.863845
20,300,301.863845
20,301,301.863845
20,302,301.863845
20,303,301.863845
20,304,301.863845
20,305,301.863845
20,306,301.863845
20,307,301.863845
20,308,301.863845
20,309,301.863845
20,310,301.863845
20,311,301.863845
20,312,301.863845
20,313,301.863845
20,314,301.863845
20,315,301.863845
20,316,301.863845
20,317,301.863845
20,318,301.863845
20,319,301.863845
20,320,301.863845
20,321,301.863845
20,322,301.863845
20,323,301.863845
20,324,301.863845
20,325,301.863845
20,326,301.863845
20,327,301.863845
20,328,301.863845
20,329,301.863845
20,330,301.863845
20,331,301.863845
20,332,301.863845
20,333,301.863845
20,334,301.863845
20,335,301.863845
20,336,301.863845
20,337,301.863845
20,338,301.863845
20,339,301.863845
20,340,301.863845
20,341,301.863845
20,342,301.863845
20,343,301.863845
20,344,301.863845
20,345,301.863845
20,346,301.863845
20,347,301.863845
20,348,301.863845
20,349,301.863845
20,350,301.863845
20,351,301.863845
20,352,301.863845
20,353,301.863845
20,354,301.863845
20,355,301.863845
20,356,301.863845
20,357,301.863845
20,358,301.863845
20,359,301.863845
20,360,301.863845
20,361,301.863845
20,362,301.863845
20,363,301.863845
20,364,301.863845
20,365,301.863845
20,366,301.863845
20,367,301.863845
20,368,301.863845
20,369,301.863845
20,370,301.863845
20,371,301.863845
20,372,301.863845
20,373,301.863845
20,374,301.863845
20,375,301.863845
20,376,301.863845
20,377,301.863845
20,378,301.863845
20,379,301.863845
20,380,301.863845
20,381,301.863845
20,382,301.863845
20,383,301.863845
20,384,301.863845
20,385,301.863845
20,386,301.863845
20,387,301.863845
20,388,301.863845
20,389,301.863845
20,390,301.863845
20,391,301.863845
20,392,301.863845
20,393,301.863845
20,394,301.863845
20,395,301.863845
20,396,301.863845
20,397,301.863845
20,398,301.863845
20,399,301.863845
20,400,301.863845
20,401,301.863845
20,402,301.863845
20,403,301.863845
20,404,301.863845
20,405,301.863845
20,406,301.863845
20,407,301.863845
20,408,301.863845
20,409,301.863845
20,410,301.863845
20,411,301.863845
20,412,301.863845
20,413,301.863845
20,414,301.863845
20,415,301.863845
20,416,301.863845
20,417,301.863845
20,418,301.863845
20,419,301.863845
20,420,301.863845
20,421,301.863845
20,422,301.863845
20,423,301.863845
20,424,301.863845
20,425,301.863845
20,426,301.863845
20,427,301.863845
20,428,301.863845
20,429,301.863845
20,430,301.863845
20,431,302.447173
20,432,302.447173
20,433,302.447173
20,434,302.447173
20,435,302.447173
20,436,302.447173
20,437,302.447173
20,438,302.447173
20,439,302.447173
20,440,302.447173
20,441,302.447173
20,442,302.447173
20,443,302.447173
20,444,302.447173
20,445,302.447173
20,446,302.447173
20,447,302.447173
20,448,302.447173
20,449,302.447173
20,450,302.447173
20,451,302.447173
20,452,302.447173
20,453,302.447173
20,454,302.447173
20,455,302.447173
20,456,302.447173
20,457,302.447173
20,458,302.447173
20,459,302.447173
20,460,302.447173
20,461,302.447173
20,462,302.447173
20,463,302.447173
20,464,302.447173
20,465,302.447173
20,466,302.447173
20,467,302.447173
20,468,302.447173
20,469,302.447173
20,470,302.447173
20,471,302.447173
20,472,302.447173
20,473,302.447173
20,474,302.447173
20,475,302.447173
20,476,302.447173
20,477,302.447173
20,478,302.447173
20,479,302.447173
20,480,302.447173
20,481,302.447173
20,482,302.447173
20,483,302.447173
20,484,302.447173
20,485,302.447173
20,486,302.447173
20,487,302.447173
20,488,302.447173
20,489,302.447173
20,490,302.447173
20,491,302.447173
20,492,302.447173
20,493,302.447173
20,494,302.447173
20,495,302.447173
20,496,302.447173
20,497,302.447173
20,498,302.447173
20,499,302.447173
20,500,302.447173
20,501,302.447173
20,502,302.447173
20,503,302.447173
20,504,302.447173
20,505,302.447173
20,506,302.447173
20,507,302.447173
20,508,302.447173
20,509,302.447173
20,510,302.447173
20,511,302.447173
20,512,302.447173
20,513,302.447173
20,514,302.447173
20,515,302.447173
20,516,302.447173
20,517,302.447173
20,518,302.447173
20,519,302.447173
20,520,302.447173
20,521,302.447173
20,522,302.447173
20,523,302.447173
20,524,302.447173
20,525,302.447173
20,526,302.447173
20,527,302.447173
20,528,302.447173
20,529,302.447173
20,530,302.447173
20,531,302.447173
20,532,302.447173
20,533,302.447173
20,534,302.447173
20,535,302.447173
20,536,302.447173
20,537,302.447173
20,538,302.447173
20,539,302.447173
20,540,302.447173
20,541,302.447173
20,542,302.447173
20,543,302.447173
20,544,302.447173
20,545,302.447173
20,546,302.447173
20,547,302.447173
20,548,302.447173
20,549,302.447173
20,550,302.447173
20,551,302.447173
20,552,302.447173
20,553,302.447173
20,554,302.447173
20,555,302.447173
20,556,302.447173
20,557,302.447173
20,558,302.447173
20,559,302.447173
20,560,302.447173
20,561,302.447173
20,562,302.447173
20,563,302.447173
20,564,302.447173
20,565,302.447173
20,566,302.447173
20,567,302.447173
20,568,302.447173
20,569,302.447173
20,570,302.447173
20,571,302.447173
20,572,302.447173
20,573,302.447173
20,574,302.447173
20,575,302.447173
20,576,302.447173
20,577,302.447173
20,578,302.447173
20,579,302.447173
20,580,302.447173
20,581,302.447173
20,582,302.447173
20,583,302.447173
20,584,302.447173
20,585,302.447173
20,586,302.447173
20,587,302.447173
20,588,302.447173
20,589,302.447173
20,590,302.447173
20,591,302.447173
20,592,302.447173
20,593,302.447173
20,594,302.447173
20,595,302.447173
20,596,302.447173
20,597,302.447173
20,598,302.447173
20,599,302.447173
20,600,302.447173
20,601,302.447173
20,602,302.447173
20,603,302.447173
20,604,302.447173
20,605,302.447173
20,606,302.447173
20,607,302.447173
20,608,302.447173
20,609,302.447173
20,610,302.447173
20,611,302.447173
20,612,302.447173
20,613,302.447173
20,614,302.447173
20,615,302.447173
20,616,302.447173
20,617,302.447173
20,618,302.447173
20,619,302.447173
20,620,302.447173
20,621,302.447173
20,622,302.447173
20,623,302.447173
20,624,302.447173
20,625,302.447173
20,626,302.447173
20,627,302.447173
20,628,302.447173
20,629,302.447173
20,630,302.447173
20,631,302.447173
20,632,302.447173
20,633,302.447173
20,634,302.447173
20,635,302.447173
20,636,302.447173
20,637,302.447173
20,638,302.447173
20,639,302.447173
20,640,302.447173
20,641,302.447173
20,642,302.447173
20,643,302.447173
20,644,302.447173
20,645,302.447173
20,646,302.447173
20,647,302.447173
20,648,302.447173
20,649,302.447173
20,650,302.447173
20,651,302.447173
20,652,302.447173
20,653,302.447173
20,654,302.447173
20,655,302.447173
20,656,302.447173
20,657,302.447173
20,658,302.447173
20,659,302.447173
20,660,302.447173
20,661,302.447173
20,662,302.447173
20,663,302.447173
20,664,302.447173
20,665,302.447173
20,666,302.447173
20,667,302.447173
20,668,302.447173
20,669,302.447173
20,670,302.447173
20,671,302.447173
20,672,302.447173
20,673,302.447173
20,674,302.447173
20,675,302.447173
20,676,302.447173
20,677,302.447173
20,678,302.447173
20,679,302.447173
20,680,302.447173
20,681,302.447173
20,682,302.447173
20,683,302.447173
20,684,302.447173
20,685,302.447173
20,686,302.447173
20,687,302.447173
20,688,302.447173
20,689,302.447173
20,690,302.447173
20,691,302.447173
20,692,302.447173
20,693,302.447173
20,694,302.447173
20,695,302.447173
20,696,302.447173
20,697,302.447173
20,698,302.447173
20,699,302.447173
20,700,302.447173
20,701,302.447173
20,702,302.447173
20,703,302.447173
20,704,302.447173
20,705,302.447173
20,706,302.447173
20,707,302.447173
20,708,302.447173
20,709,302.447173
20,710,302.447173
20,711,302.447173
20,712,302.447173
20,713,302.447173
20,714,302.447173
20,715,302.447173
20,716,302.447173
20,717,302.447173
20,718,302.447173
20,719,302.447173
20,720,302.447173
20,721,302.447173
20,722,302.447173
20,723,302.447173
20,724,302.447173
20,725,302.447173
20,726,302.447173
20,727,302.447173
20,728,302.447173
20,729,302.447173
20,730,302.447173
20,731,302.447173
20,732,302.447173
20,733,302.447173
20,734,302.447173
20,735,302.447173
20,736,302.447173
20,737,302.447173
20,738,302.447173
20,739,302.447173
20,740,302.447173
20,741,302.447173
20,742,302.447173
20,743,302.447173
20,744,302.447173
20,745,302.447173
20,746,302.447173
20,747,302.447173
20,748,302.447173
20,749,302.447173
20,750,302.447173
20,751,302.447173
20,752,302.447173
20,753,302.447173
20,754,302.447173
20,755,302.447173
20,756,302.447173
20,757,302.447173
20,758,302.447173
20,759,302.447173
20,760,302.447173
20,761,302.447173
20,762,302.447173
20,763,302.447173
20,764,302.447173
20,765,302.447173
20,766,302.447173
20,767,302.447173
20,768,302.447173
20,769,302.447173
20,770,302.447173
20,771,302.447173
20,772,302.447173
20,773,302.447173
20,774,302.447173
20,775,302.447173
20,776,302.447173
20,777,302.447173
20,778,302.447173
20,779,302.447173
20,780,302.447173
20,781,302.447173
20,782,302.447173
20,783,302.447173
20,784,302.447173
20,785,302.447173
20,786,302.447173
20,787,302.447173
20,788,302.447173
20,789,302.447173
20,790,302.447173
20,791,302.447173
20,792,302.447173
20,793,302.447173
20,794,302.447173
20,795,302.447173
20,796,302.447173
20,797,302.447173
20,798,302.447173
20,799,302.447173
20,800,302.447173
20,801,302.447173
20,802,302.447173
20,803,302.447173
20,804,302.447173
20,805,302.447173
20,806,302.447173
20,807,302.447173
20,808,302.447173
20,809,302.447173
20,810,302.447173
20,811,302.447173
20,812,302.447173
20,813,302.447173
20,814,302.447173
20,815,302.447173
20,816,302.447173
20,817,302.447173
20,818,302.447173
20,819,302.447173
20,820,302.447173
20,821,302.447173
20,822,302.447173
20,823,302.447173
20,824,302.447173
20,825,302.447173
20,826,302.447173
20,827,302.447173
20,828,302.447173
20,829,302.447173
20,830,302.447173
20,831,302.447173
20,832,302.447173
20,833,302.447173
20,834,302.447173
20,835,302.447173
20,836,302.447173
20,837,302.447173
20,838,302.447173
20,839,302.447173
20,840,302.447173
20,841,302.447173
20,842,302.447173
20,843,302.447173
20,844,302.447173
20,845,302.447173
20,846,302.447173
20,847,302.447173
20,848,302.447173
20,849,302.447173
20,850,302.447173
20,851,302.447173
20,852,302.447173
20,853,302.447173
20,854,302.447173
20,855,302.447173
20,856,302.447173
20,857,302.447173
20,858,302.447173
20,859,302.447173
20,860,302.447173
20,861,302.447173
20,862,302.447173
20,863,302.447173
20,864,302.447173
20,865,302.447173
20,866,302.447173
20,867,302.447173
20,868,302.447173
20,869,302.447173
20,870,302.447173
20,871,302.447173
20,872,302.447173
20,873,302.447173
20,874,302.447173
20,875,302.447173
20,876,302.447173
20,877,302.447173
20,878,302.447173
20,879,302.447173
20,880,302.447173
20,881,302.447173
20,882,302.447173
20,883,302.447173
20,884,302.447173
20,885,302.447173
20,886,302.447173
20,887,302.447173
20,888,302.447173
20,889,302.447173
20,890,302.447173
20,891,302.447173
20,892,302.447173
20,893,302.447173
20,894,302.447173
20,895,302.447173
20,896,302.447173
20,897,302.447173
20,898,302.447173
20,899,302.447173
20,900,302.447173
20,901,302.447173
20,902,302.447173
20,903,302.447173
20,904,302.447173
20,905,302.447173
20,906,302.447173
20,907,302.447173
20,908,302.447173
20,909,302.447173
20,910,302.447173
20,911,302.447173
20,912,302.447173
20,913,302.447173
20,914,302.447173
20,915,302.447173
20,916,302.447173
20,917,302.447173
20,918,302.447173
20,919,302.447173
20,920,302.447173
20,921,302.447173
20,922,302.447173
20,923,302.447173
20,924,302.447173
20,925,302.447173
20,926,302.447173
20,927,302.447173
20,928,302.447173
20,929,302.447173
20,930,302.447173
20,931,302.447173
20,932,302.447173
20,933,302.447173
20,934,302.447173
20,935,302.447173
20,936,302.447173
20,937,302.447173
20,938,302.447173
20,939,302.447173
20,940,302.447173
20,941,302.447173
20,942,302.447173
20,943,302.447173
20,944,302.447173
20,945,302.447173
20,946,302.447173
20,947,302.447173
20,948,302.447173
20,949,302.447173
20,950,302.447173
20,951,302.447173
20,952,302.447173
20,953,302.447173
20,954,302.447173
20,955,302.447173
20,956,302.447173
20,957,302.447173
20,958,302.447173
20,959,302.447173
20,960,302.447173
20,961,302.447173
20,962,302.447173
20,963,302.447173
20,964,302.447173
20,965,302.447173
20,966,302.447173
20,967,302.447173
20,968,302.447173
20,969,302.447173
20,970,302.447173
20,971,302.447173
20,972,302.447173
20,973,302.447173
20,974,302.447173
20,975,302.447173
20,976,302.447173
20,977,302.447173
20,978,302.447173
20,979,302.447173
20,980,302.447173
20,981,302.447173
20,982,302.447173
20,983,302.447173
20,984,302.447173
20,985,302.447173
20,986,302.447173
20,987,302.447173
20,988,302.447173
20,989,302.447173
20,990,302.447173
20,991,302.447173
20,992,302.447173
20,993,302.447173
20,994,302.447173
20,995,302.447173
20,996,302.447173
20,997,302.447173
20,998,302.447173
20,999,302.447173
21,0,130.677386
21,1,130.677386
21,2,130.677386
21,3,130.677386
21,4,130.677386
21,5,130.677386
21,6,130.677386
21,7,130.677386
21,8,130.677386
21,9,130.677386
21,10,130.677386
21,11,130.677386
21,12,130.677386
21,13,130.677386
21,14,147.585610
21,15,147.585610
21,16,147.585610
21,17,147.585610
21,18,147.585610
21,19,147.585610
21,20,147.585610
21,21,147.585610
21,22,147.585610
21,23,159.090707
21,24,159.090707
21,25,159.090707
21,26,159.090707
21,27,159.090707
21,28,159.090707
21,29,159.090707
21,30,159.090707
21,31,159.090707
21,32,159.090707
21,33,159.090707
21,34,159.090707
21,35,159.090707
21,36,159.090707
21,37,159.090707
21,38,159.090707
21,39,159.090707
21,40,159.090707
21,41,159.090707
21,42,159.090707
21,43,159.090707
21,44,159.090707
21,45,159.090707
21,46,159.090707
21,47,159.090707
21,48,159.090707
21,49,159.090707
21,50,159.090707
21,51,159.090707
21,52,159.090707
21,53,159.090707
21,54,159.090707
21,55,159.090707
21,56,159.090707
21,57,159.090707
21,58,159.090707
21,59,159.090707
21,60,159.090707
21,61,159.090707
21,62,159.090707
21,63,159.090707
21,64,159.090707
21,65,159.090707
21,66,159.090707
21,67,159.090707
21,68,159.090707
21,69,159.090707
21,70,165.981037
21,71,165.981037
21,72,165.981037
21,73,165.981037
21,74,166.475302
21,75,166.475302
21,76,166.475302
21,77,166.475302
21,78,166.475302
21,79,166.475302
21,80,166.475302
21,81,166.475302
21,82,166.475302
21,83,166.475302
21,84,166.475302
21,85,166.475302
21,86,166.475302
21,87,166.475302
21,88,166.475302
21,89,166.475302
21,90,173.005931
21,91,173.005931
21,92,173.005931
21,93,173.005931
21,94,173.005931
21,95,173.005931
21,96,173.005931
21,97,173.005931
21,98,175.392693
21,99,175.392693
21,100,175.392693
21,101,185.705482
21,102,187.408061
21,103,217.209692
21,104,217.209692
21,105,217.209692
21,106,217.209692
21,107,217.209692
21,108,217.209692
21,109,217.209692
21,110,217.209692
21,111,217.209692
21,112,217.209692
21,113,217.209692
21,114,217.209692
21,115,218.538316
21,116,223.689537
21,117,223.689537
21,118,223.689537
21,119,223.689537
21,120,251.680854
21,121,251.680854
21,122,251.680854
21,123,251.680854
21,124,251.680854
21,125,251.680854
21,126,251.680854
21,127,255.721391
21,128,255.721391
21,129,255.721391
21,130,264.740137
21,131,264.740137
21,132,264.740137
21,133,264.740137
21,134,267.103731
21,135,267.103731
21,136,267.103731
21,137,267.103731
21,138,267.103731
21,139,267.103731
21,140,267.103731
21,141,267.103731
21,142,267.103731
21,143,267.103731
21,144,267.103731
21,145,267.103731
21,146,267.103731
21,147,267.103731
21,148,267.103731
21,149,267.103731
21,150,267.103731
21,151,267.103731
21,152,267.103731
21,153,267.103731
21,154,267.103731
21,155,267.103731
21,156,267.103731
21,157,267.103731
21,158,267.103731
21,159,267.103731
21,160,267.103731
21,161,267.103731
21,162,267.103731
21,163,267.103731
21,164,267.103731
21,165,267.103731
21,166,267.103731
21,167,267.103731
21,168,267.103731
21,169,267.103731
21,170,267.103731
21,171,267.103731
21,172,267.103731
21,173,267.103731
21,174,267.103731
21,175,267.103731
21,176,267.103731
21,177,267.103731
21,178,267.103731
21,179,267.103731
21,180,267.103731
21,181,267.103731
21,182,267.103731
21,183,267.103731
21,184,267.103731
21,185,267.103731
21,186,267.847355
21,187,267.847355
21,188,267.847355
21,189,267.847355
21,190,267.847355
21,191,267.847355
21,192,267.847355
21,193,267.847355
21,194,267.847355
21,195,267.847355
21,196,267.847355
21,197,267.847355
21,198,267.847355
21,199,267.847355
21,200,267.847355
21,201,267.847355
21,202,267.847355
21,203,267.847355
21,204,267.847355
21,205,267.847355
21,206,267.847355
21,207,267.847355
21,208,267.847355
21,209,267.847355
21,210,267.847355
21,211,295.462082
21,212,295.462082
21,213,295.462082
21,214,295.462082
21,215,295.462082
21,216,295.462082
21,217,295.462082
21,218,295.462082
21,219,295.462082
21,220,295.462082
21,221,295.462082
21,222,295.462082
21,223,295.462082
21,224,295.462082
21,225,295.462082
21,226,295.462082
21,227,295.462082
21,228,324.166100
21,229,324.166100
21,230,324.166100
21,231,324.166100
21,232,324.166100
21,233,324.166100
21,234,324.166100
21,235,324.166100
21,236,324.166100
21,237,324.166100
21,238,324.166100
21,239,324.166100
21,240,324.166100
21,241,324.166100
21,242,324.166100
21,243,324.166100
21,244,324.166100
21,245,324.166100
21,246,324.166100
21,247,324.166100
21,248,326.645657
21,249,326.645657
21,250,326.645657
21,251,326.645657
21,252,326.645657
21,253,326.645657
21,254,326.645657
21,255,326.645657
21,256,326.645657
21,257,326.645657
21,258,326.645657
21,259,326.645657
21,260,326.645657
21,261,326.645657
21,262,326.645657
21,263,326.645657
21,264,326.645657
21,265,326.645657
21,266,326.645657
21,267,326.645657
21,268,326.645657
21,269,326.932575
21,270,326.932575
21,271,326.932575
21,272,326.932575
21,273,326.932575
21,274,329.059049
21,275,332.353456
21,276,332.353456
21,277,332.353456
21,278,332.353456
21,279,332.353456
21,280,332.353456
21,281,332.353456
21,282,338.308971
21,283,355.197089
21,284,355.197089
21,285,355.197089
21,286,355.197089
21,287,355.197089
21,288,355.197089
21,289,362.572613
21,290,362.572613
21,291,362.572613
21,292,362.572613
21,293,362.572613
21,294,362.572613
21,295,362.572613
21,296,362.572613
21,297,362.572613
21,298,367.714414
21,299,367.714414
21,300,367.714414
21,301,367.714414
21,302,367.714414
21,303,388.043243
21,304,388.043243
21,305,388.043243
21,306,388.043243
21,307,388.043243
21,308,388.043243
21,309,388.043243
21,310,388.043243
21,311,388.043243
21,312,388.043243
21,313,388.043243
21,314,388.043243
21,315,388.043243
21,316,388.043243
21,317,388.043243
21,318,388.043243
21,319,388.043243
21,320,388.043243
21,321,388.043243
21,322,388.043243
21,323,388.043243
21,324,388.043243
21,325,388.043243
21,326,388.043243
21,327,388.043243
21,328,388.043243
21,329,388.043243
21,330,388.043243
21,331,388.043243
21,332,388.043243
21,333,388.043243
21,334,388.043243
21,335,388.043243
21,336,388.043243
21,337,388.043243
21,338,388.043243
21,339,388.043243
21,340,394.142624
21,341,394.142624
21,342,394.142624
21,343,394.142624
21,344,394.142624
21,345,394.142624
21,346,394.142624
21,347,394.142624
21,348,394.142624
21,349,394.142624
21,350,394.142624
21,351,394.142624
21,352,394.142624
21,353,394.142624
21,354,394.142624
21,355,394.142624
21,356,394.142624
21,357,394.142624
21,358,394.142624
21,359,394.142624
21,360,394.142624
21,361,394.142624
21,362,394.142624
21,363,394.142624
21,364,394.142624
21,365,394.142624
21,366,394.142624
21,367,394.142624
21,368,394.142624
21,369,394.142624
21,370,394.142624
21,371,394.142624
21,372,394.142624
21,373,394.142624
21,374,394.142624
21,375,394.142624
21,376,412.347142
21,377,415.789626
21,378,453.965093
21,379,453.965093
21,380,453.965093
21,381,453.965093
21,382,453.965093
21,383,453.965093
21,384,453.965093
21,385,453.965093
21,386,453.965093
21,387,453.965093
21,388,453.965093
21,389,453.965093
21,390,453.965093
21,391,453.965093
21,392,453.965093
21,393,453.965093
21,394,453.965093
21,395,453.965093
21,396,453.965093
21,397,453.965093
21,398,487.385717
21,399,487.385717
21,400,487.385717
21,401,487.385717
21,402,487.385717
21,403,500.993653
21,404,500.993653
21,405,500.993653
21,406,500.993653
21,407,500.993653
21,408,500.993653
21,409,500.993653
21,410,500.993653
21,411,500.993653
21,412,500.993653
21,413,500.993653
21,414,500.993653
21,415,500.993653
21,416,500.993653
21,417,500.993653
21,418,500.993653
21,419,500.993653
21,420,500.993653
21,421,500.993653
21,422,500.993653
21,423,500.993653
21,424,500.993653
21,425,500.993653
21,426,500.993653
21,427,500.993653
21,428,500.993653
21,429,500.993653
21,430,500.993653
21,431,500.993653
21,432,500.993653
21,433,500.993653
21,434,500.993653
21,435,500.993653
21,436,500.993653
21,437,500.993653
21,438,500.993653
21,439,500.993653
21,440,500.993653
21,441,500.993653
21,442,500.993653
21,443,500.993653
21,444,500.993653
21,445,500.993653
21,446,500.993653
21,447,500.993653
21,448,500.993653
21,449,500.993653
21,450,500.993653
21,451,500.993653
21,452,500.993653
21,453,500.993653
21,454,500.993653
21,455,500.993653
21,456,500.993653
21,457,500.993653
21,458,500.993653
21,459,500.993653
21,460,500.993653
21,461,500.993653
21,462,500.993653
21,463,500.993653
21,464,566.657842
21,465,566.657842
21,466,566.657842
21,467,566.657842
21,468,566.657842
21,469,566.657842
21,470,566.657842
21,471,566.657842
21,472,566.657842
21,473,566.657842
21,474,566.657842
21,475,566.657842
21,476,566.657842
21,477,566.657842
21,478,566.657842
21,479,566.657842
21,480,566.657842
21,481,566.657842
21,482,566.657842
21,483,566.657842
21,484,566.657842
21,485,566.657842
21,486,566.657842
21,487,566.657842
21,488,566.657842
21,489,566.657842
21,490,566.657842
21,491,566.657842
21,492,566.657842
21,493,566.657842
21,494,566.657842
21,495,566.657842
21,496,566.657842
21,497,566.657842
21,498,566.657842
21,499,566.657842
21,500,566.657842
21,501,566.657842
21,502,566.657842
21,503,566.657842
21,504,566.657842
21,505,566.657842
21,506,566.657842
21,507,566.657842
21,508,566.657842
21,509,566.657842
21,510,566.657842
21,511,566.657842
21,512,566.657842
21,513,566.657842
21,514,566.657842
21,515,566.657842
21,516,566.657842
21,517,566.657842
21,518,566.657842
21,519,566.657842
21,520,566.657842
21,521,566.657842
21,522,566.657842
21,523,566.657842
21,524,566.657842
21,525,566.657842
21,526,566.657842
21,527,566.657842
21,528,566.657842
21,529,566.657842
21,530,566.657842
21,531,566.657842
21,532,566.657842
21,533,566.657842
21,534,566.657842
21,535,566.657842
21,536,566.657842
21,537,566.657842
21,538,566.657842
21,539,566.657842
21,540,566.657842
21,541,566.657842
21,542,566.657842
21,543,566.657842
21,544,566.657842
21,545,566.657842
21,546,566.657842
21,547,566.657842
21,548,566.657842
21,549,566.657842
21,550,566.657842
21,551,566.657842
21,552,566.657842
21,553,566.657842
21,554,566.657842
21,555,566.657842
21,556,566.657842
21,557,566.657842
21,558,566.657842
21,559,566.657842
21,560,566.657842
21,561,566.657842
21,562,566.657842
21,563,566.657842
21,564,566.657842
21,565,566.657842
21,566,566.657842
21,567,566.657842
21,568,566.657842
21,569,566.657842
21,570,566.657842
21,571,566.657842
21,572,566.657842
21,573,566.657842
21,574,566.657842
21,575,566.657842
21,576,566.657842
21,577,566.657842
21,578,566.657842
21,579,566.657842
21,580,566.657842
21,581,566.657842
21,582,566.657842
21,583,566.657842
21,584,566.657842
21,585,566.657842
21,586,566.657842
21,587,566.657842
21,588,566.657842
21,589,566.657842
21,590,566.657842
21,591,566.657842
21,592,566.657842
21,593,566.657842
21,594,566.657842
21,595,566.657842
21,596,566.657842
21,597,566.657842
21,598,566.657842
21,599,566.657842
21,600,566.657842
21,601,566.657842
21,602,566.657842
21,603,566.657842
21,604,566.657842
21,605,566.657842
21,606,566.657842
21,607,566.657842
21,608,566.657842
21,609,566.657842
21,610,566.657842
21,611,566.657842
21,612,566.657842
21,613,566.657842
21,614,566.657842
21,615,566.657842
21,616,566.657842
21,617,566.657842
21,618,566.657842
21,619,566.657842
21,620,566.657842
21,621,566.657842
21,622,566.657842
21,623,566.657842
21,624,566.657842
21,625,566.657842
21,626,566.657842
21,627,566.657842
21,628,566.657842
21,629,566.657842
21,630,566.657842
21,631,566.657842
21,632,566.657842
21,633,566.657842
21,634,566.657842
21,635,566.657842
21,636,566.657842
21,637,566.657842
21,638,566.657842
21,639,566.657842
21,640,566.657842
21,641,566.657842
21,642,566.657842
21,643,566.657842
21,644,566.657842
21,645,566.657842
21,646,566.657842
21,647,566.657842
21,648,566.657842
21,649,566.657842
21,650,566.657842
21,651,566.657842
21,652,566.657842
21,653,566.657842
21,654,566.657842
21,655,566.657842
21,656,566.657842
21,657,566.657842
21,658,566.657842
21,659,566.657842
21,660,566.657842
21,661,566.657842
21,662,566.657842
21,663,566.657842
21,664,566.657842
21,665,566.657842
21,666,566.657842
21,667,566.657842
21,668,566.657842
21,669,566.657842
21,670,566.657842
21,671,566.657842
21,672,566.657842
21,673,566.657842
21,674,566.657842
21,675,566.657842
21,676,566.657842
21,677,566.657842
21,678,566.657842
21,679,566.657842
21,680,566.657842
21,681,566.657842
21,682,566.657842
21,683,566.657842
21,684,566.657842
21,685,566.657842
21,686,566.657842
21,687,566.657842
21,688,566.657842
21,689,566.657842
21,690,566.657842
21,691,566.657842
21,692,566.657842
21,693,566.657842
21,694,566.657842
21,695,566.657842
21,696,566.657842
21,697,566.657842
21,698,566.657842
21,699,566.657842
21,700,566.657842
21,701,566.657842
21,702,566.657842
21,703,566.657842
21,704,566.657842
21,705,566.657842
21,706,566.657842
21,707,566.657842
21,708,566.657842
21,709,566.657842
21,710,566.657842
21,711,566.657842
21,712,566.657842
21,713,566.657842
21,714,566.657842
21,715,566.657842
21,716,566.657842
21,717,566.657842
21,718,566.657842
21,719,566.657842
21,720,566.657842
21,721,566.657842
21,722,566.657842
21,723,566.657842
21,724,566.657842
21,725,566.657842
21,726,566.657842
21,727,566.657842
21,728,566.657842
21,729,566.657842
21,730,566.657842
21,731,566.657842
21,732,566.657842
21,733,566.657842
21,734,566.657842
21,735,566.657842
21,736,566.657842
21,737,566.657842
21,738,566.657842
21,739,566.657842
21,740,566.657842
21,741,566.657842
21,742,566.657842
21,743,566.657842
21,744,566.657842
21,745,566.657842
21,746,566.657842
21,747,566.657842
21,748,566.657842
21,749,566.657842
21,750,566.657842
21,751,566.657842
21,752,566.657842
21,753,566.657842
21,754,566.657842
21,755,566.657842
21,756,566.657842
21,757,566.657842
21,758,566.657842
21,759,566.657842
21,760,566.657842
21,761,566.657842
21,762,566.657842
21,763,566.657842
21,764,566.657842
21,765,566.657842
21,766,566.657842
21,767,566.657842
21,768,566.657842
21,769,566.657842
21,770,566.657842
21,771,566.657842
21,772,566.657842
21,773,566.657842
21,774,566.657842
21,775,566.657842
21,776,566.657842
21,777,566.657842
21,778,566.657842
21,779,566.657842
21,780,566.657842
21,781,566.657842
21,782,566.657842
21,783,566.657842
21,784,566.657842
21,785,566.657842
21,786,566.657842
21,787,566.657842
21,788,566.657842
21,789,566.657842
21,790,566.657842
21,791,566.657842
21,792,566.657842
21,793,566.657842
21,794,566.657842
21,795,566.657842
21,796,566.657842
21,797,566.657842
21,798,566.657842
21,799,566.657842
21,800,566.657842
21,801,566.657842
21,802,566.657842
21,803,566.657842
21,804,566.657842
21,805,566.657842
21,806,566.657842
21,807,566.657842
21,808,566.657842
21,809,566.657842
21,810,566.657842
21,811,566.657842
21,812,566.657842
21,813,566.657842
21,814,566.657842
21,815,566.657842
21,816,566.657842
21,817,566.657842
21,818,566.657842
21,819,566.657842
21,820,566.657842
21,821,566.657842
21,822,566.657842
21,823,566.657842
21,824,566.657842
21,825,566.657842
21,826,566.657842
21,827,566.657842
21,828,566.657842
21,829,566.657842
21,830,566.657842
21,831,566.657842
21,832,566.657842
21,833,566.657842
21,834,566.657842
21,835,566.657842
21,836,566.657842
21,837,566.657842
21,838,566.657842
21,839,566.657842
21,840,566.657842
21,841,566.657842
21,842,566.657842
21,843,566.657842
21,844,566.657842
21,845,566.657842
21,846,566.657842
21,847,566.657842
21,848,566.657842
21,849,566.657842
21,850,566.657842
21,851,566.657842
21,852,566.657842
21,853,566.657842
21,854,566.657842
21,855,566.657842
21,856,566.657842
21,857,566.657842
21,858,566.657842
21,859,566.657842
21,860,566.657842
21,861,566.657842
21,862,566.657842
21,863,566.657842
21,864,566.657842
21,865,566.657842
21,866,566.657842
21,867,566.657842
21,868,566.657842
21,869,566.657842
21,870,566.657842
21,871,566.657842
21,872,566.657842
21,873,566.657842
21,874,566.657842
21,875,566.657842
21,876,566.657842
21,877,566.657842
21,878,566.657842
21,879,566.657842
21,880,566.657842
21,881,566.657842
21,882,566.657842
21,883,566.657842
21,884,566.657842
21,885,566.657842
21,886,566.657842
21,887,566.657842
21,888,566.657842
21,889,566.657842
21,890,566.657842
21,891,566.657842
21,892,566.657842
21,893,566.657842
21,894,566.657842
21,895,566.657842
21,896,566.657842
21,897,566.657842
21,898,566.657842
21,899,566.657842
21,900,566.657842
21,901,566.657842
21,902,566.657842
21,903,566.657842
21,904,566.657842
21,905,566.657842
21,906,566.657842
21,907,566.657842
21,908,566.657842
21,909,566.657842
21,910,566.657842
21,911,566.657842
21,912,566.657842
21,913,566.657842
21,914,566.657842
21,915,566.657842
21,916,566.657842
21,917,566.657842
21,918,566.657842
21,919,566.657842
21,920,566.657842
21,921,566.657842
21,922,566.657842
21,923,566.657842
21,924,566.657842
21,925,566.657842
21,926,566.657842
21,927,566.657842
21,928,566.657842
21,929,566.657842
21,930,566.657842
21,931,566.657842
21,932,566.657842
21,933,566.657842
21,934,566.657842
21,935,566.657842
21,936,566.657842
21,937,566.657842
21,938,566.657842
21,939,566.657842
21,940,566.657842
21,941,566.657842
21,942,566.657842
21,943,566.657842
21,944,566.657842
21,945,566.657842
21,946,566.657842
21,947,566.657842
21,948,566.657842
21,949,566.657842
21,950,566.657842
21,951,566.657842
21,952,566.657842
21,953,566.657842
21,954,566.657842
21,955,566.657842
21,956,566.657842
21,957,566.657842
21,958,566.657842
21,959,566.657842
21,960,566.657842
21,961,566.657842
21,962,566.657842
21,963,566.657842
21,964,566.657842
21,965,566.657842
21,966,566.657842
21,967,566.657842
21,968,566.657842
21,969,566.657842
21,970,566.657842
21,971,566.657842
21,972,566.657842
21,973,566.657842
21,974,566.657842
21,975,566.657842
21,976,566.657842
21,977,566.657842
21,978,566.657842
21,979,566.657842
21,980,566.657842
21,981,566.657842
21,982,566.657842
21,983,566.657842
21,984,566.657842
21,985,566.657842
21,986,566.657842
21,987,566.657842
21,988,566.657842
21,989,566.657842
21,990,566.657842
21,991,566.657842
21,992,566.657842
21,993,566.657842
21,994,566.657842
21,995,566.657842
21,996,566.657842
21,997,566.657842
21,998,566.657842
21,999,566.657842
22,0,121.994097
22,1,121.994097
22,2,121.994097
22,3,121.994097
22,4,121.994097
22,5,121.994097
22,6,121.994097
22,7,121.994097
22,8,121.994097
22,9,121.994097
22,10,121.994097
22,11,121.994097
22,12,121.994097
22,13,121.994097
22,14,121.994097
22,15,121.994097
22,16,121.994097
22,17,121.994097
22,18,121.994097
22,19,121.994097
22,20,121.994097
22,21,121.994097
22,22,121.994097
22,23,121.994097
22,24,121.994097
22,25,121.994097
22,26,121.994097
22,27,121.994097
22,28,121.994097
22,29,128.333806
22,30,131.429108
22,31,141.927488
22,32,141.927488
22,33,141.927488
22,34,141.927488
22,35,141.927488
22,36,141.927488
22,37,141.927488
22,38,141.927488
22,39,141.927488
22,40,141.927488
22,41,141.927488
22,42,141.927488
22,43,141.927488
22,44,141.927488
22,45,141.927488
22,46,141.927488
22,47,141.927488
22,48,141.927488
22,49,141.927488
22,50,141.927488
22,51,141.927488
22,52,141.927488
22,53,141.927488
22,54,141.927488
22,55,141.927488
22,56,141.927488
22,57,141.927488
22,58,141.927488
22,59,141.927488
22,60,141.927488
22,61,141.927488
22,62,141.927488
22,63,143.814618
22,64,170.728016
22,65,179.474534
22,66,179.474534
22,67,191.373231
22,68,191.373231
22,69,231.322138
22,70,298.724524
22,71,298.724524
22,72,338.434448
22,73,338.434448
22,74,343.292857
22,75,343.292857
22,76,343.292857
22,77,343.292857
22,78,343.292857
22,79,343.292857
22,80,352.265902
22,81,377.104132
22,82,377.104132
22,83,377.104132
22,84,377.104132
22,85,387.675920
22,86,387.713314
22,87,391.292249
22,88,391.292249
22,89,391.292249
22,90,391.292249
22,91,391.292249
22,92,391.292249
22,93,391.292249
22,94,391.292249
22,95,391.292249
22,96,391.292249
22,97,391.292249
22,98,391.292249
22,99,391.292249
22,100,391.292249
22,101,391.292249
22,102,391.292249
22,103,391.292249
22,104,391.292249
22,105,391.292249
22,106,391.292249
22,107,402.852524
22,108,470.572290
22,109,470.572290
22,110,470.572290
22,111,470.572290
22,112,470.572290
22,113,470.572290
22,114,470.572290
22,115,470.572290
22,116,470.572290
22,117,470.572290
22,118,470.572290
22,119,470.572290
22,120,470.572290
22,121,470.572290
22,122,470.572290
22,123,470.572290
22,124,470.572290
22,125,470.572290
22,126,470.572290
22,127,470.572290
22,128,470.572290
22,129,470.572290
22,130,470.572290
22,131,470.572290
22,132,470.572290
22,133,470.572290
22,134,470.572290
22,135,470.572290
22,136,470.572290
22,137,470.572290
22,138,470.572290
22,139,470.572290
22,140,470.572290
22,141,470.572290
22,142,470.572290
22,143,470.572290
22,144,470.572290
22,145,470.572290
22,146,470.572290
22,147,470.572290
22,148,470.572290
22,149,470.572290
22,150,470.572290
22,151,470.572290
22,152,470.572290
22,153,470.572290
22,154,470.572290
22,155,470.572290
22,156,470.572290
22,157,470.572290
22,158,470.572290
22,159,470.572290
22,160,494.243117
22,161,494.243117
22,162,498.215288
22,163,498.215288
22,164,498.215288
22,165,498.215288
22,166,498.215288
22,167,498.215288
22,168,498.215288
22,169,498.215288
22,170,498.215288
22,171,498.215288
22,172,498.215288
22,173,517.073116
22,174,517.073116
22,175,517.073116
22,176,517.073116
22,177,517.073116
22,178,517.073116
22,179,517.073116
22,180,517.073116
22,181,517.073116
22,182,517.073116
22,183,517.073116
22,184,517.073116
22,185,517.073116
22,186,517.073116
22,187,517.073116
22,188,517.073116
22,189,517.073116
22,190,517.073116
22,191,517.073116
22,192,517.073116
22,193,517.073116
22,194,517.073116
22,195,517.073116
22,196,517.073116
22,197,517.073116
22,198,517.073116
22,199,517.073116
22,200,517.073116
22,201,517.073116
22,202,517.073116
22,203,517.073116
22,204,517.073116
22,205,517.073116
22,206,517.073116
22,207,517.073116
22,208,543.407427
22,209,543.407427
22,210,543.407427
22,211,543.407427
22,212,543.407427
22,213,543.407427
22,214,543.407427
22,215,543.407427
22,216,543.407427
22,217,543.407427
22,218,543.407427
22,219,543.407427
22,220,543.407427
22,221,543.407427
22,222,543.407427
22,223,543.407427
22,224,543.407427
22,225,543.407427
22,226,543.407427
22,227,543.407427
22,228,543.407427
22,229,543.407427
22,230,543.407427
22,231,543.407427
22,232,543.407427
22,233,543.407427
22,234,543.407427
22,235,543.407427
22,236,543.407427
22,237,543.407427
22,238,543.407427
22,239,543.407427
22,240,543.407427
22,241,543.407427
22,242,543.407427
22,243,543.407427
22,244,543.407427
22,245,543.407427
22,246,543.407427
22,247,543.407427
22,248,543.407427
22,249,543.407427
22,250,543.407427
22,251,543.407427
22,252,543.407427
22,253,543.407427
22,254,543.407427
22,255,543.407427
22,256,543.407427
22,257,543.407427
22,258,543.407427
22,259,543.407427
22,260,543.407427
22,261,543.407427
22,262,543.407427
22,263,543.407427
22,264,543.407427
22,265,543.407427
22,266,543.407427
22,267,543.407427
22,268,543.407427
22,269,543.407427
22,270,543.407427
22,271,543.407427
22,272,543.407427
22,273,543.407427
22,274,543.407427
22,275,543.407427
22,276,543.407427
22,277,543.407427
22,278,543.407427
22,279,543.407427
22,280,543.407427
22,281,543.407427
22,282,543.407427
22,283,543.407427
22,284,543.407427
22,285,543.407427
22,286,543.407427
22,287,543.407427
22,288,543.407427
22,289,543.407427
22,290,543.407427
22,291,543.407427
22,292,543.407427
22,293,543.407427
22,294,543.407427
22,295,543.407427
22,296,543.407427
22,297,543.407427
22,298,543.407427
22,299,543.407427
22,300,543.407427
22,301,543.407427
22,302,543.407427
22,303,543.407427
22,304,543.407427
22,305,543.407427
22,306,543.407427
22,307,543.407427
22,308,543.407427
22,309,543.407427
22,310,543.407427
22,311,543.407427
22,312,543.407427
22,313,543.407427
22,314,543.407427
22,315,543.407427
22,316,543.407427
22,317,543.407427
22,318,543.407427
22,319,543.407427
22,320,543.407427
22,321,543.407427
22,322,543.407427
22,323,543.407427
22,324,543.407427
22,325,543.407427
22,326,543.407427
22,327,543.407427
22,328,543.407427
22,329,543.407427
22,330,543.407427
22,331,543.407427
22,332,543.407427
22,333,543.407427
22,334,543.407427
22,335,543.407427
22,336,543.407427
22,337,543.407427
22,338,543.407427
22,339,543.407427
22,340,543.407427
22,341,543.407427
22,342,543.407427
22,343,543.407427
22,344,543.407427
22,345,543.407427
22,346,543.407427
22,347,543.407427
22,348,543.407427
22,349,543.407427
22,350,543.407427
22,351,543.407427
22,352,543.407427
22,353,543.407427
22,354,543.407427
22,355,543.407427
22,356,543.407427
22,357,543.407427
22,358,543.407427
22,359,543.407427
22,360,543.407427
22,361,543.407427
22,362,543.407427
22,363,543.407427
22,364,543.407427
22,365,543.407427
22,366,543.407427
22,367,543.407427
22,368,543.407427
22,369,543.407427
22,370,543.407427
22,371,543.407427
22,372,543.407427
22,373,543.407427
22,374,543.407427
22,375,543.407427
22,376,543.407427
22,377,543.407427
22,378,543.407427
22,379,543.407427
22,380,543.407427
22,381,543.407427
22,382,543.407427
22,383,543.407427
22,384,543.407427
22,385,543.407427
22,386,543.407427
22,387,543.407427
22,388,543.407427
22,389,543.407427
22,390,543.407427
22,391,543.407427
22,392,543.407427
22,393,543.407427
22,394,543.407427
22,395,543.407427
22,396,543.407427
22,397,543.407427
22,398,543.407427
22,399,543.407427
22,400,543.407427
22,401,543.407427
22,402,543.407427
22,403,543.407427
22,404,543.407427
22,405,543.407427
22,406,543.407427
22,407,543.407427
22,408,543.407427
22,409,543.407427
22,410,543.407427
22,411,543.407427
22,412,543.407427
22,413,543.407427
22,414,543.407427
22,415,543.407427
22,416,543.407427
22,417,543.407427
22,418,543.407427
22,419,543.407427
22,420,543.407427
22,421,543.407427
22,422,543.407427
22,423,543.407427
22,424,543.407427
22,425,543.407427
22,426,543.407427
22,427,543.407427
22,428,543.407427
22,429,543.407427
22,430,543.407427
22,431,543.407427
22,432,543.407427
22,433,543.407427
22,434,543.407427
22,435,543.407427
22,436,543.407427
22,437,543.407427
22,438,543.407427
22,439,543.407427
22,440,543.407427
22,441,543.407427
22,442,543.407427
22,443,543.407427
22,444,543.407427
22,445,543.407427
22,446,543.407427
22,447,543.407427
22,448,543.407427
22,449,543.407427
22,450,543.407427
22,451,543.407427
22,452,543.407427
22,453,543.407427
22,454,543.407427
22,455,543.407427
22,456,543.407427
22,457,543.407427
22,458,543.407427
22,459,543.407427
22,460,543.407427
22,461,543.407427
22,462,543.407427
22,463,543.407427
22,464,543.407427
22,465,543.407427
22,466,543.407427
22,467,543.407427
22,468,543.407427
22,469,543.407427
22,470,543.407427
22,471,543.407427
22,472,543.407427
22,473,543.407427
22,474,543.407427
22,475,543.407427
22,476,543.407427
22,477,543.407427
22,478,543.407427
22,479,543.407427
22,480,543.407427
22,481,543.407427
22,482,543.407427
22,483,543.407427
22,484,543.407427
22,485,543.407427
22,486,543.407427
22,487,543.407427
22,488,543.407427
22,489,543.407427
22,490,543.407427
22,491,543.407427
22,492,543.407427
22,493,543.407427
22,494,543.407427
22,495,543.407427
22,496,543.407427
22,497,543.407427
22,498,543.407427
22,499,543.407427
22,500,543.407427
22,501,543.407427
22,502,543.407427
22,503,543.407427
22,504,543.407427
22,505,543.407427
22,506,543.407427
22,507,543.407427
22,508,543.407427
22,509,543.407427
22,510,543.407427
22,511,543.407427
22,512,543.407427
22,513,543.407427
22,514,543.407427
22,515,543.407427
22,516,543.407427
22,517,543.407427
22,518,543.407427
22,519,543.407427
22,520,543.407427
22,521,543.407427
22,522,543.407427
22,523,543.407427
22,524,543.407427
22,525,543.407427
22,526,543.407427
22,527,543.407427
22,528,543.407427
22,529,543.407427
22,530,543.407427
22,531,543.407427
22,532,543.407427
22,533,543.407427
22,534,543.407427
22,535,543.407427
22,536,543.407427
22,537,543.407427
22,538,543.407427
22,539,543.407427
22,540,543.407427
22,541,543.407427
22,542,543.407427
22,543,543.407427
22,544,543.407427
22,545,543.407427
22,546,543.407427
22,547,543.407427
22,548,543.407427
22,549,543.407427
22,550,543.407427
22,551,543.407427
22,552,543.407427
22,553,543.407427
22,554,543.407427
22,555,543.407427
22,556,543.407427
22,557,543.407427
22,558,543.407427
22,559,543.407427
22,560,543.407427
22,561,543.407427
22,562,543.407427
22,563,543.407427
22,564,543.407427
22,565,543.407427
22,566,543.407427
22,567,543.407427
22,568,543.407427
22,569,543.407427
22,570,543.407427
22,571,543.407427
22,572,543.407427
22,573,543.407427
22,574,543.407427
22,575,543.407427
22,576,543.407427
22,577,543.407427
22,578,543.407427
22,579,543.407427
22,580,543.407427
22,581,543.407427
22,582,543.407427
22,583,543.407427
22,584,543.407427
22,585,543.407427
22,586,543.407427
22,587,543.407427
22,588,543.407427
22,589,543.407427
22,590,543.407427
22,591,543.407427
22,592,543.407427
22,593,543.407427
22,594,543.407427
22,595,543.407427
22,596,543.407427
22,597,543.407427
22,598,543.407427
22,599,543.407427
22,600,543.407427
22,601,543.407427
22,602,543.407427
22,603,543.407427
22,604,543.407427
22,605,543.407427
22,606,543.407427
22,607,543.407427
22,608,543.407427
22,609,543.407427
22,610,543.407427
22,611,543.407427
22,612,543.407427
22,613,543.407427
22,614,543.407427
22,615,543.407427
22,616,543.407427
22,617,543.407427
22,618,543.407427
22,619,543.407427
22,620,543.407427
22,621,543.407427
22,622,543.407427
22,623,543.407427
22,624,543.407427
22,625,543.407427
22,626,543.407427
22,627,543.407427
22,628,543.407427
22,629,543.407427
22,630,543.407427
22,631,543.407427
22,632,543.407427
22,633,543.407427
22,634,543.407427
22,635,543.407427
22,636,543.407427
22,637,543.407427
22,638,543.407427
22,639,543.407427
22,640,543.407427
22,641,543.407427
22,642,543.407427
22,643,543.407427
22,644,543.407427
22,645,543.407427
22,646,543.407427
22,647,543.407427
22,648,543.407427
22,649,543.407427
22,650,543.407427
22,651,543.407427
22,652,543.407427
22,653,543.407427
22,654,543.407427
22,655,543.407427
22,656,543.407427
22,657,543.407427
22,658,543.407427
22,659,543.407427
22,660,543.407427
22,661,543.407427
22,662,543.407427
22,663,543.407427
22,664,543.407427
22,665,543.407427
22,666,543.407427
22,667,543.407427
22,668,543.407427
22,669,543.407427
22,670,543.407427
22,671,543.407427
22,672,543.407427
22,673,543.407427
22,674,543.407427
22,675,543.407427
22,676,543.407427
22,677,543.407427
22,678,543.407427
22,679,543.407427
22,680,543.407427
22,681,543.407427
22,682,543.407427
22,683,543.407427
22,684,543.407427
22,685,543.407427
22,686,543.407427
22,687,543.407427
22,688,543.407427
22,689,543.407427
22,690,543.407427
22,691,543.407427
22,692,543.407427
22,693,543.407427
22,694,543.407427
22,695,543.407427
22,696,543.407427
22,697,543.407427
22,698,543.407427
22,699,543.407427
22,700,543.407427
22,701,543.407427
22,702,543.407427
22,703,543.407427
22,704,543.407427
22,705,543.407427
22,706,543.407427
22,707,543.407427
22,708,543.407427
22,709,543.407427
22,710,543.407427
22,711,543.407427
22,712,543.407427
22,713,543.407427
22,714,543.407427
22,715,543.407427
22,716,543.407427
22,717,543.407427
22,718,543.407427
22,719,543.407427
22,720,543.407427
22,721,543.407427
22,722,543.407427
22,723,543.407427
22,724,543.407427
22,725,543.407427
22,726,543.407427
22,727,543.407427
22,728,543.407427
22,729,543.407427
22,730,543.407427
22,731,543.407427
22,732,543.407427
22,733,543.407427
22,734,543.407427
22,735,543.407427
22,736,543.407427
22,737,543.407427
22,738,543.407427
22,739,543.407427
22,740,543.407427
22,741,543.407427
22,742,543.407427
22,743,543.407427
22,744,543.407427
22,745,543.407427
22,746,543.407427
22,747,543.407427
22,748,543.407427
22,749,543.407427
22,750,543.407427
22,751,543.407427
22,752,543.407427
22,753,543.407427
22,754,543.407427
22,755,543.407427
22,756,543.407427
22,757,543.407427
22,758,543.407427
22,759,543.407427
22,760,543.407427
22,761,543.407427
22,762,543.407427
22,763,543.407427
22,764,543.407427
22,765,543.407427
22,766,543.407427
22,767,543.407427
22,768,543.407427
22,769,543.407427
22,770,543.407427
22,771,543.407427
22,772,543.407427
22,773,543.407427
22,774,543.407427
22,775,543.407427
22,776,543.407427
22,777,543.407427
22,778,543.407427
22,779,543.407427
22,780,543.407427
22,781,543.407427
22,782,543.407427
22,783,543.407427
22,784,543.407427
22,785,543.407427
22,786,543.407427
22,787,543.407427
22,788,543.407427
22,789,543.407427
22,790,543.407427
22,791,543.407427
22,792,543.407427
22,793,543.407427
22,794,543.407427
22,795,543.407427
22,796,543.407427
22,797,543.407427
22,798,543.407427
22,799,543.407427
22,800,543.407427
22,801,543.407427
22,802,543.407427
22,803,543.407427
22,804,543.407427
22,805,543.407427
22,806,543.407427
22,807,543.407427
22,808,543.407427
22,809,543.407427
22,810,543.407427
22,811,543.407427
22,812,543.407427
22,813,543.407427
22,814,543.407427
22,815,543.407427
22,816,543.407427
22,817,543.407427
22,818,543.407427
22,819,543.407427
22,820,543.407427
22,821,543.407427
22,822,543.407427
22,823,543.407427
22,824,543.407427
22,825,543.407427
22,826,543.407427
22,827,543.407427
22,828,543.407427
22,829,543.407427
22,830,543.407427
22,831,543.407427
22,832,543.407427
22,833,543.407427
22,834,543.407427
22,835,543.407427
22,836,543.407427
22,837,543.407427
22,838,543.407427
22,839,543.407427
22,840,543.407427
22,841,543.407427
22,842,543.407427
22,843,543.407427
22,844,543.407427
22,845,543.407427
22,846,543.407427
22,847,543.407427
22,848,543.407427
22,849,543.407427
22,850,543.407427
22,851,543.407427
22,852,543.407427
22,853,543.407427
22,854,543.407427
22,855,543.407427
22,856,543.407427
22,857,543.407427
22,858,543.407427
22,859,543.407427
22,860,543.407427
22,861,543.407427
22,862,543.407427
22,863,543.407427
22,864,543.407427
22,865,543.407427
22,866,543.407427
22,867,543.407427
22,868,543.407427
22,869,543.407427
22,870,543.407427
22,871,543.407427
22,872,543.407427
22,873,543.407427
22,874,543.407427
22,875,543.407427
22,876,543.407427
22,877,543.407427
22,878,543.407427
22,879,543.407427
22,880,543.407427
22,881,543.407427
22,882,543.407427
22,883,543.407427
22,884,543.407427
22,885,543.407427
22,886,543.407427
22,887,543.407427
22,888,543.407427
22,889,543.407427
22,890,543.407427
22,891,543.407427
22,892,543.407427
22,893,543.407427
22,894,543.407427
22,895,543.407427
22,896,543.407427
22,897,543.407427
22,898,543.407427
22,899,543.407427
22,900,543.407427
22,901,543.407427
22,902,543.407427
22,903,543.407427
22,904,543.407427
22,905,543.407427
22,906,543.407427
22,907,543.407427
22,908,543.407427
22,909,543.407427
22,910,543.407427
22,911,543.407427
22,912,543.407427
22,913,543.407427
22,914,543.407427
22,915,543.407427
22,916,543.407427
22,917,543.407427
22,918,543.407427
22,919,543.407427
22,920,543.407427
22,921,543.407427
22,922,543.407427
22,923,543.407427
22,924,543.407427
22,925,543.407427
22,926,543.407427
22,927,543.407427
22,928,543.407427
22,929,543.407427
22,930,543.407427
22,931,543.407427
22,932,543.407427
22,933,543.407427
22,934,543.407427
22,935,543.407427
22,936,543.407427
22,937,543.407427
22,938,543.407427
22,939,543.407427
22,940,543.407427
22,941,543.407427
22,942,543.407427
22,943,543.407427
22,944,543.407427
22,945,543.407427
22,946,543.407427
22,947,543.407427
22,948,543.407427
22,949,543.407427
22,950,543.407427
22,951,543.407427
22,952,543.407427
22,953,543.407427
22,954,543.407427
22,955,543.407427
22,956,543.407427
22,957,543.407427
22,958,543.407427
22,959,543.407427
22,960,543.407427
22,961,543.407427
22,962,543.407427
22,963,543.407427
22,964,543.407427
22,965,543.407427
22,966,543.407427
22,967,543.407427
22,968,543.407427
22,969,543.407427
22,970,543.407427
22,971,543.407427
22,972,543.407427
22,973,543.407427
22,974,543.407427
22,975,543.407427
22,976,543.407427
22,977,543.407427
22,978,543.407427
22,979,543.407427
22,980,543.407427
22,981,543.407427
22,982,543.407427
22,983,543.407427
22,984,543.407427
22,985,543.407427
22,986,543.407427
22,987,543.407427
22,988,543.407427
22,989,543.407427
22,990,543.407427
22,991,543.407427
22,992,543.407427
22,993,543.407427
22,994,543.407427
22,995,543.407427
22,996,543.407427
22,997,543.407427
22,998,543.407427
22,999,543.407427
23,0,111.876574
23,1,111.876574
23,2,111.876574
23,3,111.876574
23,4,111.876574
23,5,111.876574
23,6,131.456046
23,7,131.456046
23,8,131.456046
23,9,131.456046
23,10,138.486785
23,11,138.486785
23,12,138.486785
23,13,138.486785
23,14,138.486785
23,15,138.486785
23,16,138.486785
23,17,138.486785
23,18,138.486785
23,19,138.486785
23,20,138.486785
23,21,138.486785
23,22,138.486785
23,23,138.486785
23,24,138.486785
23,25,138.486785
23,26,138.486785
23,27,138.486785
23,28,138.486785
23,29,138.486785
23,30,138.486785
23,31,138.486785
23,32,138.486785
23,33,138.486785
23,34,166.492631
23,35,166.492631
23,36,166.492631
23,37,173.437086
23,38,173.437086
23,39,173.437086
23,40,173.437086
23,41,173.437086
23,42,173.437086
23,43,173.437086
23,44,192.467763
23,45,192.467763
23,46,244.637196
23,47,259.934222
23,48,325.106442
23,49,325.106442
23,50,325.106442
23,51,325.106442
23,52,325.106442
23,53,325.106442
23,54,325.106442
23,55,325.106442
23,56,325.106442
23,57,325.106442
23,58,325.106442
23,59,325.106442
23,60,325.106442
23,61,325.106442
23,62,325.106442
23,63,325.106442
23,64,325.106442
23,65,325.106442
23,66,325.106442
23,67,325.106442
23,68,325.106442
23,69,325.106442
23,70,325.106442
23,71,325.106442
23,72,325.106442
23,73,325.106442
23,74,325.106442
23,75,325.106442
23,76,325.106442
23,77,325.106442
23,78,325.106442
23,79,325.106442
23,80,325.106442
23,81,329.932459
23,82,329.932459
23,83,329.932459
23,84,329.932459
23,85,329.932459
23,86,329.932459
23,87,329.932459
23,88,329.932459
23,89,330.574648
23,90,330.574648
23,91,330.574648
23,92,330.574648
23,93,330.574648
23,94,330.574648
23,95,330.574648
23,96,330.574648
23,97,330.574648
23,98,330.574648
23,99,330.574648
23,100,330.574648
23,101,330.574648
23,102,330.574648
23,103,330.574648
23,104,330.574648
23,105,330.574648
23,106,330.574648
23,107,330.574648
23,108,330.574648
23,109,330.574648
23,110,330.574648
23,111,330.574648
23,112,330.574648
23,113,330.574648
23,114,330.574648
23,115,330.574648
23,116,330.574648
23,117,330.574648
23,118,330.574648
23,119,330.574648
23,120,330.574648
23,121,330.574648
23,122,330.574648
23,123,330.574648
23,124,330.574648
23,125,330.574648
23,126,344.595892
23,127,344.595892
23,128,344.595892
23,129,344.595892
23,130,344.595892
23,131,344.595892
23,132,344.595892
23,133,344.595892
23,134,344.595892
23,135,344.595892
23,136,344.595892
23,137,344.595892
23,138,344.595892
23,139,344.595892
23,140,344.595892
23,141,344.595892
23,142,344.595892
23,143,344.595892
23,144,344.595892
23,145,344.595892
23,146,344.595892
23,147,344.595892
23,148,344.595892
23,149,344.595892
23,150,344.595892
23,151,344.595892
23,152,344.595892
23,153,344.595892
23,154,344.595892
23,155,344.595892
23,156,344.595892
23,157,344.595892
23,158,344.595892
23,159,344.595892
23,160,344.595892
23,161,344.595892
23,162,344.595892
23,163,344.595892
23,164,344.595892
23,165,344.595892
23,166,354.475028
23,167,354.475028
23,168,354.475028
23,169,354.475028
23,170,354.475028
23,171,355.037448
23,172,355.037448
23,173,360.817418
23,174,360.817418
23,175,360.817418
23,176,360.817418
23,177,360.817418
23,178,360.817418
23,179,360.817418
23,180,360.817418
23,181,360.817418
23,182,360.817418
23,183,364.025564
23,184,364.025564
23,185,364.025564
23,186,364.025564
23,187,364.025564
23,188,369.087504
23,189,369.087504
23,190,369.087504
23,191,369.087504
23,192,369.087504
23,193,369.087504
23,194,369.087504
23,195,384.979630
23,196,384.979630
23,197,384.979630
23,198,384.979630
23,199,384.979630
23,200,384.979630
23,201,384.979630
23,202,384.979630
23,203,384.979630
23,204,384.979630
23,205,384.979630
23,206,384.979630
23,207,384.979630
23,208,384.979630
23,209,384.979630
23,210,384.979630
23,211,384.979630
23,212,384.979630
23,213,384.979630
23,214,384.979630
23,215,384.979630
23,216,384.979630
23,217,384.979630
23,218,384.979630
23,219,384.979630
23,220,384.979630
23,221,384.979630
23,222,384.979630
23,223,384.979630
23,224,384.979630
23,225,384.979630
23,226,384.979630
23,227,384.979630
23,228,384.979630
23,229,384.979630
23,230,384.979630
23,231,384.979630
23,232,384.979630
23,233,384.979630
23,234,384.979630
23,235,384.979630
23,236,384.979630
23,237,384.979630
23,238,384.979630
23,239,384.979630
23,240,384.979630
23,241,384.979630
23,242,384.979630
23,243,384.979630
23,244,384.979630
23,245,384.979630
23,246,384.979630
23,247,384.979630
23,248,384.979630
23,249,422.688667
23,250,422.688667
23,251,422.688667
23,252,422.688667
23,253,422.688667
23,254,422.688667
23,255,422.688667
23,256,422.688667
23,257,422.688667
23,258,422.688667
23,259,422.688667
23,260,422.688667
23,261,422.688667
23,262,422.688667
23,263,422.688667
23,264,422.688667
23,265,422.688667
23,266,422.688667
23,267,422.688667
23,268,422.688667
23,269,422.688667
23,270,422.688667
23,271,422.688667
23,272,422.688667
23,273,422.688667
23,274,422.688667
23,275,422.688667
23,276,422.688667
23,277,422.688667
23,278,422.688667
23,279,422.688667
23,280,422.688667
23,281,422.688667
23,282,422.688667
23,283,422.688667
23,284,422.688667
23,285,422.688667
23,286,422.688667
23,287,422.688667
23,288,422.688667
23,289,422.688667
23,290,422.688667
23,291,422.688667
23,292,422.688667
23,293,422.688667
23,294,422.688667
23,295,422.688667
23,296,422.688667
23,297,422.688667
23,298,422.688667
23,299,422.688667
23,300,422.688667
23,301,422.688667
23,302,422.688667
23,303,422.688667
23,304,422.688667
23,305,422.688667
23,306,422.688667
23,307,422.688667
23,308,422.688667
23,309,422.688667
23,310,422.688667
23,311,422.688667
23,312,422.688667
23,313,422.688667
23,314,422.688667
23,315,422.688667
23,316,422.688667
23,317,422.688667
23,318,422.688667
23,319,422.688667
23,320,422.688667
23,321,422.688667
23,322,422.688667
23,323,422.688667
23,324,422.688667
23,325,422.688667
23,326,422.688667
23,327,422.688667
23,328,422.688667
23,329,422.688667
23,330,422.688667
23,331,422.688667
23,332,422.688667
23,333,422.688667
23,334,422.688667
23,335,422.688667
23,336,422.688667
23,337,422.688667
23,338,422.688667
23,339,422.688667
23,340,422.688667
23,341,422.688667
23,342,422.688667
23,343,422.688667
23,344,422.688667
23,345,422.688667
23,346,422.688667
23,347,422.688667
23,348,422.688667
23,349,422.688667
23,350,422.688667
23,351,422.688667
23,352,422.688667
23,353,422.688667
23,354,422.688667
23,355,422.688667
23,356,422.688667
23,357,422.688667
23,358,422.688667
23,359,422.688667
23,360,422.688667
23,361,422.688667
23,362,422.688667
23,363,422.688667
23,364,422.688667
23,365,422.688667
23,366,422.688667
23,367,422.688667
23,368,422.688667
23,369,422.688667
23,370,422.688667
23,371,422.688667
23,372,422.688667
23,373,422.688667
23,374,422.688667
23,375,422.688667
23,376,422.688667
23,377,422.688667
23,378,422.688667
23,379,422.688667
23,380,422.688667
23,381,422.688667
23,382,422.688667
23,383,422.688667
23,384,422.688667
23,385,422.688667
23,386,422.688667
23,387,422.688667
23,388,422.688667
23,389,422.688667
23,390,422.688667
23,391,422.688667
23,392,422.688667
23,393,422.688667
23,394,422.688667
23,395,422.688667
23,396,422.688667
23,397,422.688667
23,398,422.688667
23,399,422.688667
23,400,422.688667
23,401,422.688667
23,402,422.688667
23,403,422.688667
23,404,422.688667
23,405,422.688667
23,406,422.688667
23,407,422.688667
23,408,422.688667
23,409,422.688667
23,410,422.688667
23,411,422.688667
23,412,422.688667
23,413,422.688667
23,414,422.688667
23,415,422.688667
23,416,422.688667
23,417,422.688667
23,418,422.688667
23,419,422.688667
23,420,422.688667
23,421,422.688667
23,422,422.688667
23,423,422.688667
23,424,422.688667
23,425,422.688667
23,426,422.688667
23,427,422.688667
23,428,422.688667
23,429,422.688667
23,430,422.688667
23,431,422.688667
23,432,422.688667
23,433,422.688667
23,434,422.688667
23,435,422.688667
23,436,422.688667
23,437,422.688667
23,438,422.688667
23,439,422.688667
23,440,422.688667
23,441,422.688667
23,442,422.688667
23,443,422.688667
23,444,422.688667
23,445,422.688667
23,446,422.688667
23,447,422.688667
23,448,422.688667
23,449,422.688667
23,450,422.688667
23,451,422.688667
23,452,422.688667
23,453,422.688667
23,454,422.688667
23,455,422.688667
23,456,422.688667
23,457,422.688667
23,458,422.688667
23,459,422.688667
23,460,422.688667
23,461,422.688667
23,462,422.688667
23,463,422.688667
23,464,422.688667
23,465,422.688667
23,466,422.688667
23,467,422.688667
23,468,422.688667
23,469,422.688667
23,470,422.688667
23,471,422.688667
23,472,422.688667
23,473,422.688667
23,474,422.688667
23,475,422.688667
23,476,422.688667
23,477,422.688667
23,478,422.688667
23,479,422.688667
23,480,422.688667
23,481,422.688667
23,482,422.688667
23,483,422.688667
23,484,422.688667
23,485,422.688667
23,486,422.688667
23,487,422.688667
23,488,422.688667
23,489,422.688667
23,490,422.688667
23,491,422.688667
23,492,422.688667
23,493,422.688667
23,494,422.688667
23,495,422.688667
23,496,422.688667
23,497,422.688667
23,498,422.688667
23,499,422.688667
23,500,422.688667
23,501,422.688667
23,502,422.688667
23,503,422.688667
23,504,422.688667
23,505,422.688667
23,506,422.688667
23,507,422.688667
23,508,422.688667
23,509,422.688667
23,510,422.688667
23,511,422.688667
23,512,422.688667
23,513,422.688667
23,514,422.688667
23,515,422.688667
23,516,422.688667
23,517,422.688667
23,518,422.688667
23,519,422.688667
23,520,422.688667
23,521,422.688667
23,522,422.688667
23,523,422.688667
23,524,422.688667
23,525,422.688667
23,526,422.688667
23,527,422.688667
23,528,422.688667
23,529,422.688667
23,530,422.688667
23,531,422.688667
23,532,422.688667
23,533,422.688667
23,534,422.688667
23,535,422.688667
23,536,422.688667
23,537,422.688667
23,538,422.688667
23,539,422.688667
23,540,422.688667
23,541,422.688667
23,542,422.688667
23,543,422.688667
23,544,422.688667
23,545,422.688667
23,546,422.688667
23,547,422.688667
23,548,422.688667
23,549,422.688667
23,550,422.688667
23,551,422.688667
23,552,422.688667
23,553,422.688667
23,554,422.688667
23,555,422.688667
23,556,422.688667
23,557,422.688667
23,558,422.688667
23,559,422.688667
23,560,422.688667
23,561,422.688667
23,562,422.688667
23,563,422.688667
23,564,422.688667
23,565,422.688667
23,566,422.688667
23,567,422.688667
23,568,422.688667
23,569,422.688667
23,570,422.688667
23,571,422.688667
23,572,422.688667
23,573,422.688667
23,574,422.688667
23,575,422.688667
23,576,422.688667
23,577,422.688667
23,578,422.688667
23,579,422.688667
23,580,422.688667
23,581,422.688667
23,582,422.688667
23,583,422.688667
23,584,422.688667
23,585,422.688667
23,586,422.688667
23,587,422.688667
23,588,422.688667
23,589,422.688667
23,590,422.688667
23,591,422.688667
23,592,422.688667
23,593,422.688667
23,594,422.688667
23,595,422.688667
23,596,422.688667
23,597,422.688667
23,598,422.688667
23,599,422.688667
23,600,422.688667
23,601,422.688667
23,602,422.688667
23,603,422.688667
23,604,422.688667
23,605,422.688667
23,606,422.688667
23,607,422.688667
23,608,422.688667
23,609,422.688667
23,610,422.688667
23,611,422.688667
23,612,422.688667
23,613,422.688667
23,614,422.688667
23,615,422.688667
23,616,422.688667
23,617,422.688667
23,618,422.688667
23,619,422.688667
23,620,422.688667
23,621,422.688667
23,622,422.688667
23,623,422.688667
23,624,422.688667
23,625,422.688667
23,626,422.688667
23,627,422.688667
23,628,422.688667
23,629,422.688667
23,630,422.688667
23,631,422.688667
23,632,422.688667
23,633,422.688667
23,634,422.688667
23,635,422.688667
23,636,422.688667
23,637,422.688667
23,638,422.688667
23,639,422.688667
23,640,422.688667
23,641,422.688667
23,642,422.688667
23,643,422.688667
23,644,422.688667
23,645,422.688667
23,646,422.688667
23,647,422.688667
23,648,422.688667
23,649,422.688667
23,650,422.688667
23,651,422.688667
23,652,422.688667
23,653,422.688667
23,654,422.688667
23,655,422.688667
23,656,422.688667
23,657,422.688667
23,658,422.688667
23,659,422.688667
23,660,422.688667
23,661,422.688667
23,662,422.688667
23,663,422.688667
23,664,422.688667
23,665,422.688667
23,666,422.688667
23,667,422.688667
23,668,422.688667
23,669,422.688667
23,670,422.688667
23,671,422.688667
23,672,422.688667
23,673,422.688667
23,674,422.688667
23,675,422.688667
23,676,422.688667
23,677,422.688667
23,678,422.688667
23,679,422.688667
23,680,422.688667
23,681,422.688667
23,682,422.688667
23,683,422.688667
23,684,422.688667
23,685,422.688667
23,686,422.688667
23,687,422.688667
23,688,422.688667
23,689,422.688667
23,690,422.688667
23,691,422.688667
23,692,422.688667
23,693,422.688667
23,694,422.688667
23,695,422.688667
23,696,422.688667
23,697,422.688667
23,698,422.688667
23,699,422.688667
23,700,422.688667
23,701,422.688667
23,702,422.688667
23,703,422.688667
23,704,422.688667
23,705,422.688667
23,706,422.688667
23,707,422.688667
23,708,422.688667
23,709,422.688667
23,710,422.688667
23,711,422.688667
23,712,422.688667
23,713,422.688667
23,714,422.688667
23,715,455.123342
23,716,455.123342
23,717,455.123342
23,718,455.123342
23,719,455.123342
23,720,455.123342
23,721,455.123342
23,722,455.123342
23,723,470.732172
23,724,470.732172
23,725,470.732172
23,726,470.732172
23,727,470.732172
23,728,470.732172
23,729,470.732172
23,730,470.732172
23,731,470.732172
23,732,470.732172
23,733,470.732172
23,734,470.732172
23,735,474.996124
23,736,474.996124
23,737,474.996124
23,738,474.996124
23,739,474.996124
23,740,474.996124
23,741,474.996124
23,742,474.996124
23,743,474.996124
23,744,474.996124
23,745,474.996124
23,746,474.996124
23,747,474.996124
23,748,474.996124
23,749,474.996124
23,750,474.996124
23,751,474.996124
23,752,474.996124
23,753,474.996124
23,754,474.996124
23,755,474.996124
23,756,474.996124
23,757,474.996124
23,758,474.996124
23,759,474.996124
23,760,474.996124
23,761,474.996124
23,762,474.996124
23,763,474.996124
23,764,474.996124
23,765,474.996124
23,766,474.996124
23,767,474.996124
23,768,474.996124
23,769,474.996124
23,770,474.996124
23,771,474.996124
23,772,474.996124
23,773,474.996124
23,774,474.996124
23,775,484.717436
23,776,484.717436
23,777,484.717436
23,778,484.717436
23,779,484.717436
23,780,484.717436
23,781,484.717436
23,782,484.717436
23,783,484.717436
23,784,484.717436
23,785,484.717436
23,786,484.717436
23,787,484.717436
23,788,484.717436
23,789,484.717436
23,790,484.717436
23,791,484.717436
23,792,484.717436
23,793,484.717436
23,794,484.717436
23,795,484.717436
23,796,484.717436
23,797,484.717436
23,798,484.717436
23,799,484.717436
23,800,484.717436
23,801,484.717436
23,802,484.717436
23,803,484.717436
23,804,484.717436
23,805,484.717436
23,806,484.717436
23,807,484.717436
23,808,484.717436
23,809,484.717436
23,810,484.717436
23,811,484.717436
23,812,484.717436
23,813,484.717436
23,814,484.717436
23,815,484.717436
23,816,484.717436
23,817,484.717436
23,818,484.717436
23,819,484.717436
23,820,484.717436
23,821,484.717436
23,822,484.717436
23,823,484.717436
23,824,484.717436
23,825,484.717436
23,826,484.717436
23,827,484.717436
23,828,484.717436
23,829,484.717436
23,830,484.717436
23,831,484.717436
23,832,484.717436
23,833,484.717436
23,834,484.717436
23,835,484.717436
23,836,484.717436
23,837,484.717436
23,838,484.717436
23,839,484.717436
23,840,484.717436
23,841,484.717436
23,842,484.717436
23,843,484.717436
23,844,484.717436
23,845,484.717436
23,846,484.717436
23,847,484.717436
23,848,484.717436
23,849,484.717436
23,850,484.717436
23,851,484.717436
23,852,484.717436
23,853,484.717436
23,854,484.717436
23,855,484.717436
23,856,484.717436
23,857,484.717436
23,858,484.717436
23,859,484.717436
23,860,484.717436
23,861,484.717436
23,862,484.717436
23,863,484.717436
23,864,484.717436
23,865,484.717436
23,866,484.717436
23,867,484.717436
23,868,484.717436
23,869,484.717436
23,870,484.717436
23,871,484.717436
23,872,484.717436
23,873,484.717436
23,874,484.717436
23,875,484.717436
23,876,484.717436
23,877,484.717436
23,878,484.717436
23,879,484.717436
23,880,484.717436
23,881,484.717436
23,882,484.717436
23,883,484.717436
23,884,484.717436
23,885,484.717436
23,886,484.717436
23,887,484.717436
23,888,484.717436
23,889,484.717436
23,890,484.717436
23,891,484.717436
23,892,484.717436
23,893,484.717436
23,894,484.717436
23,895,484.717436
23,896,484.717436
23,897,484.717436
23,898,484.717436
23,899,484.717436
23,900,484.717436
23,901,484.717436
23,902,484.717436
23,903,484.717436
23,904,484.717436
23,905,484.717436
23,906,484.717436
23,907,484.717436
23,908,484.717436
23,909,484.717436
23,910,484.717436
23,911,484.717436
23,912,484.717436
23,913,484.717436
23,914,484.717436
23,915,484.717436
23,916,484.717436
23,917,484.717436
23,918,484.717436
23,919,484.717436
23,920,484.717436
23,921,484.717436
23,922,484.717436
23,923,484.717436
23,924,484.717436
23,925,484.717436
23,926,484.717436
23,927,484.717436
23,928,484.717436
23,929,484.717436
23,930,484.717436
23,931,484.717436
23,932,484.717436
23,933,484.717436
23,934,484.717436
23,935,484.717436
23,936,484.717436
23,937,484.717436
23,938,484.717436
23,939,484.717436
23,940,484.717436
23,941,484.717436
23,942,484.717436
23,943,484.717436
23,944,484.717436
23,945,484.717436
23,946,484.717436
23,947,484.717436
23,948,484.717436
23,949,484.717436
23,950,484.717436
23,951,484.717436
23,952,484.717436
23,953,484.717436
23,954,484.717436
23,955,484.717436
23,956,484.717436
23,957,484.717436
23,958,484.717436
23,959,484.717436
23,960,484.717436
23,961,484.717436
23,962,484.717436
23,963,484.717436
23,964,484.717436
23,965,484.717436
23,966,484.717436
23,967,484.717436
23,968,484.717436
23,969,484.717436
23,970,484.717436
23,971,484.717436
23,972,484.717436
23,973,484.717436
23,974,484.717436
23,975,484.717436
23,976,484.717436
23,977,484.717436
23,978,484.717436
23,979,484.717436
23,980,484.717436
23,981,484.717436
23,982,484.717436
23,983,484.717436
23,984,484.717436
23,985,484.717436
23,986,484.717436
23,987,484.717436
23,988,484.717436
23,989,484.717436
23,990,484.717436
23,991,484.717436
23,992,484.717436
23,993,484.717436
23,994,484.717436
23,995,484.717436
23,996,484.717436
23,997,484.717436
23,998,484.717436
23,999,484.717436
24,0,112.767909
24,1,112.767909
24,2,112.767909
24,3,112.767909
24,4,132.398784
24,5,132.398784
24,6,132.398784
24,7,132.398784
24,8,132.398784
24,9,132.398784
24,10,137.808451
24,11,158.169191
24,12,158.169191
24,13,158.169191
24,14,158.169191
24,15,158.169191
24,16,158.169191
24,17,158.169191
24,18,158.169191
24,19,158.169191
24,20,158.169191
24,21,158.169191
24,22,158.169191
24,23,158.169191
24,24,158.169191
24,25,158.169191
24,26,158.169191
24,27,158.169191
24,28,158.169191
24,29,158.169191
24,30,158.169191
24,31,158.169191
24,32,158.169191
24,33,158.169191
24,34,158.169191
24,35,158.169191
24,36,158.169191
24,37,158.169191
24,38,158.169191
24,39,158.169191
24,40,177.025209
24,41,177.025209
24,42,177.025209
24,43,177.025209
24,44,177.025209
24,45,177.025209
24,46,177.025209
24,47,177.025209
24,48,177.025209
24,49,177.025209
24,50,177.025209
24,51,177.025209
24,52,177.025209
24,53,177.025209
24,54,177.025209
24,55,177.025209
24,56,177.025209
24,57,177.025209
24,58,177.025209
24,59,177.025209
24,60,177.025209
24,61,177.025209
24,62,177.025209
24,63,177.025209
24,64,177.025209
24,65,177.025209
24,66,177.025209
24,67,177.025209
24,68,177.025209
24,69,177.025209
24,70,177.025209
24,71,177.025209
24,72,177.025209
24,73,177.025209
24,74,177.025209
24,75,177.025209
24,76,177.025209
24,77,177.025209
24,78,177.025209
24,79,177.025209
24,80,177.025209
24,81,177.025209
24,82,177.025209
24,83,177.025209
24,84,177.025209
24,85,177.025209
24,86,177.025209
24,87,177.025209
24,88,177.025209
24,89,177.025209
24,90,177.025209
24,91,177.025209
24,92,177.025209
24,93,177.025209
24,94,177.025209
24,95,177.025209
24,96,177.025209
24,97,177.025209
24,98,177.025209
24,99,177.025209
24,100,177.025209
24,101,177.025209
24,102,177.025209
24,103,177.025209
24,104,177.025209
24,105,177.025209
24,106,177.025209
24,107,177.025209
24,108,177.025209
24,109,177.025209
24,110,192.970109
24,111,192.970109
24,112,192.970109
24,113,192.970109
24,114,198.248203
24,115,208.985839
24,116,208.985839
24,117,208.985839
24,118,208.985839
24,119,220.477300
24,120,220.477300
24,121,220.477300
24,122,220.477300
24,123,220.477300
24,124,222.159655
24,125,222.159655
24,126,222.159655
24,127,222.159655
24,128,222.159655
24,129,222.159655
24,130,222.159655
24,131,222.159655
24,132,222.159655
24,133,222.159655
24,134,222.159655
24,135,222.159655
24,136,267.318893
24,137,284.001580
24,138,284.001580
24,139,284.001580
24,140,284.001580
24,141,284.001580
24,142,284.001580
24,143,284.001580
24,144,284.001580
24,145,284.001580
24,146,309.153556
24,147,309.153556
24,148,309.153556
24,149,309.153556
24,150,309.153556
24,151,309.153556
24,152,309.153556
24,153,309.153556
24,154,309.153556
24,155,309.153556
24,156,309.153556
24,157,309.153556
24,158,309.153556
24,159,309.153556
24,160,309.153556
24,161,309.153556
24,162,309.153556
24,163,309.153556
24,164,309.153556
24,165,309.153556
24,166,309.153556
24,167,309.153556
24,168,309.153556
24,169,309.153556
24,170,309.153556
24,171,309.153556
24,172,309.153556
24,173,309.153556
24,174,309.153556
24,175,309.153556
24,176,309.153556
24,177,309.153556
24,178,309.153556
24,179,309.153556
24,180,323.395818
24,181,323.395818
24,182,323.395818
24,183,323.395818
24,184,323.395818
24,185,323.395818
24,186,323.395818
24,187,323.395818
24,188,323.395818
24,189,323.395818
24,190,323.395818
24,191,323.395818
24,192,323.395818
24,193,323.395818
24,194,323.395818
24,195,323.395818
24,196,323.395818
24,197,323.395818
24,198,323.395818
24,199,323.395818
24,200,323.395818
24,201,323.395818
24,202,323.395818
24,203,323.395818
24,204,323.395818
24,205,323.395818
24,206,323.395818
24,207,323.395818
24,208,331.696378
24,209,331.696378
24,210,331.696378
24,211,331.696378
24,212,331.696378
24,213,331.696378
24,214,331.696378
24,215,331.696378
24,216,331.696378
24,217,331.696378
24,218,331.696378
24,219,331.696378
24,220,331.696378
24,221,331.696378
24,222,331.696378
24,223,331.696378
24,224,331.696378
24,225,331.696378
24,226,331.696378
24,227,331.696378
24,228,331.696378
24,229,331.696378
24,230,331.696378
24,231,331.696378
24,232,331.696378
24,233,331.696378
24,234,331.696378
24,235,331.696378
24,236,331.696378
24,237,331.696378
24,238,331.696378
24,239,331.696378
24,240,331.696378
24,241,331.696378
24,242,331.696378
24,243,331.696378
24,244,331.696378
24,245,331.696378
24,246,331.696378
24,247,331.696378
24,248,331.696378
24,249,331.696378
24,250,331.696378
24,251,331.696378
24,252,331.696378
24,253,331.696378
24,254,331.696378
24,255,331.696378
24,256,331.696378
24,257,331.696378
24,258,331.696378
24,259,331.696378
24,260,331.696378
24,261,331.696378
24,262,331.696378
24,263,331.696378
24,264,331.696378
24,265,331.696378
24,266,331.696378
24,267,331.696378
24,268,331.696378
24,269,331.696378
24,270,331.696378
24,271,331.696378
24,272,331.696378
24,273,331.696378
24,274,331.696378
24,275,331.696378
24,276,331.696378
24,277,331.696378
24,278,331.696378
24,279,331.696378
24,280,331.696378
24,281,331.696378
24,282,331.696378
24,283,331.696378
24,284,331.696378
24,285,331.696378
24,286,331.696378
24,287,331.696378
24,288,331.696378
24,289,331.696378
24,290,331.696378
24,291,331.696378
24,292,331.696378
24,293,331.696378
24,294,331.696378
24,295,331.696378
24,296,331.696378
24,297,331.696378
24,298,331.696378
24,299,331.696378
24,300,331.696378
24,301,331.696378
24,302,331.696378
24,303,331.696378
24,304,331.696378
24,305,331.696378
24,306,331.696378
24,307,331.696378
24,308,331.696378
24,309,331.696378
24,310,331.696378
24,311,331.696378
24,312,331.696378
24,313,331.696378
24,314,331.696378
24,315,331.696378
24,316,331.696378
24,317,331.696378
24,318,331.696378
24,319,331.696378
24,320,331.696378
24,321,331.696378
24,322,331.696378
24,323,331.696378
24,324,331.696378
24,325,331.696378
24,326,331.696378
24,327,331.696378
24,328,331.696378
24,329,331.696378
24,330,331.696378
24,331,331.696378
24,332,331.696378
24,333,331.696378
24,334,331.696378
24,335,331.696378
24,336,331.696378
24,337,331.696378
24,338,331.696378
24,339,331.696378
24,340,331.696378
24,341,331.696378
24,342,331.696378
24,343,331.696378
24,344,331.696378
24,345,331.696378
24,346,331.696378
24,347,331.696378
24,348,331.696378
24,349,331.696378
24,350,331.696378
24,351,331.696378
24,352,331.696378
24,353,331.696378
24,354,331.696378
24,355,331.696378
24,356,331.696378
24,357,331.696378
24,358,331.696378
24,359,331.696378
24,360,331.696378
24,361,331.696378
24,362,331.696378
24,363,331.696378
24,364,331.696378
24,365,331.696378
24,366,331.696378
24,367,331.696378
24,368,331.696378
24,369,338.032375
24,370,338.032375
24,371,338.032375
24,372,338.032375
24,373,338.032375
24,374,338.032375
24,375,338.032375
24,376,338.032375
24,377,338.032375
24,378,338.032375
24,379,338.032375
24,380,338.032375
24,381,341.452088
24,382,341.452088
24,383,341.452088
24,384,341.452088
24,385,341.452088
24,386,341.452088
24,387,341.452088
24,388,341.452088
24,389,341.452088
24,390,341.452088
24,391,341.452088
24,392,341.452088
24,393,341.452088
24,394,341.452088
24,395,341.452088
24,396,341.452088
24,397,341.452088
24,398,341.452088
24,399,341.452088
24,400,341.452088
24,401,341.452088
24,402,341.452088
24,403,341.452088
24,404,341.452088
24,405,341.452088
24,406,341.452088
24,407,341.452088
24,408,341.452088
24,409,341.452088
24,410,341.452088
24,411,341.452088
24,412,341.452088
24,413,341.452088
24,414,341.452088
24,415,341.452088
24,416,341.452088
24,417,341.452088
24,418,341.452088
24,419,341.452088
24,420,341.452088
24,421,341.452088
24,422,341.452088
24,423,341.452088
24,424,341.452088
24,425,341.452088
24,426,341.452088
24,427,341.452088
24,428,341.452088
24,429,341.452088
24,430,341.452088
24,431,341.452088
24,432,341.452088
24,433,341.452088
24,434,341.452088
24,435,341.452088
24,436,341.452088
24,437,341.452088
24,438,341.452088
24,439,341.452088
24,440,341.452088
24,441,341.452088
24,442,341.452088
24,443,341.452088
24,444,341.452088
24,445,341.452088
24,446,341.452088
24,447,341.452088
24,448,341.452088
24,449,341.452088
24,450,341.452088
24,451,341.452088
24,452,341.452088
24,453,341.452088
24,454,341.452088
24,455,341.452088
24,456,341.452088
24,457,341.452088
24,458,341.452088
24,459,341.452088
24,460,341.452088
24,461,341.452088
24,462,341.452088
24,463,341.452088
24,464,341.452088
24,465,341.452088
24,466,341.452088
24,467,341.452088
24,468,341.452088
24,469,341.452088
24,470,341.452088
24,471,341.452088
24,472,341.452088
24,473,341.452088
24,474,341.452088
24,475,341.452088
24,476,341.452088
24,477,341.452088
24,478,341.452088
24,479,341.452088
24,480,341.452088
24,481,341.452088
24,482,341.452088
24,483,341.452088
24,484,341.452088
24,485,341.452088
24,486,341.452088
24,487,341.452088
24,488,341.452088
24,489,341.452088
24,490,341.452088
24,491,341.452088
24,492,341.452088
24,493,341.452088
24,494,341.452088
24,495,341.452088
24,496,341.452088
24,497,341.452088
24,498,341.452088
24,499,341.452088
24,500,341.452088
24,501,341.452088
24,502,341.452088
24,503,341.452088
24,504,341.452088
24,505,341.452088
24,506,341.452088
24,507,341.452088
24,508,341.452088
24,509,341.452088
24,510,341.452088
24,511,341.452088
24,512,341.452088
24,513,341.452088
24,514,341.452088
24,515,341.452088
24,516,341.452088
24,517,341.452088
24,518,341.452088
24,519,341.452088
24,520,341.452088
24,521,341.452088
24,522,341.452088
24,523,341.452088
24,524,341.452088
24,525,341.452088
24,526,341.452088
24,527,341.452088
24,528,341.452088
24,529,341.452088
24,530,341.452088
24,531,341.452088
24,532,341.452088
24,533,341.452088
24,534,341.452088
24,535,341.452088
24,536,341.452088
24,537,341.452088
24,538,341.452088
24,539,341.452088
24,540,341.452088
24,541,341.452088
24,542,341.452088
24,543,341.452088
24,544,341.452088
24,545,341.452088
24,546,341.452088
24,547,341.452088
24,548,341.452088
24,549,341.452088
24,550,341.452088
24,551,341.452088
24,552,341.452088
24,553,341.452088
24,554,341.452088
24,555,341.452088
24,556,341.452088
24,557,341.452088
24,558,343.856033
24,559,343.856033
24,560,343.856033
24,561,343.856033
24,562,343.856033
24,563,343.856033
24,564,343.856033
24,565,343.856033
24,566,343.856033
24,567,343.856033
24,568,343.856033
24,569,343.856033
24,570,343.856033
24,571,343.856033
24,572,343.856033
24,573,343.856033
24,574,343.856033
24,575,343.856033
24,576,343.856033
24,577,343.856033
24,578,343.856033
24,579,343.856033
24,580,343.856033
24,581,343.856033
24,582,343.856033
24,583,343.856033
24,584,343.856033
24,585,343.856033
24,586,343.856033
24,587,343.856033
24,588,343.856033
24,589,343.856033
24,590,343.856033
24,591,343.856033
24,592,343.856033
24,593,343.856033
24,594,343.856033
24,595,343.856033
24,596,343.856033
24,597,343.856033
24,598,343.856033
24,599,343.856033
24,600,343.856033
24,601,343.856033
24,602,343.856033
24,603,343.856033
24,604,343.856033
24,605,343.856033
24,606,343.856033
24,607,343.856033
24,608,343.856033
24,609,343.856033
24,610,343.856033
24,611,343.856033
24,612,343.856033
24,613,343.856033
24,614,343.856033
24,615,343.856033
24,616,343.856033
24,617,343.856033
24,618,343.856033
24,619,343.856033
24,620,343.856033
24,621,343.856033
24,622,343.856033
24,623,343.856033
24,624,343.856033
24,625,343.856033
24,626,368.474929
24,627,368.474929
24,628,375.747415
24,629,376.113461
24,630,382.853265
24,631,382.853265
24,632,382.853265
24,633,382.853265
24,634,382.853265
24,635,382.853265
24,636,382.853265
24,637,382.853265
24,638,382.853265
24,639,382.853265
24,640,382.853265
24,641,382.853265
24,642,382.853265
24,643,382.853265
24,644,382.853265
24,645,384.320120
24,646,384.320120
24,647,384.320120
24,648,384.320120
24,649,384.320120
24,650,384.320120
24,651,384.320120
24,652,384.320120
24,653,384.320120
24,654,384.320120
24,655,384.320120
24,656,384.320120
24,657,384.320120
24,658,384.320120
24,659,384.320120
24,660,384.320120
24,661,384.320120
24,662,384.320120
24,663,384.320120
24,664,384.320120
24,665,384.320120
24,666,384.320120
24,667,384.320120
24,668,384.320120
24,669,384.320120
24,670,384.320120
24,671,384.320120
24,672,384.320120
24,673,384.320120
24,674,384.320120
24,675,384.320120
24,676,384.320120
24,677,384.320120
24,678,384.320120
24,679,384.320120
24,680,384.320120
24,681,384.320120
24,682,384.320120
24,683,384.320120
24,684,384.320120
24,685,384.320120
24,686,384.320120
24,687,384.320120
24,688,384.320120
24,689,384.320120
24,690,384.320120
24,691,384.320120
24,692,384.320120
24,693,384.320120
24,694,384.320120
24,695,384.320120
24,696,384.320120
24,697,384.320120
24,698,384.320120
24,699,384.320120
24,700,384.320120
24,701,384.320120
24,702,384.320120
24,703,384.320120
24,704,384.320120
24,705,384.320120
24,706,384.320120
24,707,384.320120
24,708,384.320120
24,709,384.320120
24,710,384.320120
24,711,384.320120
24,712,384.320120
24,713,384.320120
24,714,384.320120
24,715,384.320120
24,716,384.320120
24,717,384.320120
24,718,384.320120
24,719,384.320120
24,720,384.320120
24,721,384.320120
24,722,384.320120
24,723,384.320120
24,724,384.320120
24,725,384.320120
24,726,384.320120
24,727,384.320120
24,728,384.320120
24,729,384.320120
24,730,384.320120
24,731,384.320120
24,732,384.320120
24,733,384.320120
24,734,384.320120
24,735,384.320120
24,736,384.320120
24,737,384.320120
24,738,384.320120
24,739,384.320120
24,740,384.320120
24,741,384.320120
24,742,384.320120
24,743,384.320120
24,744,384.320120
24,745,384.320120
24,746,384.320120
24,747,384.320120
24,748,384.320120
24,749,384.320120
24,750,384.320120
24,751,384.320120
24,752,384.320120
24,753,384.320120
24,754,384.320120
24,755,384.320120
24,756,384.320120
24,757,384.320120
24,758,384.320120
24,759,384.320120
24,760,384.320120
24,761,384.320120
24,762,384.320120
24,763,384.320120
24,764,384.320120
24,765,384.320120
24,766,384.320120
24,767,384.320120
24,768,384.320120
24,769,384.320120
24,770,384.320120
24,771,384.320120
24,772,384.320120
24,773,384.320120
24,774,384.320120
24,775,384.320120
24,776,384.320120
24,777,384.320120
24,778,384.320120
24,779,384.320120
24,780,384.320120
24,781,384.320120
24,782,384.320120
24,783,384.320120
24,784,384.320120
24,785,384.320120
24,786,384.320120
24,787,384.320120
24,788,384.320120
24,789,384.320120
24,790,384.320120
24,791,384.320120
24,792,384.320120
24,793,384.320120
24,794,384.320120
24,795,384.320120
24,796,384.320120
24,797,384.320120
24,798,384.320120
24,799,384.320120
24,800,384.320120
24,801,384.320120
24,802,384.320120
24,803,384.320120
24,804,384.320120
24,805,384.320120
24,806,384.320120
24,807,384.320120
24,808,384.320120
24,809,384.320120
24,810,384.320120
24,811,384.320120
24,812,384.320120
24,813,384.320120
24,814,384.320120
24,815,384.320120
24,816,384.320120
24,817,384.320120
24,818,384.320120
24,819,384.320120
24,820,384.320120
24,821,384.320120
24,822,384.320120
24,823,384.320120
24,824,384.320120
24,825,384.320120
24,826,384.320120
24,827,384.320120
24,828,384.320120
24,829,384.320120
24,830,384.320120
24,831,384.320120
24,832,384.320120
24,833,384.320120
24,834,384.320120
24,835,384.320120
24,836,384.320120
24,837,384.320120
24,838,384.320120
24,839,384.320120
24,840,384.320120
24,841,384.320120
24,842,384.320120
24,843,384.320120
24,844,384.320120
24,845,384.320120
24,846,384.320120
24,847,384.320120
24,848,384.320120
24,849,384.320120
24,850,384.320120
24,851,384.320120
24,852,384.320120
24,853,384.320120
24,854,384.320120
24,855,384.320120
24,856,384.320120
24,857,384.320120
24,858,384.320120
24,859,384.320120
24,860,384.320120
24,861,384.320120
24,862,384.320120
24,863,384.320120
24,864,384.320120
24,865,384.320120
24,866,384.320120
24,867,384.320120
24,868,384.320120
24,869,384.320120
24,870,384.320120
24,871,384.320120
24,872,384.320120
24,873,399.288300
24,874,399.288300
24,875,399.288300
24,876,399.288300
24,877,399.288300
24,878,399.288300
24,879,399.288300
24,880,399.288300
24,881,399.288300
24,882,399.288300
24,883,399.288300
24,884,399.288300
24,885,399.288300
24,886,399.288300
24,887,399.288300
24,888,399.288300
24,889,399.288300
24,890,399.288300
24,891,399.288300
24,892,399.288300
24,893,399.288300
24,894,399.288300
24,895,399.288300
24,896,399.288300
24,897,399.288300
24,898,399.288300
24,899,399.288300
24,900,399.288300
24,901,399.288300
24,902,399.288300
24,903,399.288300
24,904,399.288300
24,905,399.288300
24,906,399.288300
24,907,399.288300
24,908,399.288300
24,909,399.288300
24,910,399.288300
24,911,399.288300
24,912,399.288300
24,913,399.288300
24,914,399.288300
24,915,399.288300
24,916,399.288300
24,917,399.288300
24,918,399.288300
24,919,399.288300
24,920,399.288300
24,921,399.288300
24,922,399.288300
24,923,399.288300
24,924,399.288300
24,925,399.288300
24,926,399.288300
24,927,399.288300
24,928,399.288300
24,929,399.288300
24,930,399.288300
24,931,399.288300
24,932,399.288300
24,933,399.288300
24,934,399.288300
24,935,399.288300
24,936,399.288300
24,937,399.288300
24,938,399.288300
24,939,399.288300
24,940,399.288300
24,941,399.288300
24,942,399.288300
24,943,399.288300
24,944,399.288300
24,945,399.288300
24,946,399.288300
24,947,399.288300
24,948,399.288300
24,949,399.288300
24,950,399.288300
24,951,399.288300
24,952,399.288300
24,953,399.288300
24,954,399.288300
24,955,399.288300
24,956,422.218561
24,957,422.218561
24,958,422.218561
24,959,422.218561
24,960,422.218561
24,961,422.218561
24,962,422.218561
24,963,422.218561
24,964,422.218561
24,965,422.218561
24,966,422.218561
24,967,422.218561
24,968,422.218561
24,969,422.218561
24,970,422.218561
24,971,422.218561
24,972,422.218561
24,973,422.218561
24,974,422.218561
24,975,422.218561
24,976,422.218561
24,977,422.218561
24,978,422.218561
24,979,422.218561
24,980,422.218561
24,981,422.218561
24,982,422.218561
24,983,422.218561
24,984,422.218561
24,985,422.218561
24,986,422.218561
24,987,422.218561
24,988,422.218561
24,989,422.218561
24,990,422.218561
24,991,422.218561
24,992,422.218561
24,993,422.218561
24,994,422.218561
24,995,422.218561
24,996,422.218561
24,997,422.218561
24,998,422.218561
24,999,422.218561
25,0,126.378369
25,1,126.378369
25,2,126.378369
25,3,126.378369
25,4,126.378369
25,5,126.378369
25,6,126.378369
25,7,126.378369
25,8,126.378369
25,9,126.378369
25,10,126.378369
25,11,135.644398
25,12,135.644398
25,13,135.644398
25,14,135.644398
25,15,135.644398
25,16,135.644398
25,17,135.644398
25,18,135.644398
25,19,135.644398
25,20,135.644398
25,21,135.644398
25,22,135.644398
25,23,135.644398
25,24,135.644398
25,25,144.402401
25,26,149.366811
25,27,191.143449
25,28,191.143449
25,29,217.938533
25,30,217.938533
25,31,271.379835
25,32,340.704409
25,33,357.943802
25,34,357.943802
25,35,357.943802
25,36,357.943802
25,37,368.220521
25,38,368.220521
25,39,368.220521
25,40,368.220521
25,41,368.220521
25,42,368.220521
25,43,368.220521
25,44,368.220521
25,45,368.220521
25,46,368.220521
25,47,368.220521
25,48,368.220521
25,49,368.220521
25,50,368.220521
25,51,368.220521
25,52,368.220521
25,53,368.220521
25,54,368.220521
25,55,368.220521
25,56,368.220521
25,57,368.220521
25,58,368.220521
25,59,368.220521
25,60,368.220521
25,61,368.220521
25,62,368.220521
25,63,368.220521
25,64,368.220521
25,65,368.220521
25,66,368.220521
25,67,368.220521
25,68,368.220521
25,69,368.220521
25,70,368.220521
25,71,368.220521
25,72,368.220521
25,73,368.220521
25,74,368.220521
25,75,368.220521
25,76,368.220521
25,77,368.220521
25,78,368.220521
25,79,368.220521
25,80,368.220521
25,81,368.220521
25,82,368.220521
25,83,368.220521
25,84,368.220521
25,85,368.220521
25,86,368.220521
25,87,368.220521
25,88,368.220521
25,89,368.220521
25,90,368.220521
25,91,368.220521
25,92,368.220521
25,93,368.220521
25,94,368.220521
25,95,368.220521
25,96,368.220521
25,97,368.220521
25,98,368.220521
25,99,368.220521
25,100,368.220521
25,101,368.220521
25,102,368.220521
25,103,368.220521
25,104,368.220521
25,105,368.220521
25,106,368.220521
25,107,368.220521
25,108,368.220521
25,109,368.220521
25,110,368.220521
25,111,368.220521
25,112,368.220521
25,113,368.220521
25,114,368.220521
25,115,368.220521
25,116,368.220521
25,117,368.220521
25,118,368.220521
25,119,368.220521
25,120,368.220521
25,121,368.220521
25,122,368.220521
25,123,368.220521
25,124,368.220521
25,125,368.220521
25,126,368.220521
25,127,368.220521
25,128,403.283980
25,129,403.283980
25,130,444.135171
25,131,444.135171
25,132,444.135171
25,133,444.135171
25,134,444.135171
25,135,444.135171
25,136,444.135171
25,137,444.135171
25,138,444.135171
25,139,444.135171
25,140,444.135171
25,141,444.135171
25,142,444.135171
25,143,444.135171
25,144,444.135171
25,145,444.135171
25,146,444.135171
25,147,444.135171
25,148,444.135171
25,149,444.135171
25,150,444.135171
25,151,444.135171
25,152,444.135171
25,153,444.135171
25,154,444.135171
25,155,444.135171
25,156,444.135171
25,157,444.135171
25,158,444.135171
25,159,444.135171
25,160,444.135171
25,161,444.135171
25,162,444.135171
25,163,444.135171
25,164,444.135171
25,165,444.135171
25,166,444.135171
25,167,444.135171
25,168,444.135171
25,169,444.135171
25,170,444.135171
25,171,444.135171
25,172,444.135171
25,173,444.135171
25,174,444.135171
25,175,444.135171
25,176,444.135171
25,177,444.135171
25,178,444.135171
25,179,444.135171
25,180,444.135171
25,181,444.135171
25,182,444.135171
25,183,444.135171
25,184,444.135171
25,185,444.135171
25,186,444.135171
25,187,444.135171
25,188,444.135171
25,189,444.135171
25,190,444.135171
25,191,444.135171
25,192,444.135171
25,193,449.347411
25,194,449.347411
25,195,449.347411
25,196,449.347411
25,197,449.347411
25,198,449.347411
25,199,449.347411
25,200,449.347411
25,201,449.347411
25,202,449.347411
25,203,449.347411
25,204,495.410380
25,205,495.410380
25,206,495.410380
25,207,495.410380
25,208,495.410380
25,209,495.410380
25,210,495.410380
25,211,495.410380
25,212,495.410380
25,213,495.410380
25,214,495.410380
25,215,495.410380
25,216,495.410380
25,217,495.410380
25,218,495.410380
25,219,495.410380
25,220,495.410380
25,221,495.410380
25,222,495.410380
25,223,495.410380
25,224,495.410380
25,225,495.410380
25,226,495.410380
25,227,495.410380
25,228,495.410380
25,229,495.410380
25,230,495.410380
25,231,495.410380
25,232,495.410380
25,233,495.410380
25,234,495.410380
25,235,495.410380
25,236,495.410380
25,237,495.410380
25,238,495.410380
25,239,495.410380
25,240,495.410380
25,241,495.410380
25,242,495.410380
25,243,495.410380
25,244,495.410380
25,245,495.410380
25,246,495.410380
25,247,495.410380
25,248,495.410380
25,249,495.410380
25,250,495.410380
25,251,495.410380
25,252,495.410380
25,253,495.410380
25,254,495.410380
25,255,495.410380
25,256,495.410380
25,257,495.410380
25,258,495.410380
25,259,495.410380
25,260,495.410380
25,261,495.410380
25,262,495.410380
25,263,495.410380
25,264,495.410380
25,265,495.410380
25,266,495.410380
25,267,495.410380
25,268,495.410380
25,269,495.410380
25,270,495.410380
25,271,495.410380
25,272,495.410380
25,273,495.410380
25,274,495.410380
25,275,495.410380
25,276,495.410380
25,277,495.410380
25,278,495.410380
25,279,495.410380
25,280,495.410380
25,281,495.410380
25,282,495.410380
25,283,495.410380
25,284,495.410380
25,285,495.410380
25,286,495.410380
25,287,495.410380
25,288,495.410380
25,289,495.410380
25,290,495.410380
25,291,495.410380
25,292,495.410380
25,293,495.410380
25,294,495.410380
25,295,495.410380
25,296,495.410380
25,297,495.410380
25,298,495.410380
25,299,495.410380
25,300,495.410380
25,301,495.410380
25,302,495.410380
25,303,495.410380
25,304,495.410380
25,305,495.410380
25,306,495.410380
25,307,495.410380
25,308,495.410380
25,309,495.410380
25,310,495.410380
25,311,495.410380
25,312,495.410380
25,313,495.410380
25,314,495.410380
25,315,495.410380
25,316,495.410380
25,317,495.410380
25,318,495.410380
25,319,495.410380
25,320,495.410380
25,321,495.410380
25,322,495.410380
25,323,495.410380
25,324,495.410380
25,325,495.410380
25,326,495.410380
25,327,495.410380
25,328,495.410380
25,329,495.410380
25,330,495.410380
25,331,495.410380
25,332,495.410380
25,333,495.410380
25,334,495.410380
25,335,495.410380
25,336,495.410380
25,337,495.410380
25,338,495.410380
25,339,495.410380
25,340,495.410380
25,341,495.410380
25,342,495.410380
25,343,495.410380
25,344,495.410380
25,345,495.410380
25,346,495.410380
25,347,495.410380
25,348,495.410380
25,349,495.410380
25,350,495.410380
25,351,495.410380
25,352,495.410380
25,353,495.410380
25,354,495.410380
25,355,495.410380
25,356,495.410380
25,357,495.410380
25,358,495.410380
25,359,495.410380
25,360,495.410380
25,361,495.410380
25,362,495.410380
25,363,495.410380
25,364,495.410380
25,365,495.410380
25,366,495.410380
25,367,495.410380
25,368,495.410380
25,369,495.410380
25,370,501.576272
25,371,501.576272
25,372,501.576272
25,373,501.576272
25,374,501.576272
25,375,501.576272
25,376,501.576272
25,377,501.576272
25,378,501.576272
25,379,501.576272
25,380,501.576272
25,381,501.576272
25,382,501.576272
25,383,501.576272
25,384,501.576272
25,385,501.576272
25,386,501.576272
25,387,501.576272
25,388,501.576272
25,389,501.576272
25,390,501.576272
25,391,501.576272
25,392,501.576272
25,393,501.576272
25,394,501.576272
25,395,501.576272
25,396,501.576272
25,397,501.576272
25,398,501.576272
25,399,501.576272
25,400,501.576272
25,401,521.671986
25,402,521.671986
25,403,521.671986
25,404,521.671986
25,405,521.671986
25,406,521.671986
25,407,521.671986
25,408,521.671986
25,409,521.671986
25,410,521.671986
25,411,521.671986
25,412,521.671986
25,413,521.671986
25,414,521.671986
25,415,521.671986
25,416,521.671986
25,417,521.671986
25,418,521.671986
25,419,522.944469
25,420,522.944469
25,421,522.944469
25,422,522.944469
25,423,522.944469
25,424,522.944469
25,425,522.944469
25,426,522.944469
25,427,522.944469
25,428,522.944469
25,429,522.944469
25,430,522.944469
25,431,522.944469
25,432,522.944469
25,433,522.944469
25,434,522.944469
25,435,522.944469
25,436,522.944469
25,437,522.944469
25,438,522.944469
25,439,522.944469
25,440,522.944469
25,441,522.944469
25,442,522.944469
25,443,522.944469
25,444,522.944469
25,445,522.944469
25,446,522.944469
25,447,522.944469
25,448,522.944469
25,449,522.944469
25,450,522.944469
25,451,522.944469
25,452,522.944469
25,453,522.944469
25,454,522.944469
25,455,522.944469
25,456,522.944469
25,457,522.944469
25,458,522.944469
25,459,522.944469
25,460,522.944469
25,461,522.944469
25,462,522.944469
25,463,522.944469
25,464,522.944469
25,465,522.944469
25,466,522.944469
25,467,522.944469
25,468,522.944469
25,469,522.944469
25,470,522.944469
25,471,522.944469
25,472,522.944469
25,473,522.944469
25,474,522.944469
25,475,522.944469
25,476,522.944469
25,477,522.944469
25,478,522.944469
25,479,522.944469
25,480,522.944469
25,481,522.944469
25,482,522.944469
25,483,522.944469
25,484,522.944469
25,485,522.944469
25,486,522.944469
25,487,522.944469
25,488,522.944469
25,489,522.944469
25,490,522.944469
25,491,522.944469
25,492,522.944469
25,493,522.944469
25,494,522.944469
25,495,522.944469
25,496,522.944469
25,497,522.944469
25,498,522.944469
25,499,522.944469
25,500,522.944469
25,501,522.944469
25,502,522.944469
25,503,522.944469
25,504,522.944469
25,505,522.944469
25,506,522.944469
25,507,522.944469
25,508,522.944469
25,509,522.944469
25,510,522.944469
25,511,522.944469
25,512,522.944469
25,513,522.944469
25,514,522.944469
25,515,522.944469
25,516,522.944469
25,517,522.944469
25,518,522.944469
25,519,522.944469
25,520,522.944469
25,521,522.944469
25,522,522.944469
25,523,522.944469
25,524,522.944469
25,525,522.944469
25,526,522.944469
25,527,522.944469
25,528,522.944469
25,529,532.918975
25,530,532.918975
25,531,532.918975
25,532,532.918975
25,533,532.918975
25,534,532.918975
25,535,532.918975
25,536,532.918975
25,537,532.918975
25,538,532.918975
25,539,532.918975
25,540,532.918975
25,541,532.918975
25,542,532.918975
25,543,540.914353
25,544,540.914353
25,545,540.914353
25,546,540.914353
25,547,540.914353
25,548,540.914353
25,549,540.914353
25,550,540.914353
25,551,540.914353
25,552,540.914353
25,553,540.914353
25,554,540.914353
25,555,540.914353
25,556,540.914353
25,557,540.914353
25,558,540.914353
25,559,540.914353
25,560,540.914353
25,561,540.914353
25,562,540.914353
25,563,540.914353
25,564,540.914353
25,565,540.914353
25,566,540.914353
25,567,540.914353
25,568,540.914353
25,569,540.914353
25,570,540.914353
25,571,540.914353
25,572,540.914353
25,573,540.914353
25,574,540.914353
25,575,540.914353
25,576,540.914353
25,577,540.914353
25,578,540.914353
25,579,540.914353
25,580,540.914353
25,581,540.914353
25,582,540.914353
25,583,540.914353
25,584,540.914353
25,585,540.914353
25,586,540.914353
25,587,540.914353
25,588,540.914353
25,589,540.914353
25,590,540.914353
25,591,540.914353
25,592,540.914353
25,593,540.914353
25,594,540.914353
25,595,540.914353
25,596,540.914353
25,597,540.914353
25,598,540.914353
25,599,540.914353
25,600,540.914353
25,601,540.914353
25,602,540.914353
25,603,540.914353
25,604,540.914353
25,605,540.914353
25,606,540.914353
25,607,540.914353
25,608,540.914353
25,609,540.914353
25,610,540.914353
25,611,540.914353
25,612,540.914353
25,613,540.914353
25,614,540.914353
25,615,540.914353
25,616,540.914353
25,617,540.914353
25,618,540.914353
25,619,540.914353
25,620,540.914353
25,621,540.914353
25,622,540.914353
25,623,540.914353
25,624,540.914353
25,625,540.914353
25,626,540.914353
25,627,540.914353
25,628,540.914353
25,629,540.914353
25,630,540.914353
25,631,540.914353
25,632,540.914353
25,633,540.914353
25,634,540.914353
25,635,540.914353
25,636,540.914353
25,637,540.914353
25,638,540.914353
25,639,540.914353
25,640,540.914353
25,641,540.914353
25,642,540.914353
25,643,540.914353
25,644,540.914353
25,645,540.914353
25,646,540.914353
25,647,540.914353
25,648,540.914353
25,649,540.914353
25,650,540.914353
25,651,540.914353
25,652,540.914353
25,653,540.914353
25,654,540.914353
25,655,540.914353
25,656,540.914353
25,657,540.914353
25,658,540.914353
25,659,540.914353
25,660,540.914353
25,661,540.914353
25,662,540.914353
25,663,540.914353
25,664,540.914353
25,665,540.914353
25,666,540.914353
25,667,540.914353
25,668,540.914353
25,669,540.914353
25,670,540.914353
25,671,540.914353
25,672,540.914353
25,673,540.914353
25,674,540.914353
25,675,540.914353
25,676,540.914353
25,677,540.914353
25,678,540.914353
25,679,540.914353
25,680,540.914353
25,681,540.914353
25,682,540.914353
25,683,540.914353
25,684,540.914353
25,685,540.914353
25,686,540.914353
25,687,540.914353
25,688,540.914353
25,689,540.914353
25,690,540.914353
25,691,540.914353
25,692,540.914353
25,693,540.914353
25,694,540.914353
25,695,540.914353
25,696,540.914353
25,697,540.914353
25,698,540.914353
25,699,540.914353
25,700,540.914353
25,701,540.914353
25,702,540.914353
25,703,540.914353
25,704,540.914353
25,705,540.914353
25,706,540.914353
25,707,540.914353
25,708,540.914353
25,709,540.914353
25,710,540.914353
25,711,540.914353
25,712,540.914353
25,713,540.914353
25,714,540.914353
25,715,540.914353
25,716,540.914353
25,717,540.914353
25,718,540.914353
25,719,540.914353
25,720,540.914353
25,721,540.914353
25,722,540.914353
25,723,540.914353
25,724,540.914353
25,725,540.914353
25,726,540.914353
25,727,540.914353
25,728,540.914353
25,729,540.914353
25,730,540.914353
25,731,540.914353
25,732,540.914353
25,733,540.914353
25,734,540.914353
25,735,540.914353
25,736,540.914353
25,737,540.914353
25,738,540.914353
25,739,540.914353
25,740,540.914353
25,741,540.914353
25,742,540.914353
25,743,540.914353
25,744,540.914353
25,745,540.914353
25,746,540.914353
25,747,540.914353
25,748,540.914353
25,749,540.914353
25,750,540.914353
25,751,540.914353
25,752,540.914353
25,753,540.914353
25,754,540.914353
25,755,540.914353
25,756,540.914353
25,757,540.914353
25,758,540.914353
25,759,540.914353
25,760,540.914353
25,761,540.914353
25,762,540.914353
25,763,540.914353
25,764,540.914353
25,765,540.914353
25,766,540.914353
25,767,540.914353
25,768,540.914353
25,769,540.914353
25,770,540.914353
25,771,540.914353
25,772,540.914353
25,773,540.914353
25,774,540.914353
25,775,540.914353
25,776,540.914353
25,777,540.914353
25,778,540.914353
25,779,540.914353
25,780,540.914353
25,781,540.914353
25,782,540.914353
25,783,540.914353
25,784,540.914353
25,785,540.914353
25,786,540.914353
25,787,540.914353
25,788,540.914353
25,789,540.914353
25,790,540.914353
25,791,540.914353
25,792,540.914353
25,793,540.914353
25,794,540.914353
25,795,540.914353
25,796,540.914353
25,797,540.914353
25,798,540.914353
25,799,540.914353
25,800,540.914353
25,801,540.914353
25,802,540.914353
25,803,540.914353
25,804,540.914353
25,805,540.914353
25,806,540.914353
25,807,540.914353
25,808,540.914353
25,809,540.914353
25,810,540.914353
25,811,540.914353
25,812,540.914353
25,813,540.914353
25,814,540.914353
25,815,540.914353
25,816,540.914353
25,817,540.914353
25,818,540.914353
25,819,540.914353
25,820,540.914353
25,821,540.914353
25,822,540.914353
25,823,540.914353
25,824,540.914353
25,825,540.914353
25,826,540.914353
25,827,540.914353
25,828,540.914353
25,829,540.914353
25,830,540.914353
25,831,540.914353
25,832,540.914353
25,833,540.914353
25,834,540.914353
25,835,540.914353
25,836,540.914353
25,837,540.914353
25,838,540.914353
25,839,540.914353
25,840,540.914353
25,841,540.914353
25,842,540.914353
25,843,540.914353
25,844,540.914353
25,845,540.914353
25,846,540.914353
25,847,540.914353
25,848,540.914353
25,849,540.914353
25,850,540.914353
25,851,540.914353
25,852,540.914353
25,853,540.914353
25,854,540.914353
25,855,540.914353
25,856,540.914353
25,857,540.914353
25,858,540.914353
25,859,540.914353
25,860,540.914353
25,861,540.914353
25,862,540.914353
25,863,540.914353
25,864,540.914353
25,865,540.914353
25,866,540.914353
25,867,540.914353
25,868,540.914353
25,869,540.914353
25,870,540.914353
25,871,540.914353
25,872,540.914353
25,873,540.914353
25,874,540.914353
25,875,540.914353
25,876,540.914353
25,877,540.914353
25,878,540.914353
25,879,540.914353
25,880,540.914353
25,881,540.914353
25,882,540.914353
25,883,540.914353
25,884,540.914353
25,885,540.914353
25,886,540.914353
25,887,540.914353
25,888,540.914353
25,889,540.914353
25,890,540.914353
25,891,540.914353
25,892,540.914353
25,893,540.914353
25,894,540.914353
25,895,540.914353
25,896,540.914353
25,897,540.914353
25,898,540.914353
25,899,540.914353
25,900,540.914353
25,901,540.914353
25,902,540.914353
25,903,540.914353
25,904,540.914353
25,905,540.914353
25,906,540.914353
25,907,540.914353
25,908,540.914353
25,909,540.914353
25,910,540.914353
25,911,540.914353
25,912,540.914353
25,913,540.914353
25,914,540.914353
25,915,540.914353
25,916,540.914353
25,917,540.914353
25,918,540.914353
25,919,540.914353
25,920,540.914353
25,921,540.914353
25,922,540.914353
25,923,540.914353
25,924,540.914353
25,925,540.914353
25,926,540.914353
25,927,540.914353
25,928,540.914353
25,929,540.914353
25,930,540.914353
25,931,540.914353
25,932,540.914353
25,933,540.914353
25,934,540.914353
25,935,540.914353
25,936,540.914353
25,937,540.914353
25,938,540.914353
25,939,540.914353
25,940,540.914353
25,941,540.914353
25,942,540.914353
25,943,540.914353
25,944,540.914353
25,945,540.914353
25,946,540.914353
25,947,540.914353
25,948,540.914353
25,949,540.914353
25,950,540.914353
25,951,540.914353
25,952,540.914353
25,953,540.914353
25,954,540.914353
25,955,540.914353
25,956,540.914353
25,957,540.914353
25,958,540.914353
25,959,540.914353
25,960,540.914353
25,961,540.914353
25,962,540.914353
25,963,540.914353
25,964,540.914353
25,965,540.914353
25,966,540.914353
25,967,540.914353
25,968,540.914353
25,969,540.914353
25,970,540.914353
25,971,540.914353
25,972,540.914353
25,973,540.914353
25,974,540.914353
25,975,540.914353
25,976,540.914353
25,977,540.914353
25,978,540.914353
25,979,540.914353
25,980,540.914353
25,981,540.914353
25,982,540.914353
25,983,540.914353
25,984,540.914353
25,985,540.914353
25,986,540.914353
25,987,540.914353
25,988,540.914353
25,989,540.914353
25,990,540.914353
25,991,540.914353
25,992,540.914353
25,993,540.914353
25,994,540.914353
25,995,540.914353
25,996,540.914353
25,997,540.914353
25,998,540.914353
25,999,540.914353
26,0,109.773036
26,1,109.773036
26,2,109.773036
26,3,109.773036
26,4,109.773036
26,5,109.773036
26,6,109.773036
26,7,109.773036
26,8,109.773036
26,9,109.773036
26,10,109.773036
26,11,109.773036
26,12,109.773036
26,13,109.773036
26,14,113.264378
26,15,113.264378
26,16,113.264378
26,17,113.264378
26,18,113.264378
26,19,113.264378
26,20,146.289546
26,21,146.289546
26,22,146.289546
26,23,146.289546
26,24,146.289546
26,25,146.289546
26,26,146.289546
26,27,153.520427
26,28,174.052122
26,29,174.052122
26,30,174.052122
26,31,174.052122
26,32,174.052122
26,33,174.052122
26,34,174.052122
26,35,174.052122
26,36,174.052122
26,37,174.052122
26,38,174.052122
26,39,174.052122
26,40,174.052122
26,41,174.052122
26,42,174.052122
26,43,174.052122
26,44,174.052122
26,45,174.052122
26,46,174.052122
26,47,174.052122
26,48,174.052122
26,49,174.052122
26,50,174.052122
26,51,174.052122
26,52,174.052122
26,53,174.052122
26,54,174.052122
26,55,174.052122
26,56,174.052122
26,57,174.052122
26,58,174.052122
26,59,174.052122
26,60,174.052122
26,61,174.052122
26,62,174.052122
26,63,174.052122
26,64,174.052122
26,65,174.052122
26,66,174.052122
26,67,180.691751
26,68,180.691751
26,69,188.376563
26,70,188.376563
26,71,189.701767
26,72,204.417315
26,73,204.417315
26,74,209.453520
26,75,209.453520
26,76,209.453520
26,77,209.453520
26,78,218.222187
26,79,218.222187
26,80,218.222187
26,81,218.222187
26,82,226.299087
26,83,252.758446
26,84,252.758446
26,85,265.851770
26,86,265.851770
26,87,265.851770
26,88,265.851770
26,89,272.010897
26,90,272.010897
26,91,272.010897
26,92,272.010897
26,93,272.010897
26,94,272.010897
26,95,272.010897
26,96,272.010897
26,97,272.010897
26,98,280.178929
26,99,280.178929
26,100,280.178929
26,101,281.282058
26,102,288.961436
26,103,306.455696
26,104,306.455696
26,105,306.455696
26,106,306.455696
26,107,306.455696
26,108,306.455696
26,109,306.455696
26,110,306.455696
26,111,306.455696
26,112,306.455696
26,113,307.941439
26,114,307.941439
26,115,307.941439
26,116,307.941439
26,117,307.941439
26,118,335.231693
26,119,335.231693
26,120,335.231693
26,121,335.231693
26,122,335.231693
26,123,335.231693
26,124,335.231693
26,125,335.231693
26,126,335.231693
26,127,335.231693
26,128,335.231693
26,129,335.231693
26,130,344.954312
26,131,351.628762
26,132,351.628762
26,133,351.628762
26,134,351.628762
26,135,351.628762
26,136,351.628762
26,137,351.628762
26,138,351.628762
26,139,351.628762
26,140,351.628762
26,141,351.628762
26,142,351.628762
26,143,351.628762
26,144,351.628762
26,145,351.628762
26,146,351.628762
26,147,351.628762
26,148,375.356426
26,149,375.356426
26,150,375.356426
26,151,375.356426
26,152,375.356426
26,153,375.356426
26,154,375.356426
26,155,383.510963
26,156,383.510963
26,157,383.510963
26,158,383.510963
26,159,383.510963
26,160,383.510963
26,161,383.510963
26,162,383.510963
26,163,383.510963
26,164,383.510963
26,165,383.510963
26,166,383.510963
26,167,383.510963
26,168,383.510963
26,169,383.510963
26,170,383.510963
26,171,383.510963
26,172,383.510963
26,173,383.510963
26,174,383.510963
26,175,383.510963
26,176,383.510963
26,177,383.510963
26,178,383.510963
26,179,383.510963
26,180,383.510963
26,181,385.533001
26,182,385.533001
26,183,385.533001
26,184,385.533001
26,185,385.533001
26,186,385.533001
26,187,401.223895
26,188,401.223895
26,189,401.223895
26,190,401.223895
26,191,401.223895
26,192,401.223895
26,193,401.223895
26,194,401.223895
26,195,401.223895
26,196,401.223895
26,197,401.223895
26,198,401.223895
26,199,401.223895
26,200,401.223895
26,201,401.223895
26,202,401.223895
26,203,401.223895
26,204,401.223895
26,205,401.223895
26,206,401.223895
26,207,401.223895
26,208,401.223895
26,209,401.223895
26,210,401.223895
26,211,401.223895
26,212,401.223895
26,213,401.223895
26,214,401.223895
26,215,401.223895
26,216,401.223895
26,217,401.223895
26,218,401.223895
26,219,429.132572
26,220,429.132572
26,221,429.132572
26,222,429.132572
26,223,436.490367
26,224,436.490367
26,225,436.490367
26,226,436.490367
26,227,436.490367
26,228,436.490367
26,229,436.490367
26,230,436.490367
26,231,436.490367
26,232,436.490367
26,233,436.490367
26,234,436.490367
26,235,436.490367
26,236,436.490367
26,237,436.490367
26,238,436.490367
26,239,436.490367
26,240,436.490367
26,241,436.490367
26,242,436.490367
26,243,436.490367
26,244,436.490367
26,245,436.490367
26,246,436.490367
26,247,436.490367
26,248,436.490367
26,249,436.490367
26,250,436.490367
26,251,436.490367
26,252,436.490367
26,253,436.490367
26,254,436.490367
26,255,436.490367
26,256,436.490367
26,257,436.490367
26,258,436.490367
26,259,436.490367
26,260,436.490367
26,261,436.490367
26,262,436.490367
26,263,436.490367
26,264,436.490367
26,265,436.490367
26,266,436.490367
26,267,436.490367
26,268,436.490367
26,269,436.490367
26,270,436.490367
26,271,436.490367
26,272,436.490367
26,273,436.490367
26,274,436.490367
26,275,436.490367
26,276,436.490367
26,277,436.490367
26,278,436.490367
26,279,436.490367
26,280,436.490367
26,281,436.490367
26,282,436.490367
26,283,436.490367
26,284,436.490367
26,285,436.490367
26,286,436.490367
26,287,436.490367
26,288,436.490367
26,289,436.490367
26,290,436.490367
26,291,436.490367
26,292,436.490367
26,293,436.490367
26,294,436.490367
26,295,436.490367
26,296,436.490367
26,297,436.490367
26,298,436.490367
26,299,436.490367
26,300,436.490367
26,301,436.490367
26,302,436.490367
26,303,436.490367
26,304,436.490367
26,305,436.490367
26,306,436.490367
26,307,436.490367
26,308,436.490367
26,309,436.490367
26,310,436.490367
26,311,436.490367
26,312,436.490367
26,313,436.490367
26,314,436.490367
26,315,436.490367
26,316,436.490367
26,317,436.490367
26,318,436.490367
26,319,436.490367
26,320,436.490367
26,321,436.490367
26,322,436.490367
26,323,436.490367
26,324,436.490367
26,325,436.490367
26,326,436.490367
26,327,436.490367
26,328,436.490367
26,329,436.490367
26,330,436.490367
26,331,436.490367
26,332,436.490367
26,333,436.490367
26,334,436.490367
26,335,436.490367
26,336,436.490367
26,337,436.490367
26,338,436.490367
26,339,436.490367
26,340,436.490367
26,341,436.490367
26,342,436.490367
26,343,436.490367
26,344,436.490367
26,345,436.490367
26,346,436.490367
26,347,436.490367
26,348,436.490367
26,349,436.490367
26,350,436.490367
26,351,436.490367
26,352,436.490367
26,353,436.490367
26,354,436.490367
26,355,436.490367
26,356,436.490367
26,357,436.490367
26,358,436.490367
26,359,436.490367
26,360,436.490367
26,361,436.490367
26,362,436.490367
26,363,436.490367
26,364,442.657137
26,365,442.657137
26,366,442.657137
26,367,442.657137
26,368,442.657137
26,369,442.657137
26,370,442.657137
26,371,442.657137
26,372,442.657137
26,373,442.657137
26,374,444.523686
26,375,444.523686
26,376,444.523686
26,377,444.523686
26,378,444.523686
26,379,444.523686
26,380,444.523686
26,381,444.523686
26,382,447.450128
26,383,447.450128
26,384,447.450128
26,385,447.450128
26,386,512.843886
26,387,512.843886
26,388,512.843886
26,389,512.843886
26,390,512.843886
26,391,512.843886
26,392,512.843886
26,393,512.843886
26,394,512.843886
26,395,512.843886
26,396,512.843886
26,397,512.843886
26,398,512.843886
26,399,512.843886
26,400,512.843886
26,401,512.843886
26,402,512.843886
26,403,512.843886
26,404,512.843886
26,405,512.843886
26,406,512.843886
26,407,512.843886
26,408,512.843886
26,409,512.843886
26,410,512.843886
26,411,512.843886
26,412,512.843886
26,413,512.843886
26,414,512.843886
26,415,512.843886
26,416,512.843886
26,417,512.843886
26,418,512.843886
26,419,540.741436
26,420,540.741436
26,421,540.741436
26,422,540.741436
26,423,540.741436
26,424,540.741436
26,425,540.741436
26,426,540.741436
26,427,540.741436
26,428,540.741436
26,429,540.741436
26,430,540.741436
26,431,540.741436
26,432,540.741436
26,433,540.741436
26,434,540.741436
26,435,540.741436
26,436,540.741436
26,437,540.741436
26,438,540.741436
26,439,540.741436
26,440,540.741436
26,441,540.741436
26,442,540.741436
26,443,540.741436
26,444,540.741436
26,445,540.741436
26,446,540.741436
26,447,540.741436
26,448,540.741436
26,449,540.741436
26,450,540.741436
26,451,540.741436
26,452,540.741436
26,453,540.741436
26,454,540.741436
26,455,540.741436
26,456,540.741436
26,457,540.741436
26,458,540.741436
26,459,540.741436
26,460,540.741436
26,461,540.741436
26,462,540.741436
26,463,540.741436
26,464,540.741436
26,465,540.741436
26,466,540.741436
26,467,540.741436
26,468,540.741436
26,469,540.741436
26,470,540.741436
26,471,540.741436
26,472,540.741436
26,473,540.741436
26,474,540.741436
26,475,540.741436
26,476,540.741436
26,477,540.741436
26,478,540.741436
26,479,540.741436
26,480,540.741436
26,481,540.741436
26,482,540.741436
26,483,540.741436
26,484,540.741436
26,485,540.741436
26,486,540.741436
26,487,540.741436
26,488,540.741436
26,489,540.741436
26,490,540.741436
26,491,540.741436
26,492,540.741436
26,493,540.741436
26,494,540.741436
26,495,540.741436
26,496,540.741436
26,497,540.741436
26,498,540.741436
26,499,540.741436
26,500,540.741436
26,501,540.741436
26,502,540.741436
26,503,540.741436
26,504,540.741436
26,505,540.741436
26,506,540.741436
26,507,540.741436
26,508,540.741436
26,509,540.741436
26,510,540.741436
26,511,540.741436
26,512,540.741436
26,513,540.741436
26,514,540.741436
26,515,540.741436
26,516,540.741436
26,517,540.741436
26,518,540.741436
26,519,540.741436
26,520,540.741436
26,521,540.741436
26,522,540.741436
26,523,540.741436
26,524,540.741436
26,525,540.741436
26,526,540.741436
26,527,540.741436
26,528,540.741436
26,529,540.741436
26,530,540.741436
26,531,540.741436
26,532,540.741436
26,533,540.741436
26,534,540.741436
26,535,540.741436
26,536,540.741436
26,537,540.741436
26,538,540.741436
26,539,540.741436
26,540,540.741436
26,541,540.741436
26,542,540.741436
26,543,540.741436
26,544,540.741436
26,545,540.741436
26,546,540.741436
26,547,540.741436
26,548,540.741436
26,549,540.741436
26,550,540.741436
26,551,540.741436
26,552,540.741436
26,553,540.741436
26,554,540.741436
26,555,540.741436
26,556,540.741436
26,557,540.741436
26,558,540.741436
26,559,540.741436
26,560,540.741436
26,561,540.741436
26,562,540.741436
26,563,540.741436
26,564,540.741436
26,565,540.741436
26,566,540.741436
26,567,540.741436
26,568,540.741436
26,569,540.741436
26,570,540.741436
26,571,540.741436
26,572,540.741436
26,573,540.741436
26,574,540.741436
26,575,540.741436
26,576,540.741436
26,577,540.741436
26,578,540.741436
26,579,540.741436
26,580,540.741436
26,581,540.741436
26,582,540.741436
26,583,540.741436
26,584,540.741436
26,585,540.741436
26,586,540.741436
26,587,540.741436
26,588,540.741436
26,589,540.741436
26,590,540.741436
26,591,540.741436
26,592,540.741436
26,593,540.741436
26,594,540.741436
26,595,540.741436
26,596,540.741436
26,597,540.741436
26,598,540.741436
26,599,540.741436
26,600,540.741436
26,601,540.741436
26,602,540.741436
26,603,540.741436
26,604,540.741436
26,605,540.741436
26,606,540.741436
26,607,540.741436
26,608,540.741436
26,609,540.741436
26,610,540.741436
26,611,540.741436
26,612,540.741436
26,613,540.741436
26,614,540.741436
26,615,540.741436
26,616,540.741436
26,617,540.741436
26,618,540.741436
26,619,540.741436
26,620,540.741436
26,621,540.741436
26,622,540.741436
26,623,540.741436
26,624,540.741436
26,625,540.741436
26,626,540.741436
26,627,540.741436
26,628,540.741436
26,629,540.741436
26,630,540.741436
26,631,540.741436
26,632,540.741436
26,633,540.741436
26,634,540.741436
26,635,540.741436
26,636,540.741436
26,637,540.741436
26,638,540.741436
26,639,540.741436
26,640,540.741436
26,641,540.741436
26,642,540.741436
26,643,540.741436
26,644,540.741436
26,645,540.741436
26,646,540.741436
26,647,540.741436
26,648,540.741436
26,649,540.741436
26,650,540.741436
26,651,540.741436
26,652,540.741436
26,653,540.741436
26,654,540.741436
26,655,540.741436
26,656,540.741436
26,657,540.741436
26,658,540.741436
26,659,540.741436
26,660,540.741436
26,661,540.741436
26,662,540.741436
26,663,540.741436
26,664,540.741436
26,665,540.741436
26,666,540.741436
26,667,540.741436
26,668,540.741436
26,669,540.741436
26,670,540.741436
26,671,540.741436
26,672,540.741436
26,673,540.741436
26,674,540.741436
26,675,540.741436
26,676,540.741436
26,677,540.741436
26,678,540.741436
26,679,540.741436
26,680,540.741436
26,681,540.741436
26,682,540.741436
26,683,540.741436
26,684,540.741436
26,685,540.741436
26,686,540.741436
26,687,540.741436
26,688,540.741436
26,689,540.741436
26,690,540.741436
26,691,540.741436
26,692,540.741436
26,693,540.741436
26,694,540.741436
26,695,540.741436
26,696,540.741436
26,697,540.741436
26,698,540.741436
26,699,540.741436
26,700,540.741436
26,701,540.741436
26,702,540.741436
26,703,540.741436
26,704,540.741436
26,705,540.741436
26,706,540.741436
26,707,540.741436
26,708,540.741436
26,709,540.741436
26,710,540.741436
26,711,540.741436
26,712,540.741436
26,713,540.741436
26,714,540.741436
26,715,540.741436
26,716,540.741436
26,717,540.741436
26,718,540.741436
26,719,540.741436
26,720,540.741436
26,721,540.741436
26,722,540.741436
26,723,540.741436
26,724,540.741436
26,725,540.741436
26,726,540.741436
26,727,540.741436
26,728,540.741436
26,729,540.741436
26,730,540.741436
26,731,540.741436
26,732,540.741436
26,733,540.741436
26,734,540.741436
26,735,540.741436
26,736,540.741436
26,737,540.741436
26,738,540.741436
26,739,540.741436
26,740,540.741436
26,741,540.741436
26,742,540.741436
26,743,540.741436
26,744,540.741436
26,745,540.741436
26,746,540.741436
26,747,540.741436
26,748,540.741436
26,749,540.741436
26,750,540.741436
26,751,540.741436
26,752,540.741436
26,753,540.741436
26,754,540.741436
26,755,540.741436
26,756,540.741436
26,757,540.741436
26,758,540.741436
26,759,540.741436
26,760,540.741436
26,761,540.741436
26,762,540.741436
26,763,540.741436
26,764,540.741436
26,765,540.741436
26,766,540.741436
26,767,540.741436
26,768,540.741436
26,769,540.741436
26,770,540.741436
26,771,540.741436
26,772,540.741436
26,773,540.741436
26,774,540.741436
26,775,540.741436
26,776,540.741436
26,777,540.741436
26,778,540.741436
26,779,540.741436
26,780,540.741436
26,781,540.741436
26,782,540.741436
26,783,540.741436
26,784,540.741436
26,785,540.741436
26,786,540.741436
26,787,540.741436
26,788,540.741436
26,789,540.741436
26,790,540.741436
26,791,540.741436
26,792,540.741436
26,793,540.741436
26,794,540.741436
26,795,540.741436
26,796,540.741436
26,797,540.741436
26,798,540.741436
26,799,540.741436
26,800,540.741436
26,801,540.741436
26,802,540.741436
26,803,540.741436
26,804,540.741436
26,805,540.741436
26,806,540.741436
26,807,540.741436
26,808,540.741436
26,809,540.741436
26,810,540.741436
26,811,540.741436
26,812,540.741436
26,813,540.741436
26,814,540.741436
26,815,540.741436
26,816,540.741436
26,817,540.741436
26,818,540.741436
26,819,540.741436
26,820,540.741436
26,821,540.741436
26,822,540.741436
26,823,540.741436
26,824,540.741436
26,825,540.741436
26,826,540.741436
26,827,540.741436
26,828,540.741436
26,829,540.741436
26,830,540.741436
26,831,540.741436
26,832,540.741436
26,833,540.741436
26,834,540.741436
26,835,540.741436
26,836,540.741436
26,837,540.741436
26,838,540.741436
26,839,540.741436
26,840,540.741436
26,841,540.741436
26,842,540.741436
26,843,540.741436
26,844,540.741436
26,845,540.741436
26,846,540.741436
26,847,540.741436
26,848,540.741436
26,849,540.741436
26,850,540.741436
26,851,540.741436
26,852,540.741436
26,853,540.741436
26,854,540.741436
26,855,540.741436
26,856,540.741436
26,857,540.741436
26,858,540.741436
26,859,540.741436
26,860,540.741436
26,861,540.741436
26,862,540.741436
26,863,540.741436
26,864,540.741436
26,865,540.741436
26,866,540.741436
26,867,540.741436
26,868,540.741436
26,869,540.741436
26,870,540.741436
26,871,540.741436
26,872,540.741436
26,873,540.741436
26,874,540.741436
26,875,540.741436
26,876,540.741436
26,877,540.741436
26,878,540.741436
26,879,540.741436
26,880,540.741436
26,881,540.741436
26,882,540.741436
26,883,540.741436
26,884,540.741436
26,885,540.741436
26,886,540.741436
26,887,540.741436
26,888,540.741436
26,889,540.741436
26,890,540.741436
26,891,540.741436
26,892,540.741436
26,893,540.741436
26,894,540.741436
26,895,540.741436
26,896,540.741436
26,897,540.741436
26,898,540.741436
26,899,540.741436
26,900,540.741436
26,901,540.741436
26,902,540.741436
26,903,540.741436
26,904,540.741436
26,905,540.741436
26,906,540.741436
26,907,540.741436
26,908,540.741436
26,909,540.741436
26,910,540.741436
26,911,540.741436
26,912,540.741436
26,913,540.741436
26,914,540.741436
26,915,540.741436
26,916,540.741436
26,917,540.741436
26,918,540.741436
26,919,540.741436
26,920,540.741436
26,921,540.741436
26,922,540.741436
26,923,540.741436
26,924,540.741436
26,925,540.741436
26,926,540.741436
26,927,540.741436
26,928,540.741436
26,929,540.741436
26,930,540.741436
26,931,540.741436
26,932,540.741436
26,933,540.741436
26,934,540.741436
26,935,540.741436
26,936,540.741436
26,937,540.741436
26,938,540.741436
26,939,540.741436
26,940,540.741436
26,941,540.741436
26,942,540.741436
26,943,540.741436
26,944,540.741436
26,945,540.741436
26,946,540.741436
26,947,540.741436
26,948,540.741436
26,949,540.741436
26,950,540.741436
26,951,540.741436
26,952,540.741436
26,953,540.741436
26,954,540.741436
26,955,540.741436
26,956,540.741436
26,957,540.741436
26,958,540.741436
26,959,540.741436
26,960,540.741436
26,961,540.741436
26,962,540.741436
26,963,540.741436
26,964,540.741436
26,965,540.741436
26,966,540.741436
26,967,540.741436
26,968,540.741436
26,969,540.741436
26,970,540.741436
26,971,540.741436
26,972,540.741436
26,973,540.741436
26,974,540.741436
26,975,540.741436
26,976,540.741436
26,977,540.741436
26,978,540.741436
26,979,540.741436
26,980,540.741436
26,981,540.741436
26,982,540.741436
26,983,540.741436
26,984,540.741436
26,985,540.741436
26,986,540.741436
26,987,540.741436
26,988,540.741436
26,989,540.741436
26,990,540.741436
26,991,540.741436
26,992,540.741436
26,993,540.741436
26,994,540.741436
26,995,540.741436
26,996,540.741436
26,997,540.741436
26,998,540.741436
26,999,540.741436
27,0,106.908131
27,1,106.908131
27,2,106.908131
27,3,106.908131
27,4,106.908131
27,5,106.908131
27,6,106.908131
27,7,106.908131
27,8,106.908131
27,9,116.450629
27,10,116.450629
27,11,116.450629
27,12,116.450629
27,13,116.450629
27,14,121.058131
27,15,121.058131
27,16,121.058131
27,17,127.209460
27,18,127.209460
27,19,127.514964
27,20,152.460926
27,21,163.229306
27,22,169.853013
27,23,169.853013
27,24,169.853013
27,25,169.853013
27,26,169.853013
27,27,169.853013
27,28,194.757337
27,29,214.594289
27,30,214.594289
27,31,214.594289
27,32,214.594289
27,33,214.594289
27,34,214.594289
27,35,214.594289
27,36,214.594289
27,37,214.594289
27,38,214.594289
27,39,214.594289
27,40,214.594289
27,41,214.594289
27,42,214.594289
27,43,214.594289
27,44,214.594289
27,45,214.594289
27,46,214.594289
27,47,214.594289
27,48,214.594289
27,49,214.594289
27,50,214.594289
27,51,214.594289
27,52,214.594289
27,53,214.594289
27,54,214.594289
27,55,214.594289
27,56,214.594289
27,57,214.594289
27,58,214.594289
27,59,214.594289
27,60,214.594289
27,61,214.594289
27,62,214.594289
27,63,214.594289
27,64,214.594289
27,65,214.594289
27,66,214.594289
27,67,217.038570
27,68,217.038570
27,69,217.038570
27,70,217.038570
27,71,217.038570
27,72,217.038570
27,73,217.038570
27,74,217.038570
27,75,217.038570
27,76,217.038570
27,77,217.038570
27,78,217.038570
27,79,217.038570
27,80,217.038570
27,81,217.038570
27,82,217.038570
27,83,217.038570
27,84,217.038570
27,85,217.038570
27,86,217.038570
27,87,217.038570
27,88,217.038570
27,89,217.038570
27,90,217.038570
27,91,217.038570
27,92,217.038570
27,93,217.038570
27,94,217.038570
27,95,217.038570
27,96,217.038570
27,97,217.038570
27,98,217.038570
27,99,217.038570
27,100,217.038570
27,101,217.038570
27,102,217.038570
27,103,217.038570
27,104,217.038570
27,105,217.038570
27,106,217.038570
27,107,217.038570
27,108,217.038570
27,109,217.038570
27,110,217.038570
27,111,217.038570
27,112,217.038570
27,113,217.038570
27,114,217.038570
27,115,217.038570
27,116,217.038570
27,117,217.038570
27,118,217.038570
27,119,217.038570
27,120,217.038570
27,121,217.038570
27,122,217.038570
27,123,217.038570
27,124,217.038570
27,125,217.038570
27,126,217.038570
27,127,217.038570
27,128,217.038570
27,129,217.038570
27,130,217.038570
27,131,217.038570
27,132,217.038570
27,133,217.038570
27,134,217.038570
27,135,217.038570
27,136,217.038570
27,137,217.038570
27,138,217.038570
27,139,217.038570
27,140,217.038570
27,141,217.038570
27,142,217.038570
27,143,217.038570
27,144,217.038570
27,145,217.038570
27,146,217.038570
27,147,217.038570
27,148,217.038570
27,149,217.038570
27,150,217.038570
27,151,217.038570
27,152,217.038570
27,153,217.038570
27,154,217.038570
27,155,217.038570
27,156,217.038570
27,157,217.038570
27,158,217.038570
27,159,217.038570
27,160,217.038570
27,161,217.038570
27,162,217.038570
27,163,217.038570
27,164,217.038570
27,165,217.038570
27,166,217.038570
27,167,217.038570
27,168,217.038570
27,169,217.038570
27,170,217.038570
27,171,217.038570
27,172,217.038570
27,173,217.038570
27,174,217.038570
27,175,217.038570
27,176,217.038570
27,177,217.038570
27,178,217.038570
27,179,217.038570
27,180,217.038570
27,181,217.038570
27,182,217.038570
27,183,217.038570
27,184,217.038570
27,185,217.038570
27,186,217.038570
27,187,217.038570
27,188,217.038570
27,189,217.038570
27,190,217.038570
27,191,217.038570
27,192,217.038570
27,193,217.038570
27,194,217.038570
27,195,217.038570
27,196,217.038570
27,197,217.038570
27,198,217.038570
27,199,217.038570
27,200,217.038570
27,201,217.038570
27,202,217.038570
27,203,217.038570
27,204,217.038570
27,205,217.038570
27,206,217.038570
27,207,217.038570
27,208,217.038570
27,209,217.038570
27,210,217.038570
27,211,217.038570
27,212,217.038570
27,213,217.038570
27,214,217.038570
27,215,217.038570
27,216,217.038570
27,217,217.038570
27,218,217.038570
27,219,217.038570
27,220,217.038570
27,221,217.038570
27,222,217.038570
27,223,217.038570
27,224,217.038570
27,225,217.038570
27,226,217.038570
27,227,217.038570
27,228,217.038570
27,229,217.038570
27,230,217.038570
27,231,217.038570
27,232,217.038570
27,233,217.038570
27,234,217.038570
27,235,217.038570
27,236,217.038570
27,237,217.038570
27,238,217.038570
27,239,217.038570
27,240,217.038570
27,241,217.038570
27,242,217.038570
27,243,217.038570
27,244,217.038570
27,245,221.950657
27,246,221.950657
27,247,221.950657
27,248,221.950657
27,249,221.950657
27,250,221.950657
27,251,227.512692
27,252,227.512692
27,253,227.512692
27,254,227.512692
27,255,227.512692
27,256,227.512692
27,257,227.512692
27,258,227.512692
27,259,227.512692
27,260,227.512692
27,261,227.512692
27,262,227.512692
27,263,227.512692
27,264,227.512692
27,265,227.512692
27,266,227.512692
27,267,227.512692
27,268,227.512692
27,269,234.185318
27,270,234.185318
27,271,234.185318
27,272,234.185318
27,273,234.185318
27,274,234.185318
27,275,235.181807
27,276,235.181807
27,277,238.801011
27,278,238.801011
27,279,238.801011
27,280,250.557775
27,281,250.557775
27,282,250.557775
27,283,250.557775
27,284,250.557775
27,285,250.557775
27,286,287.625994
27,287,287.625994
27,288,287.625994
27,289,287.625994
27,290,287.625994
27,291,287.625994
27,292,291.961337
27,293,291.961337
27,294,291.961337
27,295,291.961337
27,296,291.961337
27,297,291.961337
27,298,291.961337
27,299,291.961337
27,300,291.961337
27,301,294.394469
27,302,294.394469
27,303,294.394469
27,304,294.394469
27,305,294.394469
27,306,294.394469
27,307,294.394469
27,308,294.394469
27,309,294.394469
27,310,294.394469
27,311,294.394469
27,312,294.394469
27,313,294.394469
27,314,294.394469
27,315,294.394469
27,316,294.394469
27,317,294.394469
27,318,294.394469
27,319,294.394469
27,320,294.394469
27,321,294.394469
27,322,294.394469
27,323,294.394469
27,324,294.394469
27,325,294.394469
27,326,294.394469
27,327,294.394469
27,328,294.394469
27,329,294.394469
27,330,294.394469
27,331,294.394469
27,332,294.394469
27,333,294.394469
27,334,294.394469
27,335,294.394469
27,336,294.394469
27,337,294.394469
27,338,294.394469
27,339,294.394469
27,340,294.394469
27,341,294.394469
27,342,294.394469
27,343,294.394469
27,344,294.394469
27,345,294.394469
27,346,294.394469
27,347,294.394469
27,348,294.394469
27,349,294.394469
27,350,294.394469
27,351,294.394469
27,352,294.394469
27,353,294.394469
27,354,294.394469
27,355,294.394469
27,356,294.394469
27,357,294.394469
27,358,294.394469
27,359,294.394469
27,360,294.394469
27,361,294.394469
27,362,294.394469
27,363,294.394469
27,364,310.187800
27,365,310.187800
27,366,310.187800
27,367,310.187800
27,368,310.187800
27,369,310.187800
27,370,310.187800
27,371,310.187800
27,372,310.187800
27,373,310.187800
27,374,310.187800
27,375,310.187800
27,376,310.187800
27,377,310.187800
27,378,310.187800
27,379,310.187800
27,380,310.187800
27,381,310.187800
27,382,310.187800
27,383,310.187800
27,384,310.187800
27,385,310.187800
27,386,310.187800
27,387,310.187800
27,388,310.187800
27,389,310.187800
27,390,310.187800
27,391,310.187800
27,392,310.187800
27,393,310.187800
27,394,310.187800
27,395,310.187800
27,396,310.187800
27,397,310.187800
27,398,310.187800
27,399,310.187800
27,400,310.187800
27,401,310.187800
27,402,310.187800
27,403,310.187800
27,404,310.187800
27,405,310.187800
27,406,310.187800
27,407,310.187800
27,408,310.187800
27,409,310.187800
27,410,310.187800
27,411,310.187800
27,412,310.187800
27,413,310.187800
27,414,310.187800
27,415,310.187800
27,416,310.187800
27,417,310.187800
27,418,310.187800
27,419,310.187800
27,420,310.187800
27,421,310.187800
27,422,310.187800
27,423,310.187800
27,424,310.187800
27,425,310.187800
27,426,310.187800
27,427,310.187800
27,428,310.187800
27,429,310.187800
27,430,310.187800
27,431,310.187800
27,432,310.187800
27,433,310.187800
27,434,310.187800
27,435,310.187800
27,436,310.187800
27,437,310.187800
27,438,310.187800
27,439,310.187800
27,440,310.187800
27,441,310.187800
27,442,310.187800
27,443,310.187800
27,444,310.187800
27,445,310.187800
27,446,310.187800
27,447,310.187800
27,448,310.187800
27,449,310.187800
27,450,346.732460
27,451,346.732460
27,452,346.732460
27,453,346.732460
27,454,346.732460
27,455,346.732460
27,456,346.732460
27,457,346.732460
27,458,346.732460
27,459,346.732460
27,460,346.732460
27,461,346.732460
27,462,346.732460
27,463,346.732460
27,464,346.732460
27,465,346.732460
27,466,346.732460
27,467,346.732460
27,468,346.732460
27,469,346.732460
27,470,346.732460
27,471,346.732460
27,472,346.732460
27,473,346.732460
27,474,346.732460
27,475,346.732460
27,476,346.732460
27,477,346.732460
27,478,346.732460
27,479,346.732460
27,480,346.732460
27,481,346.732460
27,482,346.732460
27,483,346.732460
27,484,346.732460
27,485,346.732460
27,486,346.732460
27,487,346.732460
27,488,346.732460
27,489,346.732460
27,490,346.732460
27,491,346.732460
27,492,346.732460
27,493,346.732460
27,494,346.732460
27,495,346.732460
27,496,346.732460
27,497,346.732460
27,498,346.732460
27,499,346.732460
27,500,346.732460
27,501,346.732460
27,502,346.732460
27,503,346.732460
27,504,346.732460
27,505,346.732460
27,506,346.732460
27,507,346.732460
27,508,346.732460
27,509,346.732460
27,510,346.732460
27,511,346.732460
27,512,346.732460
27,513,346.732460
27,514,346.732460
27,515,346.732460
27,516,346.732460
27,517,346.732460
27,518,346.732460
27,519,346.732460
27,520,346.732460
27,521,346.732460
27,522,346.732460
27,523,346.732460
27,524,346.732460
27,525,346.732460
27,526,346.732460
27,527,346.732460
27,528,346.732460
27,529,346.732460
27,530,346.732460
27,531,346.732460
27,532,346.732460
27,533,346.732460
27,534,346.732460
27,535,346.732460
27,536,346.732460
27,537,346.732460
27,538,346.732460
27,539,346.732460
27,540,346.732460
27,541,346.732460
27,542,346.732460
27,543,346.732460
27,544,346.732460
27,545,346.732460
27,546,346.732460
27,547,346.732460
27,548,346.732460
27,549,346.732460
27,550,346.732460
27,551,346.732460
27,552,346.732460
27,553,346.732460
27,554,346.732460
27,555,346.732460
27,556,346.732460
27,557,346.732460
27,558,346.732460
27,559,346.732460
27,560,346.732460
27,561,346.732460
27,562,346.732460
27,563,346.732460
27,564,346.732460
27,565,346.732460
27,566,346.732460
27,567,346.732460
27,568,346.732460
27,569,346.732460
27,570,346.732460
27,571,346.732460
27,572,346.732460
27,573,346.732460
27,574,346.732460
27,575,346.732460
27,576,346.732460
27,577,346.732460
27,578,346.732460
27,579,346.732460
27,580,346.732460
27,581,346.732460
27,582,346.732460
27,583,346.732460
27,584,346.732460
27,585,346.732460
27,586,346.732460
27,587,346.732460
27,588,346.732460
27,589,346.732460
27,590,346.732460
27,591,346.732460
27,592,346.732460
27,593,346.732460
27,594,346.732460
27,595,346.732460
27,596,346.732460
27,597,346.732460
27,598,346.732460
27,599,346.732460
27,600,346.732460
27,601,346.732460
27,602,346.732460
27,603,346.732460
27,604,346.732460
27,605,346.732460
27,606,346.732460
27,607,346.732460
27,608,346.732460
27,609,346.732460
27,610,346.732460
27,611,346.732460
27,612,346.732460
27,613,346.732460
27,614,346.732460
27,615,346.732460
27,616,346.732460
27,617,346.732460
27,618,346.732460
27,619,346.732460
27,620,346.732460
27,621,346.732460
27,622,346.732460
27,623,346.732460
27,624,346.732460
27,625,346.732460
27,626,346.732460
27,627,346.732460
27,628,346.732460
27,629,346.732460
27,630,346.732460
27,631,346.732460
27,632,346.732460
27,633,346.732460
27,634,346.732460
27,635,346.732460
27,636,346.732460
27,637,346.732460
27,638,346.732460
27,639,346.732460
27,640,346.732460
27,641,346.732460
27,642,346.732460
27,643,346.732460
27,644,346.732460
27,645,346.732460
27,646,346.732460
27,647,346.732460
27,648,346.732460
27,649,346.732460
27,650,346.732460
27,651,346.732460
27,652,346.732460
27,653,346.732460
27,654,346.732460
27,655,346.732460
27,656,346.732460
27,657,346.732460
27,658,346.732460
27,659,346.732460
27,660,346.732460
27,661,346.732460
27,662,346.732460
27,663,346.732460
27,664,346.732460
27,665,346.732460
27,666,346.732460
27,667,346.732460
27,668,346.732460
27,669,346.732460
27,670,346.732460
27,671,346.732460
27,672,346.732460
27,673,346.732460
27,674,346.732460
27,675,346.732460
27,676,346.732460
27,677,346.732460
27,678,346.732460
27,679,346.732460
27,680,346.732460
27,681,346.732460
27,682,346.732460
27,683,346.732460
27,684,346.732460
27,685,346.732460
27,686,346.732460
27,687,346.732460
27,688,346.732460
27,689,346.732460
27,690,346.732460
27,691,346.732460
27,692,346.732460
27,693,346.732460
27,694,352.651653
27,695,352.651653
27,696,352.651653
27,697,352.651653
27,698,352.651653
27,699,352.651653
27,700,352.651653
27,701,352.651653
27,702,352.651653
27,703,352.651653
27,704,352.651653
27,705,352.651653
27,706,352.651653
27,707,352.651653
27,708,352.651653
27,709,352.651653
27,710,352.651653
27,711,352.651653
27,712,352.651653
27,713,352.651653
27,714,358.366241
27,715,358.366241
27,716,358.366241
27,717,358.366241
27,718,358.366241
27,719,358.366241
27,720,358.366241
27,721,358.366241
27,722,358.366241
27,723,358.366241
27,724,358.366241
27,725,358.366241
27,726,358.366241
27,727,358.366241
27,728,358.366241
27,729,358.366241
27,730,358.366241
27,731,377.648066
27,732,377.648066
27,733,377.648066
27,734,377.648066
27,735,377.648066
27,736,377.648066
27,737,377.648066
27,738,377.648066
27,739,377.648066
27,740,381.896039
27,741,381.896039
27,742,381.896039
27,743,381.896039
27,744,386.169270
27,745,386.169270
27,746,396.044945
27,747,396.044945
27,748,407.888328
27,749,407.888328
27,750,407.888328
27,751,407.888328
27,752,407.888328
27,753,407.888328
27,754,407.888328
27,755,407.888328
27,756,407.888328
27,757,407.888328
27,758,407.888328
27,759,407.888328
27,760,407.888328
27,761,407.888328
27,762,407.888328
27,763,407.888328
27,764,407.888328
27,765,407.888328
27,766,407.888328
27,767,407.888328
27,768,407.888328
27,769,407.888328
27,770,407.888328
27,771,407.888328
27,772,407.888328
27,773,407.888328
27,774,407.888328
27,775,407.888328
27,776,407.888328
27,777,407.888328
27,778,407.888328
27,779,407.888328
27,780,407.888328
27,781,407.888328
27,782,407.888328
27,783,407.888328
27,784,407.888328
27,785,407.888328
27,786,407.888328
27,787,407.888328
27,788,407.888328
27,789,407.888328
27,790,407.888328
27,791,407.888328
27,792,407.888328
27,793,407.888328
27,794,407.888328
27,795,407.888328
27,796,407.888328
27,797,407.888328
27,798,407.888328
27,799,407.888328
27,800,407.888328
27,801,407.888328
27,802,407.888328
27,803,407.888328
27,804,407.888328
27,805,407.888328
27,806,407.888328
27,807,407.888328
27,808,407.888328
27,809,407.888328
27,810,407.888328
27,811,407.888328
27,812,407.888328
27,813,407.888328
27,814,432.752298
27,815,432.752298
27,816,432.752298
27,817,432.752298
27,818,432.752298
27,819,432.752298
27,820,432.752298
27,821,432.752298
27,822,432.752298
27,823,432.752298
27,824,432.752298
27,825,432.752298
27,826,432.752298
27,827,432.752298
27,828,432.752298
27,829,432.752298
27,830,432.752298
27,831,432.752298
27,832,432.752298
27,833,432.752298
27,834,432.752298
27,835,432.752298
27,836,432.752298
27,837,432.752298
27,838,432.752298
27,839,432.752298
27,840,432.752298
27,841,432.752298
27,842,432.752298
27,843,432.752298
27,844,432.752298
27,845,432.752298
27,846,432.752298
27,847,432.752298
27,848,432.752298
27,849,432.752298
27,850,432.752298
27,851,432.752298
27,852,432.752298
27,853,432.752298
27,854,432.752298
27,855,432.752298
27,856,432.752298
27,857,432.752298
27,858,432.752298
27,859,432.752298
27,860,432.752298
27,861,432.752298
27,862,432.752298
27,863,432.752298
27,864,432.752298
27,865,432.752298
27,866,432.752298
27,867,432.752298
27,868,432.752298
27,869,432.752298
27,870,432.752298
27,871,432.752298
27,872,432.752298
27,873,432.752298
27,874,432.752298
27,875,432.752298
27,876,432.752298
27,877,432.752298
27,878,445.043938
27,879,445.043938
27,880,445.043938
27,881,445.043938
27,882,445.043938
27,883,445.043938
27,884,445.043938
27,885,445.043938
27,886,445.043938
27,887,445.043938
27,888,445.043938
27,889,445.043938
27,890,445.043938
27,891,445.043938
27,892,445.043938
27,893,445.043938
27,894,445.043938
27,895,445.043938
27,896,445.043938
27,897,445.043938
27,898,445.043938
27,899,445.043938
27,900,445.043938
27,901,445.043938
27,902,445.043938
27,903,445.043938
27,904,445.043938
27,905,445.043938
27,906,445.043938
27,907,445.043938
27,908,445.043938
27,909,445.043938
27,910,445.043938
27,911,445.043938
27,912,445.043938
27,913,445.043938
27,914,445.043938
27,915,445.043938
27,916,445.043938
27,917,445.043938
27,918,445.043938
27,919,445.043938
27,920,445.043938
27,921,445.043938
27,922,445.043938
27,923,445.043938
27,924,445.043938
27,925,445.043938
27,926,445.043938
27,927,445.043938
27,928,469.627299
27,929,469.627299
27,930,469.627299
27,931,469.627299
27,932,469.627299
27,933,469.627299
27,934,469.627299
27,935,469.627299
27,936,469.627299
27,937,469.627299
27,938,469.627299
27,939,469.627299
27,940,469.627299
27,941,469.627299
27,942,469.627299
27,943,476.672046
27,944,476.672046
27,945,476.672046
27,946,476.672046
27,947,476.672046
27,948,476.672046
27,949,476.672046
27,950,476.672046
27,951,476.672046
27,952,476.672046
27,953,476.672046
27,954,476.672046
27,955,476.672046
27,956,476.672046
27,957,476.672046
27,958,476.672046
27,959,476.672046
27,960,476.672046
27,961,476.672046
27,962,476.672046
27,963,476.672046
27,964,476.672046
27,965,476.672046
27,966,476.672046
27,967,476.672046
27,968,476.672046
27,969,476.672046
27,970,476.672046
27,971,476.672046
27,972,476.672046
27,973,476.672046
27,974,476.672046
27,975,476.672046
27,976,476.672046
27,977,476.672046
27,978,476.672046
27,979,476.672046
27,980,476.672046
27,981,476.672046
27,982,476.672046
27,983,476.672046
27,984,476.672046
27,985,476.672046
27,986,476.672046
27,987,476.672046
27,988,476.672046
27,989,476.672046
27,990,476.672046
27,991,476.672046
27,992,476.672046
27,993,476.672046
27,994,476.672046
27,995,483.601619
27,996,483.601619
27,997,483.601619
27,998,483.601619
27,999,483.601619
28,0,123.339385
28,1,123.339385
28,2,123.339385
28,3,139.692634
28,4,158.045263
28,5,159.808745
28,6,170.764061
28,7,192.297665
28,8,192.297665
28,9,192.297665
28,10,192.297665
28,11,192.297665
28,12,192.297665
28,13,192.297665
28,14,192.297665
28,15,192.297665
28,16,192.297665
28,17,192.297665
28,18,192.297665
28,19,192.297665
28,20,192.297665
28,21,192.297665
28,22,192.297665
28,23,192.297665
28,24,192.297665
28,25,192.297665
28,26,192.297665
28,27,192.297665
28,28,192.297665
28,29,192.297665
28,30,192.297665
28,31,192.297665
28,32,192.297665
28,33,192.297665
28,34,192.297665
28,35,192.297665
28,36,192.297665
28,37,192.297665
28,38,192.297665
28,39,192.297665
28,40,192.297665
28,41,192.297665
28,42,192.297665
28,43,192.297665
28,44,192.297665
28,45,192.297665
28,46,192.297665
28,47,192.297665
28,48,192.297665
28,49,192.297665
28,50,192.297665
28,51,192.297665
28,52,192.297665
28,53,192.297665
28,54,192.297665
28,55,192.297665
28,56,192.297665
28,57,192.297665
28,58,192.297665
28,59,192.297665
28,60,192.297665
28,61,192.297665
28,62,192.297665
28,63,192.297665
28,64,192.297665
28,65,192.297665
28,66,192.297665
28,67,192.297665
28,68,192.297665
28,69,192.297665
28,70,192.297665
28,71,192.297665
28,72,192.297665
28,73,192.297665
28,74,192.297665
28,75,198.893271
28,76,198.893271
28,77,212.419645
28,78,212.419645
28,79,212.419645
28,80,212.419645
28,81,212.419645
28,82,212.419645
28,83,212.419645
28,84,212.419645
28,85,212.419645
28,86,212.419645
28,87,212.419645
28,88,212.419645
28,89,212.419645
28,90,212.419645
28,91,212.419645
28,92,237.343675
28,93,237.343675
28,94,237.343675
28,95,237.343675
28,96,237.343675
28,97,237.343675
28,98,237.764352
28,99,237.764352
28,100,263.313422
28,101,263.313422
28,102,263.313422
28,103,263.313422
28,104,263.313422
28,105,263.313422
28,106,263.313422
28,107,276.157828
28,108,276.157828
28,109,276.157828
28,110,283.505422
28,111,283.505422
28,112,298.826431
28,113,298.826431
28,114,298.826431
28,115,298.826431
28,116,298.826431
28,117,298.826431
28,118,298.826431
28,119,298.826431
28,120,298.826431
28,121,298.826431
28,122,298.826431
28,123,298.826431
28,124,298.826431
28,125,298.826431
28,126,298.826431
28,127,298.826431
28,128,298.826431
28,129,298.826431
28,130,298.826431
28,131,298.826431
28,132,298.826431
28,133,298.826431
28,134,298.826431
28,135,298.826431
28,136,298.826431
28,137,298.826431
28,138,298.826431
28,139,298.826431
28,140,298.826431
28,141,298.826431
28,142,298.826431
28,143,298.826431
28,144,298.826431
28,145,298.826431
28,146,298.826431
28,147,298.826431
28,148,302.012370
28,149,302.012370
28,150,302.012370
28,151,308.353244
28,152,308.353244
28,153,308.353244
28,154,308.353244
28,155,308.353244
28,156,308.353244
28,157,308.353244
28,158,308.353244
28,159,308.353244
28,160,308.353244
28,161,308.353244
28,162,308.353244
28,163,308.353244
28,164,308.353244
28,165,308.353244
28,166,308.353244
28,167,308.353244
28,168,308.353244
28,169,308.353244
28,170,308.353244
28,171,308.353244
28,172,308.353244
28,173,344.219724
28,174,356.088227
28,175,356.088227
28,176,356.088227
28,177,356.088227
28,178,356.088227
28,179,356.088227
28,180,356.088227
28,181,356.088227
28,182,356.088227
28,183,370.654058
28,184,370.654058
28,185,370.654058
28,186,370.654058
28,187,370.654058
28,188,370.654058
28,189,370.654058
28,190,370.654058
28,191,370.654058
28,192,370.654058
28,193,370.654058
28,194,370.654058
28,195,408.267232
28,196,408.267232
28,197,408.267232
28,198,408.267232
28,199,408.267232
28,200,408.267232
28,201,408.267232
28,202,408.267232
28,203,408.267232
28,204,408.267232
28,205,408.267232
28,206,408.267232
28,207,408.267232
28,208,408.267232
28,209,408.267232
28,210,408.267232
28,211,408.267232
28,212,408.267232
28,213,408.267232
28,214,408.267232
28,215,408.267232
28,216,408.267232
28,217,408.267232
28,218,408.267232
28,219,408.267232
28,220,408.267232
28,221,408.267232
28,222,408.267232
28,223,408.267232
28,224,408.267232
28,225,408.267232
28,226,408.267232
28,227,408.267232
28,228,408.267232
28,229,408.267232
28,230,408.267232
28,231,408.267232
28,232,408.267232
28,233,408.267232
28,234,408.267232
28,235,408.267232
28,236,408.267232
28,237,408.267232
28,238,408.267232
28,239,408.267232
28,240,408.267232
28,241,408.267232
28,242,408.267232
28,243,408.267232
28,244,408.267232
28,245,408.267232
28,246,408.267232
28,247,408.267232
28,248,408.267232
28,249,408.267232
28,250,408.267232
28,251,408.267232
28,252,408.267232
28,253,408.267232
28,254,408.267232
28,255,408.267232
28,256,408.267232
28,257,408.267232
28,258,408.267232
28,259,408.267232
28,260,408.267232
28,261,408.267232
28,262,408.267232
28,263,408.267232
28,264,408.267232
28,265,408.267232
28,266,408.267232
28,267,408.267232
28,268,408.267232
28,269,408.267232
28,270,408.267232
28,271,408.267232
28,272,408.267232
28,273,408.267232
28,274,408.267232
28,275,408.267232
28,276,408.267232
28,277,408.267232
28,278,408.267232
28,279,408.267232
28,280,408.267232
28,281,408.267232
28,282,408.267232
28,283,408.267232
28,284,408.267232
28,285,408.267232
28,286,408.267232
28,287,408.267232
28,288,408.267232
28,289,408.267232
28,290,408.267232
28,291,408.267232
28,292,408.267232
28,293,408.267232
28,294,408.267232
28,295,408.267232
28,296,408.267232
28,297,408.267232
28,298,408.267232
28,299,408.267232
28,300,408.267232
28,301,408.267232
28,302,408.267232
28,303,408.267232
28,304,408.267232
28,305,408.267232
28,306,408.267232
28,307,408.267232
28,308,408.267232
28,309,408.267232
28,310,408.267232
28,311,408.267232
28,312,408.267232
28,313,408.267232
28,314,408.267232
28,315,408.267232
28,316,408.267232
28,317,408.267232
28,318,408.267232
28,319,408.267232
28,320,408.267232
28,321,408.267232
28,322,408.267232
28,323,408.267232
28,324,408.267232
28,325,408.267232
28,326,408.267232
28,327,408.267232
28,328,408.267232
28,329,408.267232
28,330,408.267232
28,331,408.267232
28,332,408.267232
28,333,408.267232
28,334,408.267232
28,335,408.267232
28,336,408.267232
28,337,408.267232
28,338,408.267232
28,339,408.267232
28,340,408.267232
28,341,408.267232
28,342,408.267232
28,343,408.267232
28,344,408.267232
28,345,408.267232
28,346,408.267232
28,347,408.267232
28,348,408.267232
28,349,408.267232
28,350,408.267232
28,351,408.267232
28,352,408.267232
28,353,408.267232
28,354,408.267232
28,355,408.267232
28,356,408.267232
28,357,408.267232
28,358,408.267232
28,359,408.267232
28,360,408.267232
28,361,408.267232
28,362,408.267232
28,363,408.267232
28,364,408.267232
28,365,408.267232
28,366,408.267232
28,367,408.267232
28,368,408.267232
28,369,408.267232
28,370,408.267232
28,371,408.267232
28,372,408.267232
28,373,408.267232
28,374,408.267232
28,375,408.267232
28,376,408.267232
28,377,408.267232
28,378,408.267232
28,379,408.267232
28,380,408.267232
28,381,408.267232
28,382,408.267232
28,383,408.267232
28,384,408.267232
28,385,408.267232
28,386,408.267232
28,387,408.267232
28,388,408.267232
28,389,408.267232
28,390,408.267232
28,391,408.267232
28,392,408.267232
28,393,408.267232
28,394,408.267232
28,395,408.267232
28,396,408.267232
28,397,408.267232
28,398,408.267232
28,399,408.267232
28,400,408.267232
28,401,408.267232
28,402,408.267232
28,403,408.267232
28,404,408.267232
28,405,408.267232
28,406,408.267232
28,407,408.267232
28,408,408.267232
28,409,408.267232
28,410,408.267232
28,411,408.267232
28,412,408.267232
28,413,408.267232
28,414,408.267232
28,415,408.267232
28,416,408.267232
28,417,408.267232
28,418,408.267232
28,419,408.267232
28,420,408.267232
28,421,408.267232
28,422,408.267232
28,423,408.267232
28,424,408.267232
28,425,408.267232
28,426,408.267232
28,427,408.267232
28,428,408.267232
28,429,408.267232
28,430,408.267232
28,431,408.267232
28,432,408.267232
28,433,408.267232
28,434,408.267232
28,435,408.267232
28,436,408.267232
28,437,408.267232
28,438,408.267232
28,439,408.267232
28,440,408.267232
28,441,408.267232
28,442,408.267232
28,443,408.267232
28,444,408.267232
28,445,408.267232
28,446,408.267232
28,447,408.267232
28,448,408.267232
28,449,408.267232
28,450,408.267232
28,451,408.267232
28,452,408.267232
28,453,408.267232
28,454,408.267232
28,455,408.267232
28,456,408.267232
28,457,408.267232
28,458,408.267232
28,459,408.267232
28,460,408.267232
28,461,408.267232
28,462,408.267232
28,463,408.267232
28,464,408.267232
28,465,408.267232
28,466,408.267232
28,467,408.267232
28,468,408.267232
28,469,408.267232
28,470,408.267232
28,471,408.267232
28,472,408.267232
28,473,408.267232
28,474,408.267232
28,475,408.267232
28,476,408.267232
28,477,408.267232
28,478,408.267232
28,479,408.267232
28,480,408.267232
28,481,408.267232
28,482,408.267232
28,483,408.267232
28,484,408.267232
28,485,408.267232
28,486,408.267232
28,487,408.267232
28,488,408.267232
28,489,408.267232
28,490,408.267232
28,491,408.267232
28,492,408.267232
28,493,408.267232
28,494,408.267232
28,495,408.267232
28,496,408.267232
28,497,408.267232
28,498,408.267232
28,499,408.267232
28,500,408.267232
28,501,408.267232
28,502,408.267232
28,503,408.267232
28,504,408.267232
28,505,408.267232
28,506,408.267232
28,507,408.267232
28,508,408.267232
28,509,408.267232
28,510,408.267232
28,511,408.267232
28,512,408.267232
28,513,408.267232
28,514,408.267232
28,515,408.267232
28,516,408.267232
28,517,408.267232
28,518,408.267232
28,519,408.267232
28,520,408.267232
28,521,408.267232
28,522,408.267232
28,523,408.267232
28,524,408.267232
28,525,408.267232
28,526,408.267232
28,527,408.267232
28,528,408.267232
28,529,408.267232
28,530,408.267232
28,531,408.267232
28,532,408.267232
28,533,408.267232
28,534,408.267232
28,535,408.267232
28,536,408.267232
28,537,408.267232
28,538,408.267232
28,539,408.267232
28,540,408.267232
28,541,408.267232
28,542,408.267232
28,543,408.267232
28,544,408.267232
28,545,408.267232
28,546,408.267232
28,547,408.267232
28,548,408.267232
28,549,408.267232
28,550,408.267232
28,551,408.267232
28,552,408.267232
28,553,408.267232
28,554,408.267232
28,555,408.267232
28,556,408.267232
28,557,408.267232
28,558,408.267232
28,559,408.267232
28,560,408.267232
28,561,408.267232
28,562,408.267232
28,563,408.267232
28,564,408.267232
28,565,408.267232
28,566,408.267232
28,567,408.267232
28,568,408.267232
28,569,408.267232
28,570,408.267232
28,571,408.267232
28,572,408.267232
28,573,408.267232
28,574,408.267232
28,575,408.267232
28,576,408.267232
28,577,408.267232
28,578,408.267232
28,579,408.267232
28,580,408.267232
28,581,408.267232
28,582,408.267232
28,583,408.267232
28,584,408.267232
28,585,408.267232
28,586,408.267232
28,587,408.267232
28,588,408.267232
28,589,408.267232
28,590,408.267232
28,591,408.267232
28,592,408.267232
28,593,408.267232
28,594,408.267232
28,595,408.267232
28,596,408.267232
28,597,408.267232
28,598,408.267232
28,599,408.267232
28,600,408.267232
28,601,408.267232
28,602,408.267232
28,603,408.267232
28,604,408.267232
28,605,408.267232
28,606,408.267232
28,607,408.267232
28,608,408.267232
28,609,408.267232
28,610,408.267232
28,611,408.267232
28,612,408.267232
28,613,408.267232
28,614,408.267232
28,615,408.267232
28,616,408.267232
28,617,408.267232
28,618,408.267232
28,619,408.267232
28,620,408.267232
28,621,408.267232
28,622,408.267232
28,623,408.267232
28,624,408.267232
28,625,408.267232
28,626,408.267232
28,627,408.267232
28,628,408.267232
28,629,408.267232
28,630,408.267232
28,631,408.267232
28,632,408.267232
28,633,408.267232
28,634,408.267232
28,635,408.267232
28,636,408.267232
28,637,408.267232
28,638,408.267232
28,639,408.267232
28,640,408.267232
28,641,408.267232
28,642,408.267232
28,643,408.267232
28,644,408.267232
28,645,408.267232
28,646,408.267232
28,647,408.267232
28,648,408.267232
28,649,408.267232
28,650,408.267232
28,651,408.267232
28,652,408.267232
28,653,408.267232
28,654,408.267232
28,655,408.267232
28,656,408.267232
28,657,408.267232
28,658,408.267232
28,659,408.267232
28,660,408.267232
28,661,408.267232
28,662,408.267232
28,663,426.314928
28,664,426.314928
28,665,426.314928
28,666,426.314928
28,667,426.314928
28,668,426.314928
28,669,479.866409
28,670,479.866409
28,671,479.866409
28,672,479.866409
28,673,479.866409
28,674,479.866409
28,675,479.866409
28,676,479.866409
28,677,479.866409
28,678,479.866409
28,679,479.866409
28,680,479.866409
28,681,479.866409
28,682,497.999217
28,683,497.999217
28,684,497.999217
28,685,497.999217
28,686,497.999217
28,687,497.999217
28,688,497.999217
28,689,497.999217
28,690,497.999217
28,691,497.999217
28,692,497.999217
28,693,497.999217
28,694,497.999217
28,695,497.999217
28,696,497.999217
28,697,497.999217
28,698,497.999217
28,699,497.999217
28,700,497.999217
28,701,497.999217
28,702,497.999217
28,703,497.999217
28,704,497.999217
28,705,497.999217
28,706,497.999217
28,707,497.999217
28,708,497.999217
28,709,497.999217
28,710,497.999217
28,711,497.999217
28,712,497.999217
28,713,497.999217
28,714,497.999217
28,715,497.999217
28,716,497.999217
28,717,497.999217
28,718,497.999217
28,719,497.999217
28,720,497.999217
28,721,497.999217
28,722,497.999217
28,723,498.594026
28,724,498.594026
28,725,498.594026
28,726,498.594026
28,727,498.594026
28,728,499.936500
28,729,499.936500
28,730,499.936500
28,731,499.936500
28,732,499.936500
28,733,499.936500
28,734,499.936500
28,735,499.936500
28,736,499.936500
28,737,499.936500
28,738,499.936500
28,739,499.936500
28,740,499.936500
28,741,499.936500
28,742,499.936500
28,743,499.936500
28,744,499.936500
28,745,499.936500
28,746,499.936500
28,747,499.936500
28,748,499.936500
28,749,499.936500
28,750,499.936500
28,751,499.936500
28,752,499.936500
28,753,499.936500
28,754,499.936500
28,755,499.936500
28,756,499.936500
28,757,499.936500
28,758,499.936500
28,759,499.936500
28,760,499.936500
28,761,499.936500
28,762,499.936500
28,763,499.936500
28,764,499.936500
28,765,499.936500
28,766,499.936500
28,767,499.936500
28,768,539.891451
28,769,539.891451
28,770,539.891451
28,771,539.891451
28,772,539.891451
28,773,539.891451
28,774,539.891451
28,775,539.891451
28,776,539.891451
28,777,539.891451
28,778,539.891451
28,779,539.891451
28,780,539.891451
28,781,539.891451
28,782,539.891451
28,783,539.891451
28,784,539.891451
28,785,539.891451
28,786,539.891451
28,787,539.891451
28,788,539.891451
28,789,539.891451
28,790,539.891451
28,791,539.891451
28,792,539.891451
28,793,539.891451
28,794,539.891451
28,795,539.891451
28,796,539.891451
28,797,539.891451
28,798,539.891451
28,799,539.891451
28,800,539.891451
28,801,539.891451
28,802,539.891451
28,803,539.891451
28,804,539.891451
28,805,539.891451
28,806,539.891451
28,807,539.891451
28,808,539.891451
28,809,539.891451
28,810,539.891451
28,811,539.891451
28,812,539.891451
28,813,539.891451
28,814,539.891451
28,815,539.891451
28,816,539.891451
28,817,539.891451
28,818,539.891451
28,819,539.891451
28,820,539.891451
28,821,539.891451
28,822,539.891451
28,823,539.891451
28,824,539.891451
28,825,539.891451
28,826,539.891451
28,827,539.891451
28,828,539.891451
28,829,539.891451
28,830,539.891451
28,831,539.891451
28,832,539.891451
28,833,539.891451
28,834,539.891451
28,835,539.891451
28,836,539.891451
28,837,539.891451
28,838,539.891451
28,839,539.891451
28,840,539.891451
28,841,539.891451
28,842,539.891451
28,843,539.891451
28,844,539.891451
28,845,539.891451
28,846,539.891451
28,847,539.891451
28,848,539.891451
28,849,539.891451
28,850,539.891451
28,851,539.891451
28,852,539.891451
28,853,539.891451
28,854,539.891451
28,855,539.891451
28,856,539.891451
28,857,539.891451
28,858,539.891451
28,859,539.891451
28,860,539.891451
28,861,539.891451
28,862,539.891451
28,863,539.891451
28,864,539.891451
28,865,539.891451
28,866,539.891451
28,867,539.891451
28,868,539.891451
28,869,539.891451
28,870,539.891451
28,871,539.891451
28,872,539.891451
28,873,539.891451
28,874,539.891451
28,875,539.891451
28,876,539.891451
28,877,539.891451
28,878,539.891451
28,879,539.891451
28,880,539.891451
28,881,539.891451
28,882,539.891451
28,883,539.891451
28,884,539.891451
28,885,539.891451
28,886,539.891451
28,887,539.891451
28,888,539.891451
28,889,539.891451
28,890,539.891451
28,891,539.891451
28,892,539.891451
28,893,539.891451
28,894,539.891451
28,895,539.891451
28,896,539.891451
28,897,539.891451
28,898,539.891451
28,899,539.891451
28,900,539.891451
28,901,539.891451
28,902,539.891451
28,903,539.891451
28,904,539.891451
28,905,539.891451
28,906,539.891451
28,907,539.891451
28,908,539.891451
28,909,539.891451
28,910,539.891451
28,911,539.891451
28,912,539.891451
28,913,539.891451
28,914,539.891451
28,915,539.891451
28,916,539.891451
28,917,539.891451
28,918,539.891451
28,919,539.891451
28,920,539.891451
28,921,539.891451
28,922,539.891451
28,923,539.891451
28,924,539.891451
28,925,539.891451
28,926,539.891451
28,927,539.891451
28,928,539.891451
28,929,539.891451
28,930,539.891451
28,931,539.891451
28,932,539.891451
28,933,539.891451
28,934,539.891451
28,935,539.891451
28,936,539.891451
28,937,539.891451
28,938,539.891451
28,939,539.891451
28,940,539.891451
28,941,539.891451
28,942,539.891451
28,943,539.891451
28,944,539.891451
28,945,539.891451
28,946,539.891451
28,947,539.891451
28,948,539.891451
28,949,539.891451
28,950,539.891451
28,951,539.891451
28,952,539.891451
28,953,539.891451
28,954,539.891451
28,955,539.891451
28,956,539.891451
28,957,539.891451
28,958,539.891451
28,959,539.891451
28,960,539.891451
28,961,539.891451
28,962,539.891451
28,963,539.891451
28,964,539.891451
28,965,539.891451
28,966,539.891451
28,967,539.891451
28,968,539.891451
28,969,539.891451
28,970,539.891451
28,971,539.891451
28,972,539.891451
28,973,539.891451
28,974,539.891451
28,975,539.891451
28,976,539.891451
28,977,539.891451
28,978,539.891451
28,979,539.891451
28,980,539.891451
28,981,539.891451
28,982,539.891451
28,983,539.891451
28,984,539.891451
28,985,539.891451
28,986,539.891451
28,987,539.891451
28,988,539.891451
28,989,539.891451
28,990,539.891451
28,991,539.891451
28,992,539.891451
28,993,539.891451
28,994,539.891451
28,995,539.891451
28,996,539.891451
28,997,539.891451
28,998,539.891451
28,999,539.891451
29,0,109.569605
29,1,109.569605
29,2,109.569605
29,3,109.569605
29,4,117.292068
29,5,117.292068
29,6,117.292068
29,7,124.060782
29,8,124.060782
29,9,124.060782
29,10,128.365981
29,11,128.365981
29,12,128.365981
29,13,128.365981
29,14,128.365981
29,15,128.365981
29,16,128.365981
29,17,128.365981
29,18,128.365981
29,19,128.365981
29,20,128.365981
29,21,128.365981
29,22,128.365981
29,23,128.365981
29,24,128.365981
29,25,128.365981
29,26,128.365981
29,27,128.365981
29,28,128.365981
29,29,128.365981
29,30,128.365981
29,31,128.365981
29,32,128.365981
29,33,128.365981
29,34,128.365981
29,35,128.365981
29,36,128.365981
29,37,128.365981
29,38,128.365981
29,39,128.365981
29,40,128.365981
29,41,128.365981
29,42,128.365981
29,43,128.365981
29,44,128.365981
29,45,128.365981
29,46,133.778592
29,47,133.778592
29,48,141.020123
29,49,141.020123
29,50,141.020123
29,51,173.512297
29,52,173.512297
29,53,173.512297
29,54,173.512297
29,55,173.512297
29,56,173.512297
29,57,173.512297
29,58,173.512297
29,59,173.512297
29,60,173.512297
29,61,173.512297
29,62,173.512297
29,63,173.512297
29,64,173.512297
29,65,173.512297
29,66,173.512297
29,67,173.512297
29,68,173.512297
29,69,173.512297
29,70,173.512297
29,71,173.512297
29,72,173.512297
29,73,173.512297
29,74,173.512297
29,75,173.512297
29,76,173.512297
29,77,173.512297
29,78,173.512297
29,79,173.512297
29,80,173.512297
29,81,173.512297
29,82,173.512297
29,83,173.512297
29,84,173.512297
29,85,173.512297
29,86,173.512297
29,87,173.512297
29,88,173.512297
29,89,173.512297
29,90,173.512297
29,91,173.512297
29,92,173.512297
29,93,173.512297
29,94,173.512297
29,95,173.512297
29,96,173.512297
29,97,173.512297
29,98,173.512297
29,99,173.512297
29,100,173.512297
29,101,173.512297
29,102,173.512297
29,103,173.512297
29,104,173.512297
29,105,173.512297
29,106,173.512297
29,107,173.512297
29,108,173.512297
29,109,173.512297
29,110,173.512297
29,111,173.512297
29,112,173.512297
29,113,173.512297
29,114,173.512297
29,115,173.512297
29,116,173.512297
29,117,173.512297
29,118,173.512297
29,119,173.512297
29,120,183.988035
29,121,215.726193
29,122,215.726193
29,123,215.726193
29,124,215.726193
29,125,215.726193
29,126,215.726193
29,127,215.726193
29,128,215.726193
29,129,215.726193
29,130,215.726193
29,131,218.037024
29,132,240.480212
29,133,240.480212
29,134,240.480212
29,135,240.480212
29,136,240.480212
29,137,240.480212
29,138,240.480212
29,139,240.480212
29,140,240.480212
29,141,240.480212
29,142,240.480212
29,143,240.480212
29,144,253.286831
29,145,253.286831
29,146,253.286831
29,147,253.286831
29,148,253.286831
29,149,253.286831
29,150,265.230864
29,151,265.230864
29,152,265.230864
29,153,265.230864
29,154,265.230864
29,155,265.801514
29,156,265.801514
29,157,266.497909
29,158,266.497909
29,159,266.497909
29,160,266.497909
29,161,266.497909
29,162,266.497909
29,163,266.497909
29,164,266.497909
29,165,266.497909
29,166,266.497909
29,167,287.206490
29,168,287.206490
29,169,287.206490
29,170,287.206490
29,171,287.206490
29,172,287.206490
29,173,287.206490
29,174,287.206490
29,175,287.206490
29,176,291.237749
29,177,291.237749
29,178,291.237749
29,179,291.237749
29,180,291.237749
29,181,291.237749
29,182,291.237749
29,183,291.237749
29,184,291.237749
29,185,291.237749
29,186,291.237749
29,187,291.237749
29,188,291.237749
29,189,291.237749
29,190,291.237749
29,191,310.826107
29,192,310.826107
29,193,310.826107
29,194,310.826107
29,195,310.826107
29,196,310.826107
29,197,310.826107
29,198,310.826107
29,199,310.826107
29,200,310.826107
29,201,310.826107
29,202,310.826107
29,203,310.826107
29,204,310.826107
29,205,310.826107
29,206,310.826107
29,207,310.826107
29,208,310.826107
29,209,310.826107
29,210,310.826107
29,211,310.826107
29,212,310.826107
29,213,310.826107
29,214,310.826107
29,215,310.826107
29,216,310.826107
29,217,310.826107
29,218,310.826107
29,219,310.826107
29,220,310.826107
29,221,310.826107
29,222,310.826107
29,223,310.826107
29,224,310.826107
29,225,310.826107
29,226,310.826107
29,227,310.826107
29,228,310.826107
29,229,310.826107
29,230,310.826107
29,231,310.826107
29,232,310.826107
29,233,310.826107
29,234,310.826107
29,235,310.826107
29,236,310.826107
29,237,310.826107
29,238,310.826107
29,239,310.826107
29,240,310.826107
29,241,310.826107
29,242,310.826107
29,243,310.826107
29,244,310.826107
29,245,310.826107
29,246,310.826107
29,247,310.826107
29,248,310.826107
29,249,310.826107
29,250,310.826107
29,251,310.826107
29,252,310.826107
29,253,310.826107
29,254,310.826107
29,255,310.826107
29,256,310.826107
29,257,310.826107
29,258,310.826107
29,259,310.826107
29,260,310.826107
29,261,310.826107
29,262,310.826107
29,263,310.826107
29,264,310.826107
29,265,310.826107
29,266,310.826107
29,267,310.826107
29,268,310.826107
29,269,310.826107
29,270,310.826107
29,271,310.826107
29,272,310.826107
29,273,310.826107
29,274,310.826107
29,275,310.826107
29,276,310.826107
29,277,310.826107
29,278,310.826107
29,279,310.826107
29,280,310.826107
29,281,310.826107
29,282,310.826107
29,283,310.826107
29,284,310.826107
29,285,310.826107
29,286,310.826107
29,287,310.826107
29,288,310.826107
29,289,310.826107
29,290,310.826107
29,291,310.826107
29,292,310.826107
29,293,310.826107
29,294,310.826107
29,295,310.826107
29,296,310.826107
29,297,310.826107
29,298,310.826107
29,299,310.826107
29,300,310.826107
29,301,310.826107
29,302,310.826107
29,303,310.826107
29,304,310.826107
29,305,310.826107
29,306,310.826107
29,307,310.826107
29,308,310.826107
29,309,310.826107
29,310,310.826107
29,311,310.826107
29,312,310.826107
29,313,310.826107
29,314,310.826107
29,315,310.826107
29,316,310.826107
29,317,310.826107
29,318,310.826107
29,319,310.826107
29,320,310.826107
29,321,310.826107
29,322,310.826107
29,323,310.826107
29,324,310.826107
29,325,310.826107
29,326,310.826107
29,327,310.826107
29,328,310.826107
29,329,310.826107
29,330,310.826107
29,331,310.826107
29,332,310.826107
29,333,310.826107
29,334,316.835033
29,335,316.835033
29,336,316.835033
29,337,316.835033
29,338,316.835033
29,339,316.835033
29,340,316.835033
29,341,316.835033
29,342,316.835033
29,343,316.835033
29,344,316.835033
29,345,317.333784
29,346,317.333784
29,347,317.333784
29,348,317.333784
29,349,317.333784
29,350,317.333784
29,351,317.333784
29,352,317.333784
29,353,317.333784
29,354,317.333784
29,355,317.333784
29,356,317.333784
29,357,317.333784
29,358,317.333784
29,359,317.333784
29,360,317.333784
29,361,317.333784
29,362,317.333784
29,363,317.333784
29,364,317.333784
29,365,317.333784
29,366,317.333784
29,367,317.333784
29,368,317.333784
29,369,317.333784
29,370,317.333784
29,371,317.333784
29,372,317.333784
29,373,317.333784
29,374,317.333784
29,375,317.333784
29,376,317.333784
29,377,340.506358
29,378,340.506358
29,379,340.506358
29,380,340.506358
29,381,340.506358
29,382,340.506358
29,383,340.506358
29,384,340.506358
29,385,340.506358
29,386,340.506358
29,387,340.506358
29,388,351.391341
29,389,351.391341
29,390,351.391341
29,391,351.391341
29,392,351.391341
29,393,351.391341
29,394,351.391341
29,395,351.391341
29,396,351.391341
29,397,351.391341
29,398,351.391341
29,399,351.391341
29,400,351.391341
29,401,351.391341
29,402,351.391341
29,403,351.391341
29,404,351.391341
29,405,351.391341
29,406,351.391341
29,407,351.391341
29,408,356.449940
29,409,356.449940
29,410,366.908399
29,411,366.908399
29,412,378.479695
29,413,378.479695
29,414,378.479695
29,415,378.479695
29,416,378.479695
29,417,378.479695
29,418,378.479695
29,419,378.479695
29,420,378.479695
29,421,378.479695
29,422,378.479695
29,423,378.479695
29,424,378.479695
29,425,378.479695
29,426,378.479695
29,427,378.479695
29,428,378.479695
29,429,378.479695
29,430,378.479695
29,431,378.479695
29,432,378.479695
29,433,378.479695
29,434,378.479695
29,435,378.479695
29,436,378.479695
29,437,378.479695
29,438,378.479695
29,439,378.479695
29,440,378.479695
29,441,378.479695
29,442,378.479695
29,443,389.114108
29,444,389.114108
29,445,400.022429
29,446,400.022429
29,447,400.022429
29,448,400.022429
29,449,400.022429
29,450,400.022429
29,451,408.785717
29,452,408.785717
29,453,408.785717
29,454,408.785717
29,455,408.785717
29,456,408.785717
29,457,408.785717
29,458,408.785717
29,459,408.785717
29,460,408.785717
29,461,408.785717
29,462,408.785717
29,463,408.785717
29,464,408.785717
29,465,408.785717
29,466,408.785717
29,467,408.785717
29,468,408.785717
29,469,408.785717
29,470,408.785717
29,471,408.785717
29,472,408.785717
29,473,408.785717
29,474,408.785717
29,475,408.785717
29,476,408.785717
29,477,408.785717
29,478,408.785717
29,479,408.785717
29,480,408.785717
29,481,408.785717
29,482,408.785717
29,483,408.785717
29,484,408.785717
29,485,408.785717
29,486,408.785717
29,487,408.785717
29,488,408.785717
29,489,466.384509
29,490,466.384509
29,491,466.384509
29,492,466.384509
29,493,466.384509
29,494,466.384509
29,495,466.384509
29,496,466.384509
29,497,466.384509
29,498,466.384509
29,499,466.384509
29,500,466.384509
29,501,466.384509
29,502,466.384509
29,503,466.384509
29,504,466.384509
29,505,466.384509
29,506,466.384509
29,507,466.384509
29,508,466.384509
29,509,466.384509
29,510,466.384509
29,511,466.384509
29,512,466.384509
29,513,466.384509
29,514,466.384509
29,515,466.384509
29,516,466.384509
29,517,466.384509
29,518,466.384509
29,519,466.384509
29,520,466.384509
29,521,466.384509
29,522,466.384509
29,523,466.384509
29,524,466.384509
29,525,466.384509
29,526,466.384509
29,527,466.384509
29,528,466.384509
29,529,466.384509
29,530,466.384509
29,531,466.384509
29,532,466.384509
29,533,466.384509
29,534,466.384509
29,535,466.384509
29,536,466.384509
29,537,466.384509
29,538,466.384509
29,539,466.384509
29,540,466.384509
29,541,466.384509
29,542,466.384509
29,543,466.384509
29,544,466.384509
29,545,466.384509
29,546,466.384509
29,547,466.384509
29,548,466.384509
29,549,466.384509
29,550,466.384509
29,551,466.384509
29,552,466.384509
29,553,466.384509
29,554,466.384509
29,555,466.384509
29,556,466.384509
29,557,466.384509
29,558,466.384509
29,559,466.384509
29,560,466.384509
29,561,466.384509
29,562,466.384509
29,563,466.384509
29,564,466.384509
29,565,466.384509
29,566,466.384509
29,567,466.384509
29,568,466.384509
29,569,466.384509
29,570,466.384509
29,571,466.384509
29,572,466.384509
29,573,466.384509
29,574,466.384509
29,575,466.384509
29,576,466.384509
29,577,466.384509
29,578,466.384509
29,579,466.384509
29,580,466.384509
29,581,466.384509
29,582,466.384509
29,583,466.384509
29,584,466.384509
29,585,466.384509
29,586,466.384509
29,587,466.384509
29,588,466.384509
29,589,466.384509
29,590,466.384509
29,591,466.384509
29,592,466.384509
29,593,466.384509
29,594,466.384509
29,595,466.384509
29,596,466.384509
29,597,466.384509
29,598,466.384509
29,599,466.384509
29,600,466.384509
29,601,466.384509
29,602,466.384509
29,603,466.384509
29,604,466.384509
29,605,466.384509
29,606,466.384509
29,607,466.384509
29,608,466.384509
29,609,466.384509
29,610,466.384509
29,611,466.384509
29,612,466.384509
29,613,466.384509
29,614,466.384509
29,615,466.384509
29,616,466.384509
29,617,466.384509
29,618,466.384509
29,619,466.384509
29,620,466.384509
29,621,466.384509
29,622,466.384509
29,623,466.384509
29,624,466.384509
29,625,466.384509
29,626,466.384509
29,627,466.384509
29,628,466.384509
29,629,466.384509
29,630,466.384509
29,631,466.384509
29,632,466.384509
29,633,466.384509
29,634,466.384509
29,635,466.384509
29,636,466.384509
29,637,466.384509
29,638,466.384509
29,639,466.384509
29,640,466.384509
29,641,466.384509
29,642,466.384509
29,643,466.384509
29,644,466.384509
29,645,466.384509
29,646,466.384509
29,647,466.384509
29,648,466.384509
29,649,466.384509
29,650,466.384509
29,651,466.384509
29,652,466.384509
29,653,466.384509
29,654,466.384509
29,655,466.384509
29,656,466.384509
29,657,466.384509
29,658,466.384509
29,659,466.384509
29,660,466.384509
29,661,466.384509
29,662,466.384509
29,663,466.384509
29,664,466.384509
29,665,466.384509
29,666,466.384509
29,667,466.384509
29,668,466.384509
29,669,466.384509
29,670,466.384509
29,671,466.384509
29,672,466.384509
29,673,466.384509
29,674,466.384509
29,675,466.384509
29,676,466.384509
29,677,466.384509
29,678,466.384509
29,679,466.384509
29,680,466.384509
29,681,466.384509
29,682,466.384509
29,683,466.384509
29,684,466.384509
29,685,466.384509
29,686,466.384509
29,687,466.384509
29,688,466.384509
29,689,466.384509
29,690,466.384509
29,691,466.384509
29,692,466.384509
29,693,466.384509
29,694,466.384509
29,695,466.384509
29,696,466.384509
29,697,466.384509
29,698,466.384509
29,699,466.384509
29,700,466.384509
29,701,466.384509
29,702,466.384509
29,703,466.384509
29,704,466.384509
29,705,466.384509
29,706,466.384509
29,707,466.384509
29,708,466.384509
29,709,466.384509
29,710,466.384509
29,711,466.384509
29,712,466.384509
29,713,466.384509
29,714,466.384509
29,715,466.384509
29,716,466.384509
29,717,466.384509
29,718,466.384509
29,719,466.384509
29,720,466.384509
29,721,466.384509
29,722,466.384509
29,723,466.384509
29,724,466.384509
29,725,466.384509
29,726,466.384509
29,727,466.384509
29,728,466.384509
29,729,466.384509
29,730,466.384509
29,731,466.384509
29,732,466.384509
29,733,466.384509
29,734,466.384509
29,735,466.384509
29,736,466.384509
29,737,466.384509
29,738,466.384509
29,739,466.384509
29,740,466.384509
29,741,466.384509
29,742,466.384509
29,743,466.384509
29,744,466.384509
29,745,466.384509
29,746,466.384509
29,747,466.384509
29,748,466.384509
29,749,466.384509
29,750,466.384509
29,751,466.384509
29,752,466.384509
29,753,466.384509
29,754,466.384509
29,755,466.384509
29,756,466.384509
29,757,466.384509
29,758,466.384509
29,759,466.384509
29,760,466.384509
29,761,466.384509
29,762,466.384509
29,763,466.384509
29,764,466.384509
29,765,466.384509
29,766,466.384509
29,767,466.384509
29,768,466.384509
29,769,466.384509
29,770,466.384509
29,771,466.384509
29,772,466.384509
29,773,466.384509
29,774,466.384509
29,775,466.384509
29,776,466.384509
29,777,466.384509
29,778,466.384509
29,779,466.384509
29,780,466.384509
29,781,466.384509
29,782,466.384509
29,783,466.384509
29,784,466.384509
29,785,466.384509
29,786,466.384509
29,787,466.384509
29,788,466.384509
29,789,466.384509
29,790,466.384509
29,791,466.384509
29,792,466.384509
29,793,466.384509
29,794,466.384509
29,795,466.384509
29,796,466.384509
29,797,466.384509
29,798,466.384509
29,799,466.384509
29,800,466.384509
29,801,466.384509
29,802,466.384509
29,803,466.384509
29,804,466.384509
29,805,466.384509
29,806,466.384509
29,807,466.384509
29,808,466.384509
29,809,466.384509
29,810,466.384509
29,811,466.384509
29,812,466.384509
29,813,466.384509
29,814,466.384509
29,815,466.384509
29,816,466.384509
29,817,466.384509
29,818,466.384509
29,819,466.384509
29,820,466.384509
29,821,466.384509
29,822,466.384509
29,823,466.384509
29,824,466.384509
29,825,466.384509
29,826,466.384509
29,827,466.384509
29,828,466.384509
29,829,466.384509
29,830,466.384509
29,831,466.384509
29,832,466.384509
29,833,466.384509
29,834,466.384509
29,835,466.384509
29,836,466.384509
29,837,466.384509
29,838,466.384509
29,839,466.384509
29,840,466.384509
29,841,466.384509
29,842,466.384509
29,843,466.384509
29,844,466.384509
29,845,466.384509
29,846,466.384509
29,847,468.143668
29,848,468.143668
29,849,468.143668
29,850,468.143668
29,851,468.143668
29,852,468.143668
29,853,468.143668
29,854,468.143668
29,855,468.143668
29,856,468.143668
29,857,518.101284
29,858,518.101284
29,859,518.101284
29,860,518.101284
29,861,518.101284
29,862,518.101284
29,863,518.101284
29,864,518.101284
29,865,518.101284
29,866,518.101284
29,867,518.101284
29,868,518.101284
29,869,518.101284
29,870,518.101284
29,871,518.101284
29,872,518.101284
29,873,518.101284
29,874,518.101284
29,875,518.101284
29,876,518.101284
29,877,518.101284
29,878,518.101284
29,879,518.101284
29,880,518.101284
29,881,521.130290
29,882,521.130290
29,883,521.130290
29,884,521.130290
29,885,521.130290
29,886,521.130290
29,887,521.130290
29,888,521.130290
29,889,521.130290
29,890,521.130290
29,891,521.130290
29,892,521.130290
29,893,521.130290
29,894,521.130290
29,895,521.130290
29,896,521.130290
29,897,521.130290
29,898,521.130290
29,899,521.130290
29,900,521.130290
29,901,521.130290
29,902,521.130290
29,903,521.130290
29,904,521.130290
29,905,521.130290
29,906,521.130290
29,907,521.130290
29,908,521.130290
29,909,521.130290
29,910,521.130290
29,911,521.130290
29,912,521.130290
29,913,521.130290
29,914,521.130290
29,915,521.130290
29,916,521.130290
29,917,521.130290
29,918,521.130290
29,919,521.130290
29,920,521.130290
29,921,521.130290
29,922,521.130290
29,923,521.130290
29,924,521.130290
29,925,521.130290
29,926,521.130290
29,927,521.130290
29,928,521.130290
29,929,521.130290
29,930,521.130290
29,931,521.130290
29,932,521.130290
29,933,521.130290
29,934,521.130290
29,935,521.130290
29,936,521.130290
29,937,521.130290
29,938,521.130290
29,939,521.130290
29,940,521.130290
29,941,521.130290
29,942,521.130290
29,943,521.130290
29,944,521.130290
29,945,521.130290
29,946,521.130290
29,947,521.130290
29,948,521.130290
29,949,521.130290
29,950,521.130290
29,951,521.130290
29,952,521.130290
29,953,521.130290
29,954,521.130290
29,955,521.130290
29,956,521.130290
29,957,521.130290
29,958,521.130290
29,959,521.130290
29,960,537.232749
29,961,537.232749
29,962,537.232749
29,963,537.232749
29,964,537.232749
29,965,537.232749
29,966,537.232749
29,967,537.232749
29,968,537.232749
29,969,537.232749
29,970,537.232749
29,971,537.232749
29,972,537.232749
29,973,537.232749
29,974,537.232749
29,975,537.232749
29,976,537.232749
29,977,537.232749
29,978,537.232749
29,979,537.232749
29,980,537.232749
29,981,537.232749
29,982,537.232749
29,983,537.232749
29,984,537.232749
29,985,537.232749
29,986,537.232749
29,987,537.232749
29,988,537.232749
29,989,537.232749
29,990,537.232749
29,991,537.232749
29,992,537.232749
29,993,537.232749
29,994,537.232749
29,995,537.232749
29,996,537.232749
29,997,537.232749
29,998,537.232749
29,999,537.232749
